{
  "learning_rate": 0.0008391407174139767,
  "weight_decay": 0.00010108606474819895,
  "batch_size": 16,
  "dropout_rate": 0.3361295973831194
}