{
  "learning_rate": 0.00012114906920943266,
  "weight_decay": 4.0005239092838925e-05,
  "batch_size": 64,
  "dropout_rate": 0.3594599948357411
}