model,train_data,overall_RMSE,overall_MAE,overall_R2,overall_n,low_RMSE,low_MAE,low_R2,low_n,high_RMSE,high_MAE,high_R2,high_n
RF,L,42.21291752821075,31.62731701312682,0.6492618125929703,5166,35.924414545629936,28.057646167928784,0.6689586868816508,4903,104.60534817162271,98.17521113482245,-11.369846451238404,263
RF,H,172.16302660427868,156.96146361541952,-4.834076136298431,5166,176.5997613273578,164.24773898989167,-6.999871703564719,4903,28.16323746587143,21.126451596266904,0.10335261929481665,263
RF,All,39.558944296334545,30.147665247476812,0.6919780251626688,5166,36.17752447100761,28.05218259977089,0.6642774683290698,4903,79.61919693862201,69.21287977866362,-6.166252656079029,263
