{
  "learning_rate": 0.0009621285417654083,
  "weight_decay": 4.3157494173971655e-05,
  "batch_size": 32,
  "dropout_rate": 0.37904392540513676
}