{
  "learning_rate": 0.0008891138545238924,
  "weight_decay": 0.0003152040461978806,
  "batch_size": 32,
  "dropout_rate": 0.34199999338301096
}