{
  "learning_rate": 0.0009551946771714858,
  "weight_decay": 0.0009459303248566866,
  "batch_size": 32,
  "dropout_rate": 0.39358067494518556
}