{
  "learning_rate": 0.0009364489305091467,
  "weight_decay": 1.1318639610919661e-06,
  "batch_size": 16,
  "dropout_rate": 0.3039144530075713
}