{
  "learning_rate": 0.0005025981190737183,
  "weight_decay": 0.0001965481700518225,
  "batch_size": 16,
  "dropout_rate": 0.38227151283396615
}