{
  "learning_rate": 0.0005452075596359409,
  "weight_decay": 8.914186475110494e-06,
  "batch_size": 16,
  "dropout_rate": 0.20557882441620542
}