{
  "learning_rate": 0.00020113618376852176,
  "weight_decay": 6.347787134889249e-06,
  "batch_size": 32,
  "dropout_rate": 0.20300110881263936
}