{
  "learning_rate": 0.0009302413108018121,
  "weight_decay": 1.2077660355363036e-06,
  "batch_size": 16,
  "dropout_rate": 0.20217804612158868
}