{
  "learning_rate": 0.0004408716160521325,
  "weight_decay": 5.152851369559039e-05,
  "batch_size": 16,
  "dropout_rate": 0.23141264074960805
}