{
  "learning_rate": 0.0009644414083868787,
  "weight_decay": 2.3172231219579366e-05,
  "batch_size": 16,
  "dropout_rate": 0.380701068695389
}