INDEX,CRC Index,SMILES,tmp/ºC,Processed tmp/ºC
0,0,COP(=S)(OC)Oc1ccc(Sc2ccc(OP(=S)(OC)OC)cc2)cc1,31.6(5),31.6
1,1,CC(C)C1=CC2=CCC3C(C)(C(=O)O)CCCC3(C)C2CC1,173.5,173.5
2,2,CC(C=CC1(O)C(C)=CC(=O)CC1(C)C)=CC(=O)O,160,160.0
3,3,COc1ccc(-c2cc(=O)c3c(O)cc(O)cc3o2)cc1,263,263.0
4,4,CCCC(=O)Nc1ccc(OCC(O)CNC(C)C)c(C(C)=O)c1,121,121.0
5,5,CC(=O)Nc1ccc(S(=O)(=O)c2ccc(NC(C)=O)cc2)cc1,290,290.0
6,6,c1cc2c3c(cccc3c1)CC2,93(2),93.0
7,7,C1=Cc2cccc3cccc1c23,89.4(3),89.4
8,8,O=C1C(=O)c2cccc3cccc1c23,259(9),259.0
9,9,CC(=O)CC(c1ccc([N+](=O)[O-])cc1)c1c(O)c2ccccc2oc1=O,198,198.0
10,10,COP(=O)(NC(C)=O)SC,92.0(5),92.0
11,12,CC1=CC(=O)NS(=O)(=O)O1,123.2,123.2
12,13,CC=O,-123.4(7),-123.4
13,14,CC=NNc1ccccc1,99.5,99.5
14,15,CC=NO,25(1),25.0
15,16,CC(N)=O,80.16(4),80.16
16,17,CC(=O)Nc1ccccc1,114.35(4),114.35
17,18,CC(=O)Nc1nnc(S(N)(=O)=O)s1,260.5,260.5
18,20,CC(=O)O,17(3),17.0
19,21,CC(=O)NNc1ccccc1,130.0,130.0
20,22,CC(=O)OC(C)=O,-73.4(8),-73.4
21,23,CC(=O)CC(=O)Nc1ccccc1,86,86.0
22,24,CC(=O)CC(=O)O,36.5,36.5
23,27,CC(=O)c1ccc(S(=O)(=O)NC(=O)NC2CCCCC2)cc1,188,188.0
24,28,CC(=O)NN,67,67.0
25,29,CC(=O)NO,90,90.0
26,30,CC(=O)c1cccc2ccccc12,34,34.0
27,31,CC(=O)c1ccc2ccccc2c1,52(1),52.0
28,32,CC(C)=O,-94.9(4),-94.9
29,33,CC(C)(O)C#N,-19,19.0
30,34,CC(C)=NNc1ccc([N+](=O)[O-])cc1[N+](=O)[O-],128,128.0
31,35,CC(C)=NN=C(C)C,-12.5,-12.5
32,36,CC(C)=NNC(N)=S,176,176.0
33,37,CC#N,-44(1),44.0
34,38,CC(=O)c1ccccc1,19.4(4),19.4
35,39,CC(=NN=C(C)c1ccccc1)c1ccccc1,120,120.0
36,41,CC(=O)NC(C)=O,79,79.0
37,42,CC(=O)NC(C)C(=O)O,125,125.0
38,43,CC(=O)Nc1ccc(S(=O)(=O)Cl)cc1,149,149.0
39,44,CC(=O)Nc1ccccc1C(=O)O,187.5,187.5
40,45,CC(=O)Nc1ccc(C(=O)O)cc1,256.5,256.5
41,46,CC(=O)NC(C=O)C(O)C(O)C(O)CO,205,205.0
42,47,CC(=O)N[C@@H]1C(O)O[C@H](CO)[C@@H](O)[C@@H]1O,128,128.0
43,48,CC(=O)Nc1ccc2c(c1)Cc1ccccc1-2,193,193.0
44,49,CC(=O)Nc1cccc2c1-c1ccccc1C2,200,200.0
45,50,CC(=O)NCCCCCC(=O)O,104.5,104.5
46,51,COc1ccc(C(C)=O)cc1,38.2(6),38.2
47,52,CC(=O)c1ccccc1C(=O)O,114.5,114.5
48,53,CC(=O)c1cccc(C(=O)O)c1,172,172.0
49,54,CC(=O)c1ccc(C(=O)O)cc1,208,208.0
50,55,CC(=O)OOC(=O)c1ccccc1,37,37.0
51,56,CC(=O)Br,-96.5(5),-96.5
52,57,CC(=O)Cl,-112.7(8),-112.7
53,58,CC(=O)OCC[N+](C)(C)C.[Br-],146,146.0
54,59,CC(=O)OCC[N+](C)(C)C.[Cl-],150,150.0
55,60,CC(=O)OCC[N+](C)(C)C.[I-],163,163.0
56,61,CC(=O)C1CCCCC1=O,-11,11.0
57,63,CC(=O)NC(CS)C(=O)O,109.5,109.5
58,65,CC(=O)c1cc(O)ccc1O,205.3,205.3
59,66,C#C,-81.5(9),-81.5
60,67,CC(=O)NCCO,63.5,63.5
61,68,CC(=O)F,-84,84.0
62,69,CC(=O)NC(CCC(=O)O)C(=O)O,199,199.0
63,70,CC(=O)NCC(=O)O,206,206.0
64,71,CC(=O)N1CC(O)CC1C(=O)O,132,132.0
65,72,CC(=O)n1ccnc1,104.5,104.5
66,75,CC(=O)NCCCCC(N)C(=O)O,265 dec,265.0
67,76,CSCCC(NC(C)=O)C(=O)O,114.5,114.5
68,78,CCC12CCCN3CCC4(c5cccc(OC)c5N(C(C)=O)C4CC1)C32,208,208.0
69,79,CC(=O)N(C)C(C)=O,-25,25.0
70,80,CC(=O)N1CCCC(C)C1,-13.6,-13.6
71,81,CC(=O)C1C(=O)C=C(C)OC1=O,109,109.0
72,82,CC(=O)N1CCOCC1,14.5,14.5
73,83,CC(=O)NC1C(O)CC(O)(C(=O)O)OC1C(O)C(O)CO,186,186.0
74,85,CC(=O)Oc1ccccc1C(=O)O,136(4),136.0
75,86,CC(=O)Oc1ccc(C(=O)O)cc1,188.5,188.5
76,87,CC(=O)Oc1ccc(Br)cc1C(=O)O,60,60.0
77,88,COc1cc(C=O)ccc1OC(C)=O,78,78.0
78,89,CC(=O)OCC(=O)c1ccccc1,49,49.0
79,91,CCCC[Sn](CCCC)(CCCC)OC(C)=O,84.7,84.7
80,92,CC(=O)O[Sn](c1ccccc1)(c1ccccc1)c1ccccc1,125.2(5),125.2
81,94,CC(=O)NC(Cc1ccccc1)C(=O)O,173.5,173.5
82,95,CCOC(=O)C(Cc1ccccc1)NC(C)=O,93,93.0
83,96,COC(=O)C(Cc1ccccc1)NC(C)=O,91,91.0
84,98,CC(=O)N1CCCCC1,-13.4,-13.4
85,101,CSc1ccc(C(C)=O)cc1,81.5,81.5
86,102,CC(=O)SCC[N+](C)(C)C.[I-],205,205.0
87,103,CC(=O)NC(Cc1c[nH]c2ccccc12)C(=O)O,189.5,189.5
88,104,CC(=O)NC(Cc1ccc(O)cc1)C(=O)O,153,153.0
89,105,CCOC(=O)C(Cc1ccc(O)cc1)NC(C)=O,80.5,80.5
90,106,CC(=O)NC(C(=O)O)C(C)C,164,164.0
91,108,O=C(O)c1cc(Oc2ccc(C(F)(F)F)cc2Cl)ccc1[N+](=O)[O-],164.3(5),164.3
92,109,CCN1CC2(COC)C(O)CC(OC)C34C5CC6(O)C(O)C5C(O)(C(O)C6OC)C(C(OC)C23)C14,132,132.0
93,110,CCN1CC2(COC)C(O)CC(OC)C34C5CC6(O)C(OC)C(O)C(OC(C)=O)(C5C6OC(=O)c5ccccc5)C(C(OC)C23)C14,204,204.0
94,111,Nc1c2ccccc2nc2ccccc12,241,241.0
95,112,c1ccc2nc3ccccc3cc2c1,110.06(5),110.06
96,113,Nc1ccc2cc3ccc(N)cc3nc2c1,285,285.0
97,114,O=c1c2ccccc2[nH]c2ccccc12,>300,300.0
98,115,C=CC=O,-87.8(9),-87.8
99,116,C=CC(N)=O,85(1),85.0
100,117,C=CC(=O)O,13.56(5),13.56
101,118,C=CC#N,-83.51(5),-83.51
102,119,Nc1nc2c(ncn2COCCO)c(=O)[nH]1,225,225.0
103,120,Nc1ncnc2nc[nH]c12,360 dec,360.0
104,121,Nc1ncnc2c1ncn2C1OC(CO)C(O)C1O,235.5,235.5
105,122,Nc1ncnc2c1ncn2C1OC2COP(=O)(O)OC2C1O,219,219.0
106,124,Nc1ncnc2c1ncn2C1OC(COP(=O)(O)CP(=O)(O)O)C(O)C1O,204,204.0
107,125,Nc1ncnc2c1ncn2C1OC(COP(=O)(O)O)C(O)C1O,195 dec,195.0
108,126,Nc1ncnc2c1ncn2C1OC(CO)C(OP(=O)(O)O)C1O,195 dec,195.0
109,127,Nc1ncnc2c1ncn2C1OC(COP(=O)(O)OP(=O)(O)OP(=O)(O)O)C(O)C1O,144 dec,144.0
110,128,Nc1ncnc2c1ncn2C1OC(CSCCC(N)C(=O)O)C(O)C1O,210 dec,210.0
111,129,NC(=O)CCCCC(=O)O,161.5,161.5
112,130,CCN(CC)CCOC(=O)C(c1ccccc1)c1ccccc1.Cl,113.5,113.5
113,131,CNCC(=O)c1ccc(O)c(O)c1,235 dec,235.0
114,132,CC=CC=CCCC=CC(=O)NCC(C)C,23,23.0
115,133,COc1cc2c(c3oc(=O)c4c(c13)CCC4=O)C1C=COC1O2,268,268.0
116,134,COc1cc2c(c3oc(=O)c4c(c13)CCC4=O)C1CCOC1O2,287.5,287.5
117,135,COc1cc2c(c3oc(=O)c4c(c13)CCOC4=O)C1C=COC1O2,245,245.0
118,136,NC(CCC(=O)NNc1ccc(CO)cc1)C(=O)O,207 dec,207.0
119,137,CCC1C2CC3C4N(C)c5ccccc5C45CC(C2C5O)N3C1O,206,206.0
120,138,CCc1cccc(CC)c1N(COC)C(=O)CCl,42(2),42.0
121,139,CC(N)C(=O)O,300 dec,300.0
122,142,NCCC(=O)O,200 dec,200.0
123,143,C=C1C(=O)OC2CC3(C)CCCC(C)C3=CC12,76,76.0
124,144,CNC(=O)ON=CC(C)(C)SC,101.1(4),101.1
125,145,CC12CCC(=O)C=C1CCC1C2C(O)CC2(C=O)C(C(=O)CO)CCC12,166.5,166.5
126,146,CNC(=O)ON=CC(C)(C)S(C)(=O)=O,141,141.0
127,147,ClC1=C(Cl)C2(Cl)C3C4C=CC(C4)C3C1(Cl)C2(Cl)Cl,103.8(3),103.8
128,149,O=C(O)c1cc(N=Nc2ccc([N+](=O)[O-])cc2)ccc1O,253 dec,253.0
129,151,CC(C)=CCC(O)C1=CC(=O)c2c(O)ccc(O)c2C1=O,149,149.0
130,152,NC(=O)NC(NC(N)=O)C(=O)O,170 dec,170.0
131,153,NC(=O)NC1NC(=O)NC1=O,239,239.0
132,154,C=C=C,-136.4(5),-136.4
133,157,CC12CC(=O)C3C(CCC4CC(O)CCC43C)C1CCC2C(=O)CO,190,190.0
134,158,CC(O)C1CCC2C3CCC4CC(=O)CCC4(C)C3CCC12C,195(3),195.0
135,159,O=c1[nH]cnc2[nH]ncc12,350,350.0
136,160,O=CC(O)C(O)C(O)C(O)CO,128,128.0
137,161,O=C1NC(=O)C(O)(C(=O)O)N1,162 dec,162.0
138,162,O=C1NC(=O)C(O)(C2(O)C(=O)NC(=O)NC2=O)C(=O)N1,254 dec,254.0
139,164,C=CCOC(=O)CC(C)=O,-85,85.0
140,166,C=CCO,-129,129.0
141,167,C=CCN,-88.2,-88.2
142,169,C=CCc1ccccc1,-40(4),40.0
143,179,C=CCC1CCCC1,-110.6(1),-110.6
144,182,C=CCc1ccc(OC)c(OC)c1,-2.0,-2.0
145,189,C=CCOC(=O)NCO,57,57.0
146,191,C=CCN=C=S,-80,80.0
147,193,C=CCc1ccc(O)c(OC)c1,-7.5,-7.5
148,194,C=CCc1ccc(OC(C)=O)c(OC)c1,30.5,30.5
149,198,C=CCc1ccccc1O,-6,6.0
150,199,C=CCc1ccc(O)cc1,15.8,15.8
151,201,C=CCC1(c2ccccc2)C(=O)NC(=O)NC1=O,156.5,156.5
152,205,C=CCS(=O)CC(N)C(=O)O,165,165.0
153,206,C=CCNC(N)=S,77(3),77.0
154,207,C=CC[Si](Cl)(Cl)Cl,35,35.0
155,210,C=CCNC(N)=O,85,85.0
156,212,O=C1c2c(O)cccc2C(C2OC(CO)C(O)C(O)C2O)c2cc(CO)cc(O)c21,149.3,149.3
157,213,CCC(=O)O[C@@]1(c2ccccc2)CCN(C)C[C@H]1C,103,103.0
158,214,COC(=O)C1=COC(C)C(CO)C1Cc1nccc2c3ccccc3n(C)c12,189,189.0
159,215,COC(=O)C1=COC(C)C2Cn3ccc4c5ccccc5nc-4c3CC12,207 dec,207.0
160,218,CCCCCCCCCCCCCCCCCC(=O)O[Al]OC(=O)CCCCCCCCCCCCCCCCC.O,145,145.0
161,219,CC[O-].CC[O-].CC[O-].[Al+3],140,140.0
162,220,CC(C)[O-].CC(C)[O-].CC(C)[O-].[Al+3],119,119.0
163,222,CCC(C)C1NC(=O)CNC(=O)C2Cc3c([nH]c4cc(O)ccc34)S(=O)CC(NC(=O)CNC1=O)C(=O)NC(CC(N)=O)C(=O)N1CC(O)CC1C(=O)NC(C(C)C(O)CO)C(=O)N2,254 dec,254.0
164,224,CCNc1nc(NC(C)C)nc(SC)n1,83.6(5),83.6
165,225,CC(C)c1ccc2c(c1)CCC1C(C)(CN)CCCC21C,44.5,44.5
166,226,NCC(N)=O,67.5,67.5
167,228,Cl.N#CCN,165 dec,165.0
168,229,Cl.NCC(=O)c1ccccc1,194 dec,194.0
169,230,Cl.NC12CC3CC(CC(C3)C1)C2,360 dec,360.0
170,231,N[C@@H](CCCC(=O)O)C(=O)O,207.0,207.0
171,232,NCC(N)C(=O)O,110,110.0
172,233,Nc1cccc2c1C(=O)c1ccccc1C2=O,253.5,253.5
173,234,Nc1ccc2c(c1)C(=O)c1ccccc1C2=O,304.5,304.5
174,235,Nc1ccc(N=Nc2ccccc2)cc1,125(1),125.0
175,236,Nc1ccccc1C=O,40.5,40.5
176,237,Nc1cccc(C=O)c1,29,29.0
177,238,Nc1ccc(C=O)cc1,71.5,71.5
178,239,NC(=O)c1ccccc1N,110.5 dec,110.5
179,240,NC(=O)c1ccc(N)cc1,183,183.0
180,241,NC(C(=O)O)c1ccccc1,292 dec,292.0
181,242,Nc1ccc(CC(=O)O)cc1,195(1),195.0
182,243,Nc1cc(C(=O)O)cc(C(=O)O)c1,360,360.0
183,244,Nc1ccc(CCO)cc1,108,108.0
184,245,NCc1ccccc1N,61,61.0
185,246,Nc1ccccc1CO,83.5,83.5
186,247,Nc1ccc(S(N)(=O)=O)cc1,162.2(4),162.2
187,248,Nc1ccccc1S(=O)(=O)O,>320 dec,320.0
188,250,Nc1ccc(S(=O)(=O)O)cc1,288,288.0
189,251,Nc1ccc(S(=O)(=O)F)cc1,68.5,68.5
190,252,Nc1ccccc1S,26,26.0
191,253,Nc1ccc(S)cc1,46,46.0
192,254,N#Cc1ccccc1N,51,51.0
193,255,N#Cc1cccc(N)c1,53(2),53.0
194,256,N#Cc1ccc(N)cc1,86.2(5),86.2
195,257,Nc1ccc(C(=O)c2ccccc2)cc1,123(2),123.0
196,258,Nc1ccc(C(=O)NC(CCC(=O)O)C(=O)O)cc1,173,173.0
197,259,Nc1ccc(C(=O)NCC(=O)O)cc1,198.5,198.5
198,260,Nc1ccccc1-c1ccccc1,49.13(4),49.13
199,261,Nc1cccc(-c2ccccc2)c1,31.5,31.5
200,262,Nc1ccc(-c2ccccc2)cc1,51.0(6),51.0
201,263,Nc1ccc(Br)cc1C(=O)O,219.5,219.5
202,265,CCC(N)C(=O)O,304 dec,304.0
203,267,CC(N)CC(=O)O,194.3,194.3
204,268,NCCCC(=O)O,203 dec,203.0
205,269,CCC(N)CO,-1.0,-1.0
206,271,CCCCNC(=O)NS(=O)(=O)c1ccc(N)cc1,144.5,144.5
207,272,CNC(=O)Oc1ccc(N(C)C)c(C)c1,95.0(3),95.0
208,273,CC(=O)NC(N)=O,218,218.0
209,274,NC(=O)Nc1ccc([As](=O)(O)O)cc1,174,174.0
210,275,CCC(Br)(CC)C(=O)NC(N)=O,118,118.0
211,276,CC(C)C(Br)C(=O)NC(N)=O,154,154.0
212,277,NC(=O)c1ccccc1OCC(=O)O,221,221.0
213,279,Nc1cccc2c1C(=O)c1cccc(Cl)c1C2=O,212,212.0
214,280,Nc1cc(Cl)c(S(N)(=O)=O)cc1S(N)(=O)=O,254.5,254.5
215,281,Nc1ccc(Cl)c(S(=O)(=O)O)c1,280 dec,280.0
216,282,Nc1ccc(Cl)cc1C(=O)O,211,211.0
217,283,Nc1ccc(Cl)c(C(=O)O)c1,188,188.0
218,284,Nc1ccc(Cl)cc1C(=O)c1ccccc1,100.5,100.5
219,286,Nc1cc(Cl)ccc1O,140,140.0
220,287,NC1(C(=O)O)CCCC1,330 dec,330.0
221,288,CC1=C(C(=O)O)N2C(=O)C(N)C2SC1,241 dec,241.0
222,289,NCC(O)C(O)C(O)C(O)CO,127,127.0
223,291,Nc1c(Br)cc(Br)c2c1C(=O)c1ccccc1C2=O,226,226.0
224,292,Nc1cc(Cl)cc(C(=O)O)c1Cl,202(1),202.0
225,293,Nc1ccc(Cl)cc1C(=O)c1ccccc1Cl,≈80,80.0
226,294,Nc1cc(Cl)cc(Cl)c1O,95.5,95.5
227,295,Nc1cc(Cl)c(O)c(Cl)c1,168,168.0
228,296,Nc1cccc2c(=O)[nH][nH]c(=O)c12,330.5,330.5
229,297,Nc1nc(=S)c2[nH]cnc2[nH]1,>360,360.0
230,298,Cc1cc2ncccc2c2nc(N)n(C)c12,297,297.0
231,299,Nc1cc([N+](=O)[O-])cc([N+](=O)[O-])c1O,168(1),168.0
232,300,CC=O.N,97,97.0
233,301,NCCOCCO,-12.5,-12.5
234,302,CC(=O)NCCN,51,51.0
235,303,C=CCn1c(N)cc(=O)n(CC)c1=O,143,143.0
236,305,Cl.NCCc1ccc(O)c(O)c1,241 dec,241.0
237,306,CC(N)C(O)c1ccccc1,77.5,77.5
238,309,NCCc1ccc(O)cc1,164.5,164.5
239,311,CCC(N)(CO)CO,37.5,37.5
240,312,NC(CCCC(=O)O)C(=O)O,205 dec,205.0
241,314,NCCCCCC(=O)O,205,205.0
242,315,NCCCCCCO,57,57.0
243,316,Nc1ccc(O)c2c1C(=O)c1ccccc1C2=O,216.5,216.5
244,317,Nc1cc(S(=O)(=O)O)ccc1O,>300,300.0
245,318,NNC(=O)c1ccc(N)cc1O,195,195.0
246,319,Nc1c(O)cccc1C(=O)O,253.5,253.5
247,320,Nc1ccc(C(=O)O)c(O)c1,150 dec,150.0
248,321,Nc1ccc(O)c(C(=O)O)c1,281.0(5),281.0
249,322,NC(CO)CC(=O)O,216,216.0
250,323,NCC(O)CC(=O)O,218,218.0
251,327,Nc1nc2nccnc2c(=O)[nH]1,>360,360.0
252,328,NC(=O)c1[nH]cnc1N,170,170.0
253,329,NC(=O)N=C(N)N,105,105.0
254,330,Nc1ccc(I)cc1C(=O)O,220 dec,220.0
255,331,Nc1cccc2c1C(=O)NC2=O,269.5,269.5
256,332,NC1CONC1=O,155 dec,155.0
257,333,Cc1ccc2c(c1N)C(=O)c1ccccc1C2=O,205.5,205.5
258,334,NCC(O)c1ccccc1,56.5,56.5
259,335,NCC(CC(=O)O)c1ccccc1,252 dec,252.0
260,336,Cc1ccc(N)c(S(=O)(=O)O)c1,132 dec,132.0
261,337,NCC1CCC(C(=O)O)CC1,249(4),249.0
262,339,Cc1ccc(O)c(N)c1,136,136.0
263,340,Cc1cc(N)ccc1O,176.5,176.5
264,341,Cc1cc(O)ccc1N,179,179.0
265,342,Cn1c(N)nc2ncc(-c3ccccc3)cc21,327,327.0
266,343,NCP(=O)(O)O,309,309.0
267,344,CC(N)(CO)CO,110.93(5),110.93
268,345,CC(C)(N)C(=O)O,335,335.0
269,346,CC(CN)C(=O)O,185,185.0
270,347,CC(C)(N)CO,25.5,25.5
271,348,CC1(C)CC(O)CC(C)(CN)C1,45.5,45.5
272,349,Nc1cc2ccccc2cc1C(=O)O,216.5,216.5
273,350,NC1=CC(=O)c2ccccc2C1=O,207,207.0
274,351,Nc1ccc2cc(S(=O)(=O)O)cc(S(=O)(=O)O)c2c1,274,274.0
275,352,Nc1ccc2c(S(=O)(=O)O)cccc2c1S(=O)(=O)O,>300,300.0
276,363,Nc1cccc2c(O)cccc12,170,170.0
277,364,Nc1c(O)ccc2ccccc12,150 dec,150.0
278,365,Nc1cccc2ccc(O)cc12,206,206.0
279,366,Nc1cc([N+](=O)[O-])ccc1C(=O)O,269,269.0
280,367,Nc1ccc([N+](=O)[O-])cc1C(=O)O,278(5),278.0
281,368,N#Cc1cc([N+](=O)[O-])ccc1N,203.5,203.5
282,369,NN=C(N)N[N+](=O)[O-],187.8,187.8
283,370,Nc1cc([N+](=O)[O-])ccc1O,146,146.0
284,371,Nc1ccc([N+](=O)[O-])cc1O,205.8,205.8
285,372,Nc1ccc(O)c([N+](=O)[O-])c1,131,131.0
286,373,CCCCCCC(N)C(=O)O,270,270.0
287,374,NNC(=O)C(N)=O,221 dec,221.0
288,375,NC(=O)C=CC(=O)O,172.5,172.5
289,376,NCC(=O)CCC(=O)O,118,118.0
290,377,Cl.NOCC(=O)O.NOCC(=O)O,152.5,152.5
291,378,CC1(C)SC2C(N)C(=O)N2C1C(=O)O,208,208.0
292,379,NCCCCC(=O)O,157 dec,157.0
293,380,NCCCCCO,38.5,38.5
294,381,Nc1ccccc1O,173.5(3),173.5
295,382,Nc1cccc(O)c1,122.5(3),122.5
296,383,Nc1ccc(O)cc1,186(7),186.0
297,384,CC(=O)Nc1cccc(N)c1,88,88.0
298,385,CC(=O)Nc1ccc(N)cc1,166.5,166.5
299,386,Nc1ccc([As](=O)(O)O)cc1,232,232.0
300,387,Nc1ccc(Nc2ccc(N)cc2)cc1,158,158.0
301,388,NCC(=O)c1ccccc1,20,20.0
302,389,CC(=O)c1cccc(N)c1,98.5,98.5
303,390,CC(=O)c1ccc(N)cc1,105(1),105.0
304,391,CCCCC(=O)c1ccc(N)cc1,74.5,74.5
305,392,CCC(=O)c1ccc(N)cc1,140,140.0
306,393,CC(=O)NS(=O)(=O)c1ccc(N)cc1,182.0(4),182.0
307,394,Nc1ccc(S(=O)(=O)c2cnc(N)s2)cc1,220 dec,220.0
308,399,NCCCO,12.1(10),12.1
309,400,CC(O)CN,1.7(2),1.7
310,401,CCC(N)C(O)c1ccccc1,79.5,79.5
311,403,Cc1c(NC(=O)C(C)N(C)C)c(=O)n(-c2ccccc2)n1C,181,181.0
312,404,CC(N)Cc1ccc(O)cc1,125.5,125.5
313,405,NCCCNCCCN,-5.1(3),-5.1
314,406,Nc1nc(N)c2nc(CNc3ccc(C(=O)NC(CCC(=O)O)C(=O)O)cc3)cnc2n1,262 dec,262.0
315,407,Nc1ccc(S(=O)(=O)Nc2cnccn2)cc1,251,251.0
316,408,N#Cc1cn[nH]c1N,173,173.0
317,409,Nc1ncccc1C(=O)O,296 dec,296.0
318,410,Nc1ccc(C(=O)O)cn1,312,312.0
319,411,Nc1ccc(S(=O)(=O)Nc2ccccn2)cc1,190(2),190.0
320,415,NC1C(=O)NC(=O)NC1=O,>400,400.0
321,416,Nc1ccc(S(=O)(=O)Nc2ncccn2)cc1,261(3),261.0
322,417,Cc1c(N(C)C)c(=O)n(-c2ccccc2)n1C,107.5,107.5
323,418,Nc1ccc(S(=O)(=O)Nc2cnc3ccccc3n2)cc1,247.5,247.5
324,419,NS(=O)(=O)c1ccc(C(=O)O)cc1,291 dec,291.0
325,420,CC(=O)Nc1ccc(S(N)(=O)=O)cc1,219.5,219.5
326,421,Nc1n[nH]c(=S)s1,243.0,243.0
327,422,NC1=NC(=O)CS1,256 dec,256.0
328,423,CC(=O)NC(N)=S,165,165.0
329,424,NN1C(=O)CSC1=S,101.5,101.5
330,425,NC(O)C(Cl)(Cl)Cl,73,73.0
331,426,Nc1c(Cl)c(Cl)nc(C(=O)O)c1Cl,218.5,218.5
332,427,NCCCCCCCCCCC(=O)O,189.0,189.0
333,429,Cc1ccc(N=CN(C)C=Nc2ccc(C)cc2C)c(C)c1,86,86.0
334,430,CN(C)CCC=C1c2ccccc2CCc2ccccc21,196 (hydrochloride),196.0
335,432,O=C([O-])C(=O)[O-].O=C([O-])C(=O)[O-].O=C([O-])C(=O)[O-].[Fe+3].[NH4+].[NH4+].[NH4+],165 dec,165.0
336,434,CCC(=O)O.N,45,45.0
337,435,N.N.N#C[S-].N#C[S-].N#C[S-].N#C[S-].[Cr+3].[NH4+],270 dec,270.0
338,436,CCC1(CCC(C)C)C(=O)NC(=O)NC1=O,153(1),153.0
339,437,CCN(CC)CCC1(c2ccccc2)C(=O)Oc2ccccc21,43.4,43.4
340,440,CC1C=CC=CC=CC=CC=CC=CC=CC(OC2OC(C)C(O)C(N)C2O)CC2OC(O)(CC(O)CC(O)C(O)CCC(O)CC(O)CC(=O)OC(C)C(C)C1O)CC(O)C2C(=O)O,170 dec,170.0
341,441,CC1(C)SC2C(NC(=O)C(N)c3ccccc3)C(=O)N2C1C(=O)O,200 dec,200.0
342,442,Cc1c(N)c(=O)n(-c2ccccc2)n1C,109,109.0
343,443,N#CC(OC1OC(COC2OC(CO)C(O)C(O)C2O)C(O)C(O)C1O)c1ccccc1,224.5,224.5
344,444,CCCCCCCCCCCCCCCc1cccc(O)c1C(=O)O,35.5,35.5
345,446,CC12CCCC1C1CCC3CCCCC3(C)C1CC2,50,50.0
346,447,CC12CCCCC1CCC1C2CCC2(C)C(C(=O)O)CCC12,228.5,228.5
347,448,CC12CCC3C(CCC4CC(O)CCC43C)C1CCC2O,223,223.0
348,449,CC12CCC3C(CCC4CC(=O)CCC43C)C1CCC2=O,130(3),130.0
349,451,CC12CCC3C(CCC4=CC(=O)CCC43C)C1CCC2=O,174,174.0
350,452,CC12CC(=O)C3C(CCC4=CC(=O)CCC43C)C1CCC2=O,222,222.0
351,453,O=C1C=CC2(CCC23C=CC(=O)O3)O1,158,158.0
352,454,COc1cc2c(c(O)c1OC)CNCC2,187.5,187.5
353,455,COc1cc2c(c(O)c1OC)C(C)NCC2,160.5,160.5
354,456,COc1cc2c(c3c1OCO3)C(C)NCC2,86,86.0
355,457,OCC1CCC(CO)O1,<-50,50.0
356,458,Clc1nc(Cl)nc(Nc2ccccc2Cl)n1,159.3(5),159.3
357,459,CCOC(=O)C1(c2ccccc2)CCN(CCc2ccc(N)cc2)CC1,83,83.0
358,460,Nc1ccccc1,-6.0(1),-6.0
359,461,Nc1ccccc1C(=O)O,144.6(5),144.6
360,462,Nc1cccc(C(=O)O)c1,179.7(6),179.7
361,463,Nc1ccc(C(=O)O)cc1,188.2(6),188.2
362,464,Br.Nc1ccccc1,286,286.0
363,465,Cl.Nc1ccccc1,198,198.0
364,466,Nc1ccccc1.O=[N+]([O-])O,190 dec,190.0
365,469,COc1ccccc1,-37.3(2),-37.3
366,470,CCCC(CCC)C(=O)OC1CC2CCC(C1)[N+]2(C)C.[Br-],329,329.0
367,471,c1ccc(CN(CC2=NCCN2)c2ccccc2)cc1,122,122.0
368,472,O=C1c2ccccc2-c2ccc3c4ccc5c6c(ccc(c7ccc1c2c73)c64)C(=O)c1ccccc1-5,492 dec,492.0
369,473,Nc1ccc2cc3ccccc3cc2c1,238.8,238.8
370,474,c1ccc2cc3ccccc3cc2c1,216(2),216.0
371,475,N#Cc1c2ccccc2cc2ccccc12,177.5,177.5
372,476,O=Cc1c2ccccc2cc2ccccc12,107(1),107.0
373,477,O=C(O)c1cccc2cc3ccccc3cc12,251.5,251.5
374,478,O=C(O)c1ccc2cc3ccccc3cc2c1,281,281.0
375,479,O=C(O)c1c2ccccc2cc2ccccc12,219(1),219.0
376,480,N#Cc1c2ccccc2c(C#N)c2ccccc12,337 dec,337.0
377,481,Oc1c2ccccc2c(O)c2ccccc12,180,180.0
378,482,O=C1c2ccccc2C(=O)c2ccccc21,284.8(2),284.8
379,483,OCc1c2ccccc2cc2ccccc12,160.5,160.5
380,484,Oc1ccc(O)c2c(O)c3ccccc3c(O)c12,148,148.0
381,485,Oc1ccc2c(O)c3ccccc3cc2c1O,208,208.0
382,486,O=C1c2c(O)cccc2Cc2cccc(O)c21,179,179.0
383,487,Oc1cccc2cc3ccccc3cc12,158,158.0
384,488,Oc1c2ccccc2cc2ccccc12,152,152.0
385,489,O=C1c2ccccc2Cc2ccccc21,155(3),155.0
386,491,C1CN1P1(N2CC2)=NP(N2CC2)(N2CC2)=NP(N2CC2)(N2CC2)=N1,148,148.0
387,492,O=C1C2CC(CN3CCCCC23)C2CCCCN12,52.5,52.5
388,493,O=c1cc(-c2ccc(O)cc2)oc2cc(O)cc(O)c12,347.5,347.5
389,494,C=CCc1cc(OC)c2c(c1OC)OCO2,29.2(2),29.2
390,495,C=C(C(=O)OC1CC2CCC(C1)N2C)c1ccccc1,62,62.0
391,496,COc1ccc2c(c1O)-c1cccc3c1C(C2)N(C)CC3,123.5,123.5
392,497,CN1CCc2cccc3c2C1Cc1ccc(O)c(O)c1-3,195 dec,195.0
393,498,CN1CCc2cccc3c2C1Cc1ccc(O)c(O)c1-3.Cl,205 dec,205.0
394,499,C=CCC1(C(C)C)C(=O)NC(=O)NC1=O,141,141.0
395,500,OCC(O)C(O)C(O)CO,102.5,102.5
396,501,OC1COC(O)C(O)C1O,155.5,155.5
397,502,OC1COC(OCC2OC(O)C(O)C(O)C2O)C(O)C1O,210 dec,210.0
398,503,O=CC(O)C(O)C(O)CO,164.5,164.5
399,506,CC(COc1ccc(C(C)(C)C)cc1)OS(=O)OCCCl,-37.3,-37.3
400,507,CN1CCC=C(C(=O)O)C1,232 dec,232.0
401,509,NC(N)=NCCCC(N)C(=O)O,217 dec,217.0
402,511,Cl.NC(N)=NCCCC(N)C(=O)O,219,219.0
403,512,CC1=C2C3OC(=O)C(C)C3C(O)CC2(C)C=CC1=O,203,203.0
404,513,CC(C)C12C=CC(C)(CC1)OO2,3.3,3.3
405,514,O=C1OC(C(O)CO)C(O)=C1O,191(4),191.0
406,515,CCCCCCCCCCCCCCCC(=O)OCC(O)C1OC(=O)C(O)=C1O,112,112.0
407,516,NC(=O)CC(N)C(=O)O,235,235.0
408,517,NC(=O)CC(N)C(=O)O.O,215,215.0
409,519,COC(=O)C(Cc1ccccc1)NC(=O)C(N)CC(=O)O,246.5,246.5
410,520,NC(CC(=O)O)C(=O)O,277.5,277.5
411,522,CCC(C)c1cnc(CC(C)C)c(=O)n1O,98,98.0
412,523,COc1ccc(CCN2CCC(Nc3nc4ccccc4n3Cc3ccc(F)cc3)CC2)cc1,149.1,149.1
413,524,COC(=O)NS(=O)(=O)c1ccc(N)cc1,144.2(5),144.2
414,525,CC(C)NCC(O)COc1ccc(CC(N)=O)cc1,147,147.0
415,526,C=C1C2CCC3(CCC4C5(C)CCCC4(C4OCCN4C5)C3C2)C1O,58.5,58.5
416,527,CCNc1nc(Cl)nc(NC(C)C)n1,177.0(5),177.0
417,528,CN1C2CCC1CC(OC(=O)C(CO)c1ccccc1)C2,118.5,118.5
418,529,CN(C)c1ccc(C(=N)c2ccc(N(C)C)cc2)cc1.Cl,267,267.0
419,530,COc1oc([C@H]2CC/C(=C/C(C)=C/c3ccc([N+](=O)[O-])cc3)O2)c(C)c(=O)c1C,158,158.0
420,531,O=C1C=CC(=C(c2ccc(O)cc2)c2ccc(O)cc2)C=C1,309 dec,309.0
421,533,CCC(C)[C@H]1O[C@]2(C=C[C@@H]1C)C[C@@H]1C[C@@H](C/C=C(\C)[C@@H](O[C@H]3C[C@H](OC)[C@@H](O[C@H]4C[C@H](OC)[C@@H](O)[C@H](C)O4)[C@H](C)O3)[C@@H](C)/C=C/C=C3\CO[C@@H]4[C@H](O)C(C)=C[C@@H](C(=O)O1)[C@]34O)O2.CO[C@H]1C[C@H](O[C@H]2[C@H](C)O[C@@H](O[C@@H]3/C(C)=C/C[C@@H]4C[C@@H](C[C@]5(C=C[C@H](C)[C@@H](C(C)C)O5)O4)OC(=O)[C@@H]4C=C(C)[C@@H](O)[C@H]5OC/C(=C\C=C\[C@@H]3C)[C@]54O)C[C@@H]2OC)O[C@@H](C)[C@@H]1O,152,152.0
422,535,C1CN2CCC1CC2,157(3),157.0
423,536,OC1CN2CCC1CC2,221,221.0
424,537,Nc1ncn(C2OC(CO)C(O)C2O)c(=O)n1,229,229.0
425,538,O=C1CCCCCCCCCCCN1,152.5,152.5
426,539,Nc1nc2n[nH]nc2c(=O)[nH]1,300,300.0
427,540,[N-]=[N+]=CC(=O)OCC(N)C(=O)O,150 dec,150.0
428,541,Cn1cnc([N+](=O)[O-])c1Sc1ncnc2nc[nH]c12,243 dec,243.0
429,542,O=c1cnn(C2OC(CO)C(O)C2O)c(=O)[nH]1,158,158.0
430,543,C1CNC1,-70.0,-70.0
431,544,O=C(O)C1CCN1,217 dec,217.0
432,545,O=C1CCN1,73.5,73.5
433,546,[N-]=[N+]=Nc1ccccc1,-27.5,-27.5
434,547,[N-]=[N+]=Nc1ccc(Cl)cc1,20,20.0
435,549,Cc1ccc(N=[N+]=[N-])cc1,-29.0,-29.0
436,551,CCOP(=S)(OCC)SCn1nnc2ccccc2c1=O,51.3(5),51.3
437,552,COP(=S)(OC)SCn1nnc2ccccc2c1=O,72(2),72.0
438,554,c1ccc(N=Nc2ccccc2)cc1,71.6(4),71.6
439,557,N#CC1(N=NC2(C#N)CCCCC2)CCCCC1,100,100.0
440,561,[O-][N+](=Nc1ccccc1)c1ccccc1,87,87.0
441,564,c1ccc2cccc-2cc1,99,99.0
442,565,CCCCN(CC)c1c([N+](=O)[O-])cc(C(F)(F)F)cc1[N+](=O)[O-],65.6(5),65.6
443,566,O=C(Nc1cccc(Cl)c1)OCC#CCCl,72.4(5),72.4
444,567,CCC1(CC)C(=O)NC(=O)NC1=O,189(1),189.0
445,568,O=C1CC(=O)NC(=O)N1,248,248.0
446,569,CC(C)(C)C(=O)C(Oc1ccc(Cl)cc1)n1cncn1,77.0(5),77.0
447,570,COc1cc2c3cc1Oc1cc(ccc1O)CC1c4c(cc(OC)c(O)c4Oc4ccc(cc4)CC3N(C)CC2)CCN1C,221,221.0
448,571,CCN(CC)CCOC(=O)C(O)(c1ccccc1)c1ccccc1,51,51.0
449,572,CCN(CC)CCOC(=O)C(O)(c1ccccc1)c1ccccc1.Cl,177.5,177.5
450,573,COC(=O)C(C)N(C(=O)Cc1ccccc1)c1c(C)cccc1C,79,79.0
451,574,CNC(=O)Oc1cccc2c1OC(C)(C)O2,129.6(5),129.6
452,575,NS(=O)(=O)c1cc2c(cc1C(F)(F)F)NC(Cc1ccccc1)NS2(=O)=O,225,225.0
453,577,COC(=O)c1ccccc1CS(=O)(=O)NC(=O)Nc1nc(OC)cc(OC)n1,187,187.0
454,578,CC(C)OP(=S)(OC(C)C)SCCNS(=O)(=O)c1ccccc1,38.4(5),38.4
455,579,CC(C)N1C(=O)c2ccccc2NS1(=O)=O,139.7(5),139.7
456,580,c1ccc2nc3c(ccc4ccccc43)cc2c1,132,132.0
457,581,O=Cc1ccccc1,-57.12(5),-57.12
458,582,NN=Cc1ccccc1,16,16.0
459,583,ON=Cc1ccccc1,36.5,36.5
460,585,C(=NNc1ccccc1)c1ccccc1,157.0,157.0
461,586,C(=NN=Cc1ccccc1)c1ccccc1,93(1),93.0
462,587,NC(=O)c1ccccc1,128(1),128.0
463,588,c1ccc2cc3c(ccc4ccccc43)cc2c1,160(2),160.0
464,589,O=C1c2ccccc2C(=O)c2c1ccc1ccccc21,168(1),168.0
465,590,O=C1c2ccccc2-c2cccc3cccc1c23,173.0(3),173.0
466,591,c1ccccc1,5.538(2),5.538
467,592,O=CCc1ccccc1,33.5,33.5
468,593,NC(=O)Cc1ccccc1,157,157.0
469,594,O=C(O)Cc1ccccc1,76.7(2),76.7
470,595,NNC(=O)Cc1ccccc1,115.5,115.5
471,596,O=C(Cc1ccccc1)OC(=O)Cc1ccccc1,73.3,73.3
472,597,N#CCc1ccccc1,-22.1(5),-22.1
473,599,O=[As](O)(O)c1ccccc1,158 dec,158.0
474,600,OB(O)c1ccccc1,219,219.0
475,601,O=C(O)CCCc1ccccc1,51(1),51.0
476,603,O=C(OO)c1ccccc1,42,42.0
477,604,NC(=S)c1ccccc1,117,117.0
478,605,O=C(S)c1ccccc1,24,24.0
479,606,Cl.N=C(N)c1ccccc1,169,169.0
480,607,Nc1ccccc1N,103(1),103.0
481,608,Nc1cccc(N)c1,65.5(9),65.5
482,609,Nc1ccc(N)cc1,140.3(6),140.3
483,610,Cl.Cl.Nc1ccccc1N,250 dec,250.0
484,613,O=C(Cl)c1ccccc1C(=O)Cl,15.5,15.5
485,614,O=C(Cl)c1cccc(C(=O)Cl)c1,43.5,43.5
486,615,O=C(Cl)c1ccc(C(=O)Cl)cc1,83.5,83.5
487,616,O=Cc1ccccc1C=O,55.8,55.8
488,617,O=Cc1cccc(C=O)c1,89(2),89.0
489,618,O=Cc1ccc(C=O)cc1,117,117.0
490,619,NC(=O)c1ccccc1C(N)=O,222,222.0
491,620,NC(=O)c1ccc(C(N)=O)cc1,322.3,322.3
492,622,OCc1ccccc1CO,66(3),66.0
493,623,OCc1cccc(CO)c1,57,57.0
494,624,OCc1ccc(CO)cc1,117.5,117.5
495,625,CC(=O)Oc1ccccc1OC(C)=O,64.5,64.5
496,626,CC(=O)Oc1ccc(OC(C)=O)cc1,123.5,123.5
497,627,O=C(Oc1cccc(O)c1)c1ccccc1,134.5,134.5
498,629,O=S(=O)(Cl)c1cccc(S(=O)(=O)Cl)c1,61.8,61.8
499,630,Sc1ccccc1S,28.5,28.5
500,631,Sc1cccc(S)c1,27,27.0
501,632,NCCc1ccccc1,<0,0.0
502,633,Cl.NCCc1ccccc1,218.5,218.5
503,634,OCCc1ccccc1,-19(2),19.0
504,635,O=C(O)c1c(C(=O)O)c(C(=O)O)c(C(=O)O)c(C(=O)O)c1C(=O)O,287 dec,287.0
505,636,Cl.NCc1ccccc1,258.3,258.3
506,637,O=S(=O)(Cl)Cc1ccccc1,93,93.0
507,638,O=S(=O)(F)Cc1ccccc1,92.0,92.0
508,639,SCc1ccccc1,-30,30.0
509,640,O=C(O)CCCCc1ccccc1,59(1),59.0
510,642,O=CCCc1ccccc1,47,47.0
511,643,N#CCCc1ccccc1,-1,1.0
512,645,O=C(O)CCc1ccccc1,48.4(3),48.4
513,646,OCCCc1ccccc1,<-18,18.0
514,647,NC(=O)OCCCc1ccccc1,103.4(5),103.4
515,649,O=[Se](O)c1ccccc1,124.5,124.5
516,651,O=S(O)c1ccccc1,84,84.0
517,652,O=S(Cl)c1ccccc1,38,38.0
518,653,NS(=O)(=O)c1ccccc1,156(1),156.0
519,654,O=S(=O)(O)c1ccccc1,65,65.0
520,655,O=S(=O)(Cl)c1ccccc1,14.5,14.5
521,657,O=C(O)c1cc(C(=O)O)c(C(=O)O)cc1C(=O)O,271(2),271.0
522,658,Sc1ccccc1,-14.87(5),-14.87
523,659,O=C(Cl)c1cc(C(=O)Cl)cc(C(=O)Cl)c1,36.3,36.3
524,660,O=C(O)c1cccc(C(=O)O)c1C(=O)O,209(2),209.0
525,661,O=C(O)c1ccc(C(=O)O)c(C(=O)O)c1,219,219.0
526,662,O=C(O)c1cc(C(=O)O)cc(C(=O)O)c1,380,380.0
527,663,O=C(Cl)c1ccc2c(c1)C(=O)OC2=O,66,66.0
528,664,C=CCOC(=O)c1ccc(C(=O)OCC=C)c(C(=O)OCC=C)c1,<-30,30.0
529,665,Oc1cccc(O)c1O,125.5(5),125.5
530,666,Oc1ccc(O)c(O)c1,140.5,140.5
531,667,Oc1cc(O)cc(O)c1,216(1),216.0
532,668,CC(=O)Oc1ccc(OC(C)=O)c(OC(C)=O)c1,99,99.0
533,669,CCC(c1ccc(O)cc1)C(CC)C(C)c1ccc(O)cc1,164,164.0
534,670,CC(C)(C)CC(C)(C)c1ccc(OCCOCC[N+](C)(C)Cc2ccccc2)cc1.[Cl-],165 (hyd),165.0
535,671,Nc1ccc(-c2ccc(N)c(C(=O)O)c2)cc1C(=O)O,300 dec,300.0
536,672,Nc1ccc(-c2ccc(N)cc2)cc1,127.0(5),127.0
537,673,O=C(C(=O)c1ccccc1)c1ccccc1,94.84(3),94.84
538,674,Nc1nc2ccccc2[nH]1,231.9(3),231.9
539,675,c1ccc2[nH]cnc2c1,172.2(9),172.2
540,676,N#CCc1nc2ccccc2[nH]1,208.4,208.4
541,677,O=C1NC(=O)c2cccc3cccc1c23,300,300.0
542,678,c1ccc2c(c1)ccc1c2ccc2ccc3ccccc3c21,125.4(5),125.4
543,679,c1ccc2c(c1)ccc1c3ccccc3c3ccccc3c21,114.5,114.5
544,680,O=c1oc(=O)c2cc3c(=O)oc(=O)c3cc12,286(2),286.0
545,681,[B]1Oc2ccccc2O1,12,12.0
546,682,Nc1ccc2c(c1)OCO2,42,42.0
547,684,O=Cc1ccc2c(c1)OCO2,37(1),37.0
548,685,O=C(O)c1ccc2c(c1)OCO2,229,229.0
549,688,OCc1ccc2c(c1)OCO2,58,58.0
550,689,Oc1ccc2c(c1)OCO2,64.9,64.9
551,690,O=C(O)C=CC=Cc1ccc2c(c1)OCO2,215.8,215.8
552,691,O=c1cc(-c2ccccc2)oc2c1ccc1ccccc12,157,157.0
553,692,c1ccc2c(c1)-c1cccc3c1c-2cc1ccccc13,168.4(7),168.4
554,693,c1ccc2c3c(ccc2c1)-c1cccc2cccc-3c12,165.2(7),165.2
555,694,c1ccc2cc3c(cc2c1)-c1cccc2cccc-3c12,217(1),217.0
556,695,c1ccc2c(c1)Cc1c-2ccc2ccccc12,189.6(5),189.6
557,696,c1ccc2c(c1)Cc1cc3ccccc3cc1-2,215(5),215.0
558,697,c1ccc2occc2c1,<-18,18.0
559,698,O=C(O)c1cc2ccccc2o1,192.5,192.5
560,699,O=C1Cc2ccccc2O1,50,50.0
561,700,O=C1COc2ccccc21,102.5,102.5
562,701,CC(=O)c1cc2ccccc2o1,76,76.0
563,702,[O-][n+]1onc2ccccc21,72(1),72.0
564,703,NNC(=O)c1ccccc1,115,115.0
565,704,O=C(O)c1ccccc1,122.352(5),122.352
566,705,O=C(OC(=O)c1ccccc1)c1ccccc1,42.6(8),42.6
567,706,O=C(c1ccccc1)C(O)c1ccccc1,137(2),137.0
568,707,N#Cc1ccccc1,-12.82(2),-12.82
569,708,c1cc2ccc3ccc4ccc5cccc6c(c1)c2c3c4c56,280(1),280.0
570,709,c1ccc2c(c1)ccc1ccc3ccccc3c12,67(2),67.0
571,710,O=C(c1ccccc1)c1ccccc1,48.0(2),48.0
572,711,NN=C(c1ccccc1)c1ccccc1,97.3,97.3
573,712,ON=C(c1ccccc1)c1ccccc1,144,144.0
574,713,O=C(c1ccc2c(c1)C(=O)OC2=O)c1ccc2c(c1)C(=O)OC2=O,216,216.0
575,714,O=C(NNc1ccccc1)c1ccccc1,168,168.0
576,717,O=C1OC(=O)c2ccc3c4c(ccc1c24)C(=O)OC3=O,450,450.0
577,718,O=c1occc2ccccc12,47,47.0
578,719,O=c1ccc2ccccc2o1,68(3),68.0
579,720,O=c1ccoc2ccccc12,57.11(4),57.11
580,721,c1ccc2c(c1)cc1ccc3cccc4ccc2c1c34,179(2),179.0
581,722,c1ccc2c(c1)c1cccc3ccc4cccc2c4c31,180(3),180.0
582,723,c1ccc2c(c1)ccc1ncccc12,92(2),92.0
583,724,c1ccc2c(c1)ccc1cccnc12,50.94(5),50.94
584,725,O=C1C=CC(=O)C=C1,113(2),113.0
585,726,c1ccc2nsnc2c1,43.7(4),43.7
586,727,Nc1nc2ccccc2s1,132,132.0
587,728,Nc1ccc2ncsc2c1,87,87.0
588,729,c1ccc2scnc2c1,2.5(1),2.5
589,730,S=c1[nH]c2ccccc2s1,182(1),182.0
590,732,O=c1[nH]c2ccccc2s1,139,139.0
591,733,NNc1nc2ccccc2s1,202.8,202.8
592,734,Oc1ccccc1-c1nc2ccccc2s1,131,131.0
593,735,c1ccc2sccc2c1,31.33(3),31.33
594,736,O=C(O)c1cc2ccccc2s1,240.5,240.5
595,737,c1ccc2n[nH]nc2c1,100,100.0
596,738,CCC(C)(C)c1cc(-n2nc3ccccc3n2)c(O)c(C(C)(C)CC)c1,82,82.0
597,739,CCC(C)c1cc(C(C)(C)C)cc(-n2nc3ccccc3n2)c1O,84,84.0
598,740,CC(C)(C)c1cc(-n2nc3ccccc3n2)c(O)c(C(C)(C)C)c1,111,111.0
599,741,c1ccc2cc3c4ccccc4c4ccccc4c3cc2c1,205,205.0
600,742,O=C1OS(=O)(=O)c2ccccc21,129.5,129.5
601,743,O=c1[nH]c2ccccc2c(=O)o1,243 dec,243.0
602,744,c1ccc2ocnc2c1,29.36(2),29.36
603,745,S=c1[nH]c2ccccc2o1,195.1(5),195.1
604,746,O=c1[nH]c2ccccc2o1,140.0(4),140.0
605,747,Oc1ccccc1-c1nc2ccccc2o1,123.5,123.5
606,748,CC(NC(=O)c1ccccc1)C(=O)O,165.5,165.5
607,749,O=C(Nc1ccc(C(=O)O)c(O)c1)c1ccccc1,260.5,260.5
608,750,[N-]=[N+]=NC(=O)c1ccccc1,32,32.0
609,751,O=C(O)c1ccccc1C(=O)c1ccccc1,129.0(4),129.0
610,752,O=C(O)c1ccc(C(=O)c2ccccc2)cc1,199,199.0
611,753,O=C(NNC(=O)c1ccccc1)c1ccccc1,238(3),238.0
612,754,O=C(c1ccccc1)c1ccc(-c2ccccc2)cc1,101.5,101.5
613,755,O=C(Br)c1ccccc1,-24,24.0
614,756,O=C(Cl)c1ccccc1,-0.5(2),-0.5
615,758,CN1C2CCC1C(C(=O)O)C(OC(=O)c1ccccc1)C2,195,195.0
616,759,O=C(C1=CC=CC1[Fe]C1C=CC=C1)c1ccccc1,108(1),108.0
617,760,O=C(F)c1ccccc1,-28,28.0
618,761,O=C(O)CNC(=O)c1ccccc1,191.5,191.5
619,762,O=C(I)c1ccccc1,3(2),3.0
620,763,CN1C(CC(=O)c2ccccc2)CCCC1CC(O)c1ccccc1.Cl,183.5,183.5
621,764,CCOC(=O)C1C(OC(=O)c2ccccc2)CC2CCC1N2C,109,109.0
622,765,O=C(OOC(=O)c1ccccc1)c1ccccc1,104.5(9),104.5
623,766,O=C(c1ccccc1)N1CCCCC1,49,49.0
624,767,CCOC(=O)C(Cc1ccc(O)cc1)NC(=O)c1ccccc1,119.5,119.5
625,769,CN1CCC(n2[nH]c(-c3ccccc3)c(Cc3ccccc3)c2=O)CC1,182 dec,182.0
626,770,CCN(CC)C(=O)C1CN2CCc3cc(OC)c(OC)cc3C2CC1OC(C)=O,131,131.0
627,771,NS(=O)(=O)c1cc2c(cc1Cl)NC(CSCc1ccccc1)=NS2(=O)=O,236,236.0
628,772,CC(=O)NCc1ccccc1,61,61.0
629,773,CC(=O)OCc1ccccc1,-51.5(4),-51.5
630,775,OCc1ccccc1,-15.5(2),-15.5
631,777,NS(=O)(=O)c1ccc(NCc2ccccc2)cc1,171,171.0
632,779,Nc1ccc(Cc2ccccc2)cc1,34.5,34.5
633,780,c1ccc(CNc2ccccc2)cc1,33(4),33.0
634,781,O=C(O)C(Cc1ccccc1)Cc1ccccc1,90,90.0
635,782,c1ccc(Cc2nc3ccccc3[nH]2)cc1,187,187.0
636,783,O=C(OCc1ccccc1)c1ccccc1,19(1),19.0
637,784,c1ccc(Cc2ccc(-c3ccccc3)cc2)cc1,85,85.0
638,789,O=C(C=Cc1ccccc1)OCc1ccccc1,39,39.0
639,790,c1ccc(CC2=NCCN2)cc1,67,67.0
640,793,CCCCCCCCCCCC(=O)OCc1ccccc1,8.5,8.5
641,795,CCN(Cc1ccccc1)c1ccccc1,35,35.0
642,798,O=C(C=CC(=O)OCc1ccccc1)OCc1ccccc1,59,59.0
643,799,CC(=O)OC(OC(C)=O)c1ccccc1,45.1(5),45.1
644,800,COc1ccc(C(=NCc2ccccc2)c2ccc(OC)cc2)cc1,90,90.0
645,801,O=C1c2ccccc2C(=O)N1Cc1ccccc1,116,116.0
646,805,Cc1ccccc1Cc1ccccc1,6.61(1),6.61
647,806,Cc1ccc(Cc2ccccc2)cc1,-30,30.0
648,808,COCc1ccccc1,-52.6(4),-52.6
649,811,Cn1c(Cc2ccccc2)nc(=O)c2ccccc21,161.5,161.5
650,813,COC(=O)C(Cc1ccccc1)NC(=O)C(CC(=O)O)NC(=O)OCc1ccccc1,122,122.0
651,814,NC(=O)CCC(NC(=O)OCc1ccccc1)C(=O)O,134.5,134.5
652,815,O=C(O)CNC(=O)OCc1ccccc1,121,121.0
653,816,CC(C)CC(NC(=O)CNC(=O)OCc1ccccc1)C(=O)O,100,100.0
654,817,O=C(CNC(=O)OCc1ccccc1)NC(Cc1ccccc1)C(=O)O,126,126.0
655,818,OCCOCc1ccccc1,<-75,75.0
656,819,CC1(C)SC2C(NC(=O)Cc3ccccc3)C(=O)N2C1C(=O)[O-].[Na+],215,215.0
657,820,Oc1ccccc1Cc1ccccc1,21,21.0
658,821,Oc1ccc(Cc2ccccc2)cc1,84,84.0
659,822,c1ccc(COc2ccccc2)cc1,39(3),39.0
660,825,c1ccc(CC2CCNCC2)cc1,16.8,16.8
661,827,c1ccc(Cc2ccccn2)cc1,12.5,12.5
662,830,c1ccc(Cn2cccc2)cc1,14(2),14.0
663,831,O=C(O)C1CCCN1C(=O)OCc1ccccc1,78.5,78.5
664,833,NC(COCc1ccccc1)C(=O)O,218 dec,218.0
665,835,O=C(O)c1ccc(NS(=O)(=O)Cc2ccccc2)cc1,229.5,229.5
666,836,O=S(=O)(Cc1ccccc1)c1ccccc1,146(3),146.0
667,837,c1ccc(CSc2ccccc2)cc1,43.5,43.5
668,838,N#CSCc1ccccc1,43,43.0
669,839,C[N+](C)(C)Cc1ccccc1.[Cl-],243,243.0
670,840,NC(=O)NCc1ccccc1,148,148.0
671,841,C[N+](C)(CCOc1ccccc1)Cc1ccccc1.[Cl-],135,135.0
672,842,COc1ccc2cc3[n+](cc2c1OC)CCc1cc2c(cc1-3)OCO2,145,145.0
673,844,COc1c(O)cc2c(c1O)C1OC(CO)C(O)C(O)C1OC2=O,238,238.0
674,845,CC(=O)C=C(C)[O-].CC(=O)C=C(C)[O-].[Be+2],108(1),108.0
675,846,C[N+](C)(C)CC(=O)[O-],293 dec,293.0
676,847,C[N+](C)(C)CC(=O)O.[Cl-],227.5,227.5
677,848,CC1CC2C3CCC4=CC(=O)C=CC4(C)C3(F)C(O)CC2(C)C1(O)C(=O)CO,232 dec,232.0
678,849,CN=C(NC)NCc1ccccc1,196,196.0
679,850,C[N+]1(C)CC(O)CC1C(=O)[O-],252 dec,252.0
680,851,CC(C)=CCCC(C)=CCCC(C)=CCCC(C)=CCCC(C)=CCCC(C)=CCCC(C)=CCCC(C)=CCCC(C)=CCO,41,41.0
681,852,c1ccc2c(-c3c4ccccc4cc4ccccc34)c3ccccc3cc2c1,321.3,321.3
682,853,O=C1C(=C2Sc3ccccc3C2=O)Sc2ccccc21,359,359.0
683,854,C1CC2CCC1C2,87.3(6),87.3
684,856,O=C1CC2CCC1C2,98.0(5),98.0
685,857,C1=CC2CCC1C2,46.2(7),46.2
686,858,N#CC1CC2C=CC1C2,13,13.0
687,861,O=C1CCCCC1C1CCCCC1,-32,32.0
688,863,OC1CCCC1C1CCCC1,20,20.0
689,864,O=C1CCCC1C1CCCC1,-13,13.0
690,865,COC(=O)c1cc(Oc2ccc(Cl)cc2Cl)ccc1[N+](=O)[O-],86.1(5),86.1
691,866,Cc1c(COC(=O)C2C(C=C(Cl)C(F)(F)F)C2(C)C)cccc1-c1ccccc1,69,69.0
692,867,N=C(N)N=C(N)N,136,136.0
693,868,CCN1CC2(COC)CCC(OC)C34C5CC6(O)C(OC)CC(OC(C)=O)(C5C6OC(=O)c5ccc(OC)c(OC)c5)C(C(OC)C23)C14,164,164.0
694,870,C=CC1=C(C)C(C=c2[nH]c(=Cc3[nH]c(C=C4NC(=O)C(C)=C4C=C)c(C)c3CCC(=O)O)c(CCC(=O)O)c2C)=NC1=O,>300,300.0
695,871,CCC(C)c1cc([N+](=O)[O-])cc([N+](=O)[O-])c1OC(=O)C=C(C)C,70.6(5),70.6
696,872,c1ccc2c(-c3cccc4ccccc34)cccc2c1,159(12),159.0
697,873,c1ccc2cc(-c3ccc4ccccc4c3)ccc2c1,188.1(10),188.1
698,874,Oc1ccc2ccccc2c1-c1c(O)ccc2ccccc12,220,220.0
699,875,O=C(O)CCCCC1SCC2NC(=O)NC21,232 dec,232.0
700,876,C1OC1C1CO1,2.0,2.0
701,877,c1ccc(-c2ccccc2)cc1,68.93(2),68.93
702,878,O=C(O)Cc1ccc(-c2ccccc2)cc1,160.5,160.5
703,879,N#Cc1ccc(-c2ccccc2)cc1,88,88.0
704,880,O=C(Cl)c1ccc(-c2ccccc2)cc1,111,111.0
705,881,Nc1ccccc1-c1ccccc1N,81,81.0
706,882,Nc1ccc(-c2ccccc2N)cc1,54.5,54.5
707,883,Cl.Cl.Nc1ccc(-c2ccc(N)cc2)cc1,>300,300.0
708,884,O=C(O)c1ccccc1-c1ccccc1C(=O)O,233.5,233.5
709,885,Oc1ccccc1-c1ccccc1O,113.6(5),113.6
710,886,Oc1ccc(O)c(-c2ccccc2)c1,97.5,97.5
711,887,Oc1ccc(-c2ccc(O)cc2)cc1,287.6(5),287.6
712,888,O=S(=O)(O)c1ccc(-c2ccc(S(=O)(=O)O)cc2)cc1,72.5,72.5
713,889,Cl.Cl.Cl.Cl.Nc1ccc(-c2ccc(N)c(N)c2)cc1N,245 dec,245.0
714,890,Oc1cc(O)cc(-c2cc(O)cc(O)c2)c1,310,310.0
715,891,CC(=O)Nc1ccc(-c2ccccc2)cc1,172.8,172.8
716,892,CC(=O)c1ccc(-c2ccccc2)cc1,121,121.0
717,893,c1ccc(-c2ccc(-c3nnc(-c4ccccc4)o3)cc2)cc1,168,168.0
718,894,c1ccc(-c2ccccn2)nc1,69.9(2),69.9
719,896,c1ccc(-c2ccncc2)nc1,59.7(5),59.7
720,897,c1cncc(-c2cccnc2)c1,68,68.0
721,898,c1cc(-c2ccncc2)ccn1,104.4(5),104.4
722,899,c1ccc2nc(-c3ccc4ccccc4n3)ccc2c1,196,196.0
723,900,CC(=O)CC(=O)Nc1ccc(-c2ccc(NC(=O)CC(C)=O)c(C)c2)cc1C,212,212.0
724,901,CC(=O)Oc1ccc(C(c2ccc(OC(C)=O)cc2)c2ccccn2)cc1,134(1),134.0
725,902,NC1CCC(CC2CCC(N)CC2)CC1,15,15.0
726,903,NCCNCCN,-39,39.0
727,904,NCCNCCNCCN,12,12.0
728,905,Nc1ccccc1SSc1ccccc1N,93,93.0
729,906,Nc1ccc(SSc2ccc(N)cc2)cc1,85,85.0
730,907,Nc1ccc(CCc2ccc(N)cc2)cc1,137,137.0
731,908,Nc1cccc(S(=O)(=O)c2cccc(N)c2)c1,168.5,168.5
732,909,Nc1ccc(S(=O)(=O)c2ccc(N)cc2)cc1,178(1),178.0
733,910,Nc1ccc(S(=O)c2ccc(N)cc2)cc1,175 dec,175.0
734,912,NCCCNCCCCNCCCN,29,29.0
735,913,Cl.Cl.Cl.Cl.NCCCNCCCCNCCCN,301.5,301.5
736,915,BrCc1ccccc1CBr,95(1),95.0
737,916,BrCc1cccc(CBr)c1,77(1),77.0
738,917,BrCc1ccc(CBr)cc1,144.5,144.5
739,918,OCC(CO)(CBr)CBr,113,113.0
740,920,Brc1ccc(Oc2ccc(Br)cc2)cc1,54(1),54.0
741,923,CC(C)(C)OOC(C)(C)c1ccc(C(C)(C)OOC(C)(C)C)cc1,79,79.0
742,924,CCc1cc(Cc2cc(CC)cc(C(C)(C)C)c2O)c(O)c(C(C)(C)C)c1,123,123.0
743,925,O=C(OOC(=O)c1ccc(Cl)cc1)c1ccc(Cl)cc1,141,141.0
744,928,ClCCN(CCCl)c1ccccc1,45,45.0
745,929,O=C(OCCCl)OCCCl,8,8.0
746,931,ClCCOCCCl,-46.9(5),-46.9
747,932,CN(CCCl)CCCl.Cl,111.5,111.5
748,933,O=NN(CCCl)C(=O)NCCCl,31,31.0
749,934,ClCCSCCCl,13.5,13.5
750,935,O=S(=O)(CCCl)CCS(=O)(=O)CCCl,205,205.0
751,936,ClCc1ccccc1CCl,55(1),55.0
752,937,ClCc1cccc(CCl)c1,34(1),34.0
753,938,ClCc1ccc(CCl)cc1,100,100.0
754,939,ClCOCCl,-41.5,-41.5
755,940,ClCC1(CCl)COC1,19.0(1),19.0
756,941,OCC(CO)(CCl)CCl,83,83.0
757,942,C[Si](C)(CCl)O[Si](C)(C)CCl,-90,90.0
758,943,Clc1ccc(OCOc2ccc(Cl)cc2)cc1,70.5,70.5
759,944,Clc1ccc(SSc2ccc(Cl)cc2)cc1,72.8,72.8
760,945,O=C(C(=O)c1ccc(Cl)cc1)c1ccc(Cl)cc1,197.8,197.8
761,946,CC(O)(c1ccc(Cl)cc1)c1ccc(Cl)cc1,70,70.0
762,947,Clc1ccccc1NNc1ccccc1Cl,87,87.0
763,948,Clc1ccc(Cc2ccc(Cl)cc2)cc1,55.5,55.5
764,949,O=S(=O)(c1ccc(Cl)cc1)c1ccc(Cl)cc1,148.8(10),148.8
765,950,S=C(Nc1ccc(Cl)cc1)Nc1ccc(Cl)cc1,176,176.0
766,951,OC(c1ccc(Cl)cc1)(c1ccc(Cl)cc1)C(Cl)(Cl)Cl,75.1(3),75.1
767,955,BrC(Br)c1ccccc1C(Br)Br,116.5,116.5
768,956,O=C(OOC(=O)c1ccc(Cl)cc1Cl)c1ccc(Cl)cc1Cl,106,106.0
769,958,Clc1ccc(Oc2ccc(Cl)cc2Cl)c(Cl)c1,71,71.0
770,959,CCN(CC)c1ccc(C(=O)c2ccc(N(CC)CC)cc2)cc1,95.3,95.3
771,962,FC(F)OC(F)F,-123.15,-123.15
772,964,CN(C)c1ccc(Cc2ccc(N(C)C)cc2)cc1,91.5,91.5
773,965,CN(C)c1ccc(C(=S)c2ccc(N(C)C)cc2)cc1,204,204.0
774,966,CN(C)c1ccc(C(O)c2ccc(N(C)C)cc2)cc1,102.0,102.0
775,968,CN(C)c1ccc(C(c2ccccc2)c2ccc(N(C)C)cc2)cc1,102,102.0
776,971,CCC(C)(C)c1cc(O)c(C(C)(C)CC)cc1O,180,180.0
777,972,CCC(C)(C)c1ccc(O)c(C(C)(C)CC)c1,26.0,26.0
778,973,c1ccc(P(CCP(c2ccccc2)c2ccccc2)c2ccccc2)cc1,143.5,143.5
779,974,c1cc(OCC2CO2)cc(OCC2CO2)c1,42.5,42.5
780,975,CCOCCOC(=O)c1ccccc1C(=O)OCCOCC,34,34.0
781,977,CCOc1ccc(N=C(C)Nc2ccc(OCC)cc2)cc1.Cl,191,191.0
782,980,CCCCC(CC)COC(=O)CCCCCCCC(=O)OCC(CC)CCCC,-78,78.0
783,982,CCCCC(CC)COC(=O)CCCCC(=O)OCC(CC)CCCC,-67.8,-67.8
784,986,CCCCC(CC)COC(=O)c1ccccc1C(=O)OCC(CC)CCCC,-55,55.0
785,987,CCCCC(CC)COC(=O)CCCCCCCCC(=O)OCC(CC)CCCC,-55(1),55.0
786,988,CCCCC(CC)COC(=O)CC(C(=O)OCC(CC)CCCC)S(=O)(=O)[O-].[Na+],155,155.0
787,990,CCCCC(CC)COC(=O)c1c(Br)c(Br)c(Br)c(Br)c1C(=O)OCC(CC)CCCC,35.9,35.9
788,991,CCC(C)(S(=O)(=O)CC)S(=O)(=O)CC,76,76.0
789,993,Oc1ccccc1C=NCCN=Cc1ccccc1O,125.5,125.5
790,994,Cc1cc(Cc2cc(C)cc(C(C)(C)C)c2O)c(O)c(C(C)(C)C)c1,131,131.0
791,995,Oc1ccc(Cl)cc1Sc1cc(Cl)ccc1O,174,174.0
792,996,Cl.OCCN(CCO)CCO,179.5,179.5
793,998,OCCSSCCO,26,26.0
794,999,CCCCCCCCCCCC(=O)N(CCO)CCO,38.7,38.7
795,1000,CCN(CCO)CCO,-50,50.0
796,1001,OCCNCCNCCO,100.1(5),100.1
797,1002,O=C(O)CN(CCO)CCO,194 dec,194.0
798,1003,CN(CCO)CCO,-21,21.0
799,1004,Cc1cccc(N(CCO)CCO)c1,64.5,64.5
800,1006,OCCSCCO,-10.2,-10.2
801,1007,O=C(OCCO)c1ccc(C(=O)OCCO)cc1,109.5,109.5
802,1008,OCCSCCSCCO,64.8,64.8
803,1009,COc1ccc(C(=O)c2ccc(OC)cc2O)c(O)c1,139.1(5),139.1
804,1010,O=C1N(CO)CCN1CO,101,101.0
805,1011,Cc1cc(C(C)(C)c2ccc(O)c(C)c2)ccc1O,140,140.0
806,1012,C=CC(=O)OCC(COC(=O)C=C)(COC(=O)C=C)COC(=O)C=C,17.3,17.3
807,1014,CCC(C)(c1ccc(O)cc1)c1ccc(O)cc1,120.5,120.5
808,1015,Oc1ccc(Cc2ccc(O)cc2)cc1,162.5,162.5
809,1016,CC(C)(c1ccc(O)cc1)c1ccc(O)cc1,160(2),160.0
810,1017,C=C(C)C(=O)Oc1ccc(C(C)(C)c2ccc(OC(=O)C(=C)C)cc2)cc1,73,73.0
811,1018,O=S(=O)(c1ccc(O)cc1)c1ccc(O)cc1,240.5,240.5
812,1019,SCCSCCS,-11,11.0
813,1020,C=C(C)COC(=O)OCC(=C)C,201.3,201.3
814,1022,COCCOC(=O)c1ccccc1C(=O)OCCOC,-60.0,-60.0
815,1024,COc1ccc(C(=O)C(=O)c2ccc(OC)cc2)cc1,133,133.0
816,1027,Cc1ccc(SSc2ccc(C)cc2)cc1,47.5,47.5
817,1028,Cc1ccc(Oc2ccc(C)cc2)cc1,51,51.0
818,1029,CC(C)(OOC(C)(C)c1ccccc1)c1ccccc1,40,40.0
819,1030,Cc1ccc([Hg]c2ccc(C)cc2)cc1,245.7,245.7
820,1031,Cc1nc(-c2ccc(-c3nc(C)c(-c4ccccc4)o3)cc2)oc1-c1ccccc1,232,232.0
821,1032,Cc1ccc(Sc2ccc(C)cc2)cc1,57.3,57.3
822,1033,Cc1ccc(S(=O)(=O)c2ccc(C)cc2)cc1,150(8),150.0
823,1035,CN1CCC(CCCC2CCN(C)CC2)CC1,13.7,13.7
824,1037,C1CN(CCN2CCOCC2)CCO1,75,75.0
825,1038,CC(=O)[O-].CC(=O)[O-].CC(=O)[O-].[Bi+3],250,250.0
826,1040,O=[N+]([O-])c1ccccc1SSc1ccccc1[N+](=O)[O-],198.5,198.5
827,1041,O=[N+]([O-])c1cccc(SSc2cccc([N+](=O)[O-])c2)c1,84,84.0
828,1042,O=[N+]([O-])c1ccc(SSc2ccc([N+](=O)[O-])cc2)cc1,182,182.0
829,1043,O=[N+]([O-])c1ccc(CCc2ccc([N+](=O)[O-])cc2)cc1,181.8,181.8
830,1044,O=C(Nc1ccc([N+](=O)[O-])cc1)Nc1ccc([N+](=O)[O-])cc1,312 dec,312.0
831,1046,Brc1cc(Br)c(OCCOc2c(Br)cc(Br)cc2Br)c(Br)c1,222,222.0
832,1047,O=C(NC(O)C(Cl)(Cl)Cl)NC(O)C(Cl)(Cl)Cl,196,196.0
833,1048,ClC(Cl)(Cl)c1ccc(C(Cl)(Cl)Cl)cc1,109,109.0
834,1049,O=C(OC(Cl)(Cl)Cl)OC(Cl)(Cl)Cl,79,79.0
835,1055,C[Si](C)(C)C#C[Si](C)(C)C,26,26.0
836,1056,O=[N+]([O-])c1cc([N+](=O)[O-])c(Sc2c([N+](=O)[O-])cc([N+](=O)[O-])cc2[N+](=O)[O-])c([N+](=O)[O-])c1,230,230.0
837,1058,Oc1c(Cl)cc(Cl)cc1Sc1cc(Cl)cc(Cl)c1O,188,188.0
838,1059,c1csc(-c2cccs2)c1,31.1(4),31.1
839,1060,COC(=O)C=CC(C)=CC=CC(C)=CC=CC=C(C)C=CC=C(C)C=CC(=O)O,198,198.0
840,1061,CC12C=CC(=O)C=C1CCC1C2CCC2(C)C(O)CCC12,165,165.0
841,1062,COc1cc2c(cc1O)CC1c3c(cc(O)c(OC)c3-2)CCN1C,163,163.0
842,1065,CC1(C)C2CCC1(C)C(O)C2,206(7),206.0
843,1066,CC(=O)OC1CC2CCC1(C)C2(C)C,27,27.0
844,1067,CC1(C)C2CCC1(C)C(N)C2,163,163.0
845,1068,CC1(C)C2CCC1(C)C(Cl)C2,128(6),128.0
846,1070,COC.FB(F)F,-14,14.0
847,1071,CCOCC.FB(F)F,-60.4,-60.4
848,1074,O=c1oc2ccccc2c(O)c1C1CC(c2ccc(-c3ccc(Br)cc3)cc2)Cc2ccccc21,230,230.0
849,1075,CCC(C)n1c(=O)[nH]c(C)c(Br)c1=O,157.8(5),157.8
850,1076,O=c1oc2ccccc2c(O)c1C(CC(O)c1ccc(-c2ccc(Br)cc2)cc1)c1ccccc1,205,205.0
851,1077,OC(O)C(Br)(Br)Br,46.0(7),46.0
852,1078,CC(C)(c1cc(Br)c(O)c(Br)c1)c1cc(Br)c(O)c(Br)c1,179,179.0
853,1079,CC(=O)NBr,103.5,103.5
854,1080,O=C(O)CBr,50,50.0
855,1081,CC(=O)CBr,-36.5,-36.5
856,1082,O=C(CBr)c1ccccc1,51(1),51.0
857,1083,O=C(CBr)c1ccc(-c2ccccc2)cc1,127,127.0
858,1086,C=C(Br)CC1(C(C)CC)C(=O)NC(=O)NC1=O,131.5,131.5
859,1087,C=C(Br)CC1(C(C)C)C(=O)NC(=O)NC1=O,181,181.0
860,1088,Nc1ccccc1Br,30.9(5),30.9
861,1089,Nc1cccc(Br)c1,18.5,18.5
862,1090,Nc1ccc(Br)cc1,62.87(13),62.87
863,1091,COc1ccccc1Br,1.3,1.3
864,1093,COc1ccc(Br)cc1,13.5,13.5
865,1094,O=Cc1ccccc1Br,21.5,21.5
866,1096,O=Cc1ccc(Br)cc1,61.1(4),61.1
867,1097,Brc1ccccc1,-30.74(3),-30.74
868,1098,O=C(O)Cc1ccc(Br)cc1,116,116.0
869,1099,N#CCc1ccc(Br)cc1,48.0,48.0
870,1100,N#CC(Br)c1ccccc1,29,29.0
871,1101,Oc1ccc(O)c(Br)c1,111.5,111.5
872,1102,O=S(=O)(Cl)c1ccc(Br)cc1,76,76.0
873,1103,Sc1ccc(Br)cc1,73,73.0
874,1104,O=C(O)c1ccccc1Br,149.0(9),149.0
875,1105,O=C(O)c1cccc(Br)c1,156.7(5),156.7
876,1106,O=C(O)c1ccc(Br)cc1,254(1),254.0
877,1107,N#Cc1ccccc1Br,55.5,55.5
878,1108,N#Cc1cccc(Br)c1,39.5,39.5
879,1109,N#Cc1ccc(Br)cc1,114,114.0
880,1110,Brc1c2ccccc2c2ccc3cccc4ccc1c2c43,223,223.0
881,1111,O=C(Cl)c1ccccc1Br,11,11.0
882,1112,O=C(Cl)c1ccc(Br)cc1,37(1),37.0
883,1113,Brc1ccccc1-c1ccccc1,0.8,0.8
884,1115,Brc1ccc(-c2ccccc2)cc1,87.0(2),87.0
885,1116,BrCc1ccccc1Br,31,31.0
886,1117,BrCc1cccc(Br)c1,42,42.0
887,1118,BrCc1ccc(Br)cc1,63,63.0
888,1119,N#CCCC(Br)(C#N)CBr,52,52.0
889,1120,O=C(CBr)c1ccc(Br)cc1,111,111.0
890,1122,CCCCBr,-112.5(3),-112.5
891,1123,CCC(C)Br,-112.6(2),-112.6
892,1124,O=C(O)CC(Br)C(=O)O,161,161.0
893,1126,CCC(Br)C(=O)O,-2.0,-2.0
894,1127,O=C(O)CCCBr,33,33.0
895,1130,CCC=CBr,-100.3,-100.3
896,1131,C=C(Br)CC,-133.4,-133.4
897,1134,CC=C(C)Br,-111.2(5),-111.2
898,1136,BrCCCCOc1ccccc1,41,41.0
899,1137,CC(C)(C)c1ccc(Br)cc1,19,19.0
900,1138,O=C(CBr)c1cccc(Cl)c1,40,40.0
901,1139,Clc1ccccc1Br,-12.6(3),-12.6
902,1140,Clc1cccc(Br)c1,-21.4(3),-21.4
903,1141,Clc1ccc(Br)cc1,64.78(5),64.78
904,1143,FC(F)(Cl)Br,-159.5,-159.5
905,1144,CC1(C)C(=O)N(Br)C(=O)N1Cl,162,162.0
906,1146,ClCCBr,-16.7(3),-16.7
907,1147,FC(Cl)Br,-115,115.0
908,1148,ClCBr,-87.9(2),-87.9
909,1149,ClCc1ccc(Br)cc1,42(4),42.0
910,1150,O=C(CBr)c1ccc(Cl)cc1,96.5,96.5
911,1152,ClCCCBr,-58.8(2),-58.8
912,1157,Cc1c(C2(c3cc(Br)c(O)c(Br)c3C)OS(=O)(=O)c3ccccc32)cc(Br)c(O)c1Br,218.5,218.5
913,1158,Cc1cc(C2(c3cc(C)c(O)c(Br)c3)OS(=O)(=O)c3ccccc32)cc(Br)c1O,241.5,241.5
914,1161,OC1CCC(Br)CC1,81.5,81.5
915,1165,CCCCCCCCCCBr,-29.3(5),-29.3
916,1166,CCCCCCCCC(Br)C(=O)O,2.0,2.0
917,1167,Clc1cc(Cl)cc(Br)c1,83,83.0
918,1168,Clc1ccc(Br)cc1Cl,25,25.0
919,1170,ClC(Cl)Br,-56.0(4),-56.0
920,1171,Oc1cc(Cl)c(Br)cc1Cl,70.8(5),70.8
921,1173,CCN(CC)c1ccc(Br)cc1,38,38.0
922,1174,FC(F)Br,-145.15,-145.15
923,1176,O=C(NO)c1cc(Br)ccc1O,232 dec,232.0
924,1180,CN(C)c1ccc(Br)cc1,55,55.0
925,1181,Cc1ccc(Br)c(C)c1,-17,17.0
926,1184,Cc1ccc(C)c(Br)c1,9,9.0
927,1185,Cc1ccc(Br)cc1C,-0.2,-0.2
928,1188,Nc1c(Br)cc([N+](=O)[O-])cc1[N+](=O)[O-],153.5,153.5
929,1189,O=[N+]([O-])c1ccc(Br)c([N+](=O)[O-])c1,75,75.0
930,1190,BrC(c1ccccc1)c1ccccc1,45,45.0
931,1191,CCCCCCCCCCCCBr,-9.6(4),-9.6
932,1192,CCCCCCCCCCC(Br)C(=O)O,32,32.0
933,1193,CCBr,-118.4(10),-118.4
934,1195,C=CBr,-139.5(2),-139.5
935,1197,CCOc1ccc(Br)cc1,2.0,2.0
936,1198,BrCCOc1ccccc1,39,39.0
937,1200,CC(=O)OCCBr,-13.8,-13.8
938,1201,Br.NCCBr,174.0,174.0
939,1203,BrCCc1ccccc1,-55.9(2),-55.9
940,1204,CCc1ccccc1Br,-67.5(2),-67.5
941,1206,CCc1ccc(Br)cc1,-43.4(2),-43.4
942,1207,CCC(Br)(CC)C(N)=O,67,67.0
943,1209,O=C1c2ccccc2C(=O)N1CCBr,81.5(5),81.5
944,1210,C#Cc1ccc(Br)cc1,64.5,64.5
945,1213,Fc1ccc(Br)cc1,-17.4,-17.4
946,1218,O=Cc1ccc(Br)o1,83.5,83.5
947,1219,CCCCCCCCCCCCCCCCCBr,28.4(4),28.4
948,1220,CCCCCCCBr,-56.1(3),-56.1
949,1221,CCCCCC(C)Br,47,47.0
950,1223,CCCCCCCCCCCCCCCCBr,17.5(4),17.5
951,1224,CCCCCCCCCCCCCCC(Br)C(=O)O,52.8,52.8
952,1225,CCCCCCBr,-84.9(4),-84.9
953,1228,CCCCC(Br)C(=O)O,2.0,2.0
954,1229,O=C(O)CCCCCBr,35,35.0
955,1232,O=Cc1cc(Br)ccc1O,105.5,105.5
956,1233,O=C(O)C(O)c1ccc(Br)cc1,119,119.0
957,1234,OCc1cc(Br)ccc1O,113,113.0
958,1235,O=C(O)c1cc(Br)ccc1O,169.8,169.8
959,1236,COc1cc(C=O)cc(Br)c1O,167.0,167.0
960,1237,Brc1ccccc1I,2.1(5),2.1
961,1238,Brc1cccc(I)c1,-9.3(6),-9.3
962,1239,Brc1ccc(I)cc1,90.37(5),90.37
963,1242,CC(C)c1ccc(Br)cc1,-22.4(2),-22.4
964,1243,Brc1cncc2ccccc12,41.5,41.5
965,1244,CBr,-93.7(4),-93.7
966,1247,Cc1ccc(N)c(Br)c1,26,26.0
967,1248,Cc1cc(Br)ccc1N,59.5,59.5
968,1249,BrCc1ccccc1,-1.5,-1.5
969,1250,O=C(O)c1ccc(CBr)cc1,226.3,226.3
970,1251,N#Cc1cccc(CBr)c1,96.5,96.5
971,1252,N#Cc1ccc(CBr)cc1,114,114.0
972,1254,CC(C)CCBr,-112,112.0
973,1256,CC(C)(Br)CC(=O)O,74,74.0
974,1264,Cc1ccccc1CBr,21,21.0
975,1266,Cc1ccc(CBr)cc1,34(2),34.0
976,1267,BrCc1cccc2ccccc12,56(2),56.0
977,1268,BrCc1ccc2ccccc2c1,56,56.0
978,1269,O=[N+]([O-])c1cccc(CBr)c1,59.3,59.3
979,1270,O=[N+]([O-])c1ccc(CBr)cc1,99(2),99.0
980,1271,O=[N+]([O-])c1ccc(O)c(CBr)c1,148,148.0
981,1272,BrCC1CO1,-40,40.0
982,1277,Cc1ccc(O)c(Br)c1,55.3(5),55.3
983,1279,Cc1ccc(C(=O)CBr)cc1,51,51.0
984,1280,O=C1c2ccccc2C(=O)N1CBr,151.5,151.5
985,1281,CC(C)CBr,-117.8(7),-117.8
986,1282,CC(C)(C)Br,-16.8(9),-16.8
987,1283,CC(C)(Br)C(=O)O,48.5,48.5
988,1289,Brc1cccc2ccccc12,6.1(1),6.1
989,1290,Brc1ccc2ccccc2c1,58(2),58.0
990,1291,O=C1OC(=O)c2ccc(Br)c3cccc1c23,222,222.0
991,1292,Oc1ccc2ccccc2c1Br,84,84.0
992,1293,Nc1ccc(Br)cc1[N+](=O)[O-],111.5,111.5
993,1294,O=[N+]([O-])c1ccccc1Br,38.5(2),38.5
994,1295,O=[N+]([O-])c1cccc(Br)c1,54(3),54.0
995,1296,O=[N+]([O-])c1ccc(Br)cc1,133.0(2),133.0
996,1298,O=[N+]([O-])C(Br)(CO)CO,131.5,131.5
997,1299,CCCCCCCCCBr,-29.0(2),-29.0
998,1300,CCCCCCCCCCCCCCCCCCBr,27.6(4),27.6
999,1301,CCCCCCCCBr,-55.0(3),-55.0
1000,1303,O=C(O)CCCCCCCBr,38.5,38.5
1001,1304,CCCCCCCCCCCCCCCBr,18.6(3),18.6
1002,1305,Fc1c(F)c(F)c(Br)c(F)c1F,-31,31.0
1003,1307,CCCCCBr,-88.0(2),-88.0
1004,1308,CCCC(C)Br,-95.5,-95.5
1005,1309,CCC(Br)CC,-126.2,-126.2
1006,1311,O=C(O)CCCCBr,40.0,40.0
1007,1313,Brc1cc2ccccc2c2ccccc12,64.5,64.5
1008,1314,Oc1ccccc1Br,5.6,5.6
1009,1315,Oc1cccc(Br)c1,33,33.0
1010,1317,O=S1(=O)OC(c2cc(Br)c(O)c(Br)c2)(c2cc(Br)c(O)c(Br)c2)c2ccccc21,279 dec,279.0
1011,1318,Brc1ccc(Oc2ccccc2)cc1,18.7(2),18.7
1012,1320,CC(=O)Nc1ccc(Br)cc1,168,168.0
1013,1321,CC(=O)c1cccc(Br)c1,7.5,7.5
1014,1322,CC(=O)c1ccc(Br)cc1,50.5,50.5
1015,1323,NNc1ccc(Br)cc1,108,108.0
1016,1324,O=C1c2ccccc2C(=O)C1c1ccc(Br)cc1,138,138.0
1017,1325,O=C(c1ccccc1)c1ccc(Br)cc1,82.5,82.5
1018,1327,COP(=S)(OC)Oc1cc(Cl)c(Br)cc1Cl,56.3(3),56.3
1019,1329,CCCBr,-110.1(3),-110.1
1020,1330,CC(C)Br,-88.9(5),-88.9
1021,1332,CC(Br)C(=O)O,25.7,25.7
1022,1333,O=C(O)CCBr,62.5,62.5
1023,1338,CC=CBr,-113,113.0
1024,1340,C=C(C)Br,-126,126.0
1025,1341,C=CCBr,-119.3(5),-119.3
1026,1342,BrCC=Cc1ccccc1,34,34.0
1027,1343,BrCCCOc1ccccc1,10.7,10.7
1028,1344,Br.NCCCBr,171.5,171.5
1029,1345,CC(C)OC(=O)C(O)(c1ccc(Br)cc1)c1ccc(Br)cc1,76.0(5),76.0
1030,1348,Brc1ccccn1,-40.1,-40.1
1031,1349,Brc1cccnc1,-27.3,-27.3
1032,1350,Brc1ccncc1,0.5,0.5
1033,1351,Brc1cnc2ccccc2c1,13.3,13.3
1034,1352,Brc1ccc2ncccc2c1,24,24.0
1035,1353,O=C1CCC(=O)N1Br,174,174.0
1036,1354,CCCCCCCCCCCCCCBr,5.7(4),5.7
1037,1356,CC(=O)c1ccc(Br)s1,94.5,94.5
1038,1359,Cc1c(C2(c3cc(C(C)C)c(O)c(Br)c3C)OS(=O)(=O)c3ccccc32)cc(C(C)C)c(O)c1Br,201,201.0
1039,1360,Cc1ccccc1Br,-27.5(8),-27.5
1040,1361,Cc1cccc(Br)c1,-38.1(2),-38.1
1041,1362,Cc1ccc(Br)cc1,26.2(7),26.2
1042,1363,ClC(Cl)(Cl)Br,-5.6(2),-5.6
1043,1364,CCCCCCCCCCCCCBr,5.9(3),5.9
1044,1365,CC[Si](Br)(CC)CC,-49.3,-49.3
1045,1366,FC(F)(F)CBr,-93.9,-93.9
1046,1368,FC(F)(F)Br,-174.38,-174.38
1047,1370,FC(F)(F)c1cccc(Br)c1,1,1.0
1048,1372,Cc1cc(C)c(Br)c(C)c1,-1,1.0
1049,1373,O=[N+]([O-])C(Br)([N+](=O)[O-])[N+](=O)[O-],18(1),18.0
1050,1374,BrC(c1ccccc1)(c1ccccc1)c1ccccc1,153,153.0
1051,1375,CCCCCCCCCCCBr,-9.9(4),-9.9
1052,1376,O=C(O)CCCCCCCCCCBr,57,57.0
1053,1377,O=c1[nH]cc(Br)c(=O)[nH]1,310,310.0
1054,1378,C=C(Br)c1ccccc1,-44,44.0
1055,1379,BrC=Cc1ccccc1,-7,7.0
1056,1381,C=Cc1ccccc1Br,-52.7(2),-52.7
1057,1383,C=Cc1ccc(Br)cc1,5(2),5.0
1058,1385,COc1cc2c(cc1OC)C13CCN4CC5=CCOC6CC(=O)N2C1C6C5CC43,178,178.0
1059,1388,CCCCC1C(=O)NC(=O)N(C2CCCCC2)C1=O,84,84.0
1060,1389,CC(=O)OC1CC2(O)C3CCC4CC(O)CCC4(C)C3CCC2(C)C1c1ccc(=O)oc1,223 dec,223.0
1061,1390,COc1ccc2c(c1O)-c1c3c(cc4c1C(C2)N(C)CC4)OCO3,199.5,199.5
1062,1391,CCNc1nc(NC(C)CC)nc(OC)n1,87,87.0
1063,1393,CCCCOCN(C(=O)CCl)c1c(CC)cccc1CC,<-5,5.0
1064,1394,C=C=CC,-136.20(5),-136.2
1065,1395,C=CC=C,-108.9(1),-108.9
1066,1397,C=CC=Cc1ccccc1,2.3,2.3
1067,1398,C#CC#C,-35(3),35.0
1068,1399,C=CCC1(CC(C)C)C(=O)NC(=O)NC1=O,138.5,138.5
1069,1400,CCCC=O,-96.86(2),-96.86
1070,1401,CCCC=NO,-29.5,-29.5
1071,1402,CCCC(N)=O,116(1),116.0
1072,1403,CCCC,-138.3(2),-138.3
1073,1405,NCCCCN,21.9(4),21.9
1074,1406,Cl.Cl.NCCCCN,280 dec,280.0
1075,1408,CC(O)CCO,-77,77.0
1076,1409,OCCCCO,20.43(2),20.43
1077,1410,CC(O)C(C)O,7(2),7.0
1078,1411,CC(=O)OCCCCOC(C)=O,12,12.0
1079,1416,CS(=O)(=O)OCCCCOS(C)(=O)=O,116,116.0
1080,1417,CC(=O)C(C)=O,-1.2,-1.2
1081,1418,CC(=O)C(C)=NO,76.8,76.8
1082,1419,O=C(Cl)CCC(=O)Cl,16.7(6),16.7
1083,1420,SCCCCS,-53.9,-53.9
1084,1421,CCCC#N,-111.76(5),-111.76
1085,1423,O=S1(=O)CCCCO1,13.5,13.5
1086,1424,O=C(O)CC(C(=O)O)C(CC(=O)O)C(=O)O,236.5,236.5
1087,1425,OCC(O)C(O)CO,118.1(7),118.1
1088,1426,O=[N+]([O-])OCC(O[N+](=O)[O-])C(CO[N+](=O)[O-])O[N+](=O)[O-],61,61.0
1089,1427,CCCCS,-115.66(6),-115.66
1090,1428,CCC(C)S,-165,165.0
1091,1430,CCCCNCC(=O)Nc1c(C)cccc1Cl,46,46.0
1092,1431,CCCC(=O)O,-5.12(9),-5.12
1093,1432,CCCC(=O)OC(=O)CCC,-75.0(6),-75.0
1094,1433,CCCCO,-88.60(2),-88.6
1095,1434,CCC(C)O,-88.44(7),-88.44
1096,1435,CCC(C)=O,-86.67(1),-86.67
1097,1437,CCC(C)=NO,-29.5(5),-29.5
1098,1439,CCCC(=O)Cl,-89.0(5),-89.0
1099,1440,CCC(C)C1(C)COC(C2CCC(C)=CC2C)OC1,83.1,83.1
1100,1442,CCCC(=O)Nc1nnc(S(N)(=O)=O)s1,261 dec,261.0
1101,1443,CC=CC=O,-76.6(3),-76.6
1102,1444,C=CCC,-185.33(2),-185.33
1103,1445,CC=CC,-138.89(2),-138.89
1104,1447,N#CC=CC#N,96.0(8),96.0
1105,1448,OCC=CCO,11.0(5),11.0
1106,1452,CC=CC#N,-51.5,-51.5
1107,1453,C=CCC#N,-87,87.0
1108,1454,CC=CC(=O)O,15,15.0
1109,1456,C=CCC(=O)O,-35,35.0
1110,1459,CC=CCO,<-30,30.0
1111,1464,CCC=Cc1ccccc1,-43.1(4),-43.1
1112,1466,C=CCCc1ccccc1,-70,70.0
1113,1468,CC(C)CNCCOC(=O)c1ccc(N)cc1.Cl,194,194.0
1114,1470,CC(C)CC1Nc2cc(Cl)c(S(N)(=O)=O)cc2S(=O)(=O)N1,221.5,221.5
1115,1471,CCCCSC(=Nc1cccnc1)SCc1ccc(C(C)(C)C)cc1,32,32.0
1116,1476,CCCCOCCO,-74.8,-74.8
1117,1479,CCCCOCCOCC(C)O,-90,90.0
1118,1483,CCCCOc1ccc(CC(=O)NO)cc1,154,154.0
1119,1485,CCCCOc1ccc(O)cc1,65.5,65.5
1120,1488,CCC(C)Nc1c([N+](=O)[O-])cc(C(C)(C)C)cc1[N+](=O)[O-],59.3(5),59.3
1121,1490,CCCCOC(C)=O,-77.0(1),-77.0
1122,1491,CCC(C)OC(C)=O,-98.9,-98.9
1123,1493,CC(C)(C)CC(=O)O,6(2),6.0
1124,1494,CCCCOC(=O)CC(C)=O,-35.6,-35.6
1125,1495,C=CC(=O)OCCCC,-63.6(5),-63.6
1126,1497,CCCCN,-49(1),49.0
1127,1498,CCC(C)N,-104.5(6),-104.5
1128,1499,CC(C)(C)N,-66.92(6),-66.92
1129,1500,CCCCN.Cl,213,213.0
1130,1501,CCCCOC(=O)c1ccc(N)cc1,57(2),57.0
1131,1503,CC(C)(C)NCCO,44,44.0
1132,1505,CC(C)(C)NSc1nc2ccccc2s1,108,108.0
1133,1509,CC(C)(C)c1ccc(N)cc1,17,17.0
1134,1510,CCCCNc1ccccc1,-14.4,-14.4
1135,1512,CC(C)(C)c1ccc2c(c1)C(=O)c1ccccc1C2=O,99,99.0
1136,1516,CCCCc1ccccc1,-87.81(5),-87.81
1137,1517,CCC(C)c1ccccc1,-75.5(3),-75.5
1138,1518,CC(C)(C)c1ccccc1,-57.84(4),-57.84
1139,1519,CC(C)(C)c1ccc(O)c(O)c1,54(2),54.0
1140,1520,CC(C)(C)c1cc(O)ccc1O,128,128.0
1141,1523,CCCCOC(=O)c1ccccc1,-22.4(4),-22.4
1142,1524,CC(C)(C)c1ccccc1C(=O)O,80.5(3),80.5
1143,1525,CC(C)(C)c1cccc(C(=O)O)c1,127.3(5),127.3
1144,1526,CC(C)(C)c1ccc(C(=O)O)cc1,164(2),164.0
1145,1529,CCCCc1ccccc1-c1ccccc1,-9.6(2),-9.6
1146,1531,CCCCOC(=O)CCC,-91.5(1),-91.5
1147,1532,CCCCOC(N)=O,53,53.0
1148,1537,CCCCNC(=O)c1ccc(Cl)cc1O,91.5,91.5
1149,1540,CC(C)(C)[O-].CC(C)(C)[O-].O.O.[Cr+2],-5,5.0
1150,1541,CCCCOC(=O)CC(O)(CC(=O)OCCCC)C(=O)OCCCC,-20,20.0
1151,1546,CC(C)(C)C1CCCCC1O,45,45.0
1152,1547,CC(C)(C)C1CCC(O)CC1,82(3),82.0
1153,1549,CC(C)(C)C1CCC(=O)CC1,48(3),48.0
1154,1552,CCCCC1CCCC1,-107.95(5),-107.95
1155,1554,CCCCOC(=O)COc1ccc(Cl)cc1Cl,9,9.0
1156,1557,Cc1cc(C)cc(C(C)(C)C)c1,-18(2),18.0
1157,1558,CC(=O)c1c(C)c([N+](=O)[O-])c(C(C)(C)C)c([N+](=O)[O-])c1C,135.5,135.5
1158,1559,Cc1cc(C)c(O)c(C(C)(C)C)c1,22.3,22.3
1159,1560,Cc1cc(C(C)(C)C)c(C)cc1O,71.2,71.2
1160,1561,Cc1cc(C(C)(C)C)cc(C)c1O,82.4,82.4
1161,1562,Cc1c([N+](=O)[O-])c(C)c([N+](=O)[O-])c(C(C)(C)C)c1[N+](=O)[O-],111.5(2),111.5
1162,1563,CC(C)(C)c1cc([N+](=O)[O-])cc([N+](=O)[O-])c1O,126,126.0
1163,1564,CCCCCCCCCCCCCCCCCC(CCCC)CCCC,20.8,20.8
1164,1568,CCc1ccc(C(C)(C)C)cc1,-38.4,-38.4
1165,1569,CCCCOCC,-124,124.0
1166,1571,CCOC(C)(C)C,-94.0(3),-94.0
1167,1572,CCc1ccc(O)c(C(C)(C)C)c1,23,23.0
1168,1573,CCCCC(CC)(CO)CO,43(2),43.0
1169,1574,CCCCC1(CC)C(=O)NC(=O)NC1=O,123(1),123.0
1170,1575,CCCCSCC,-95.1(2),-95.1
1171,1576,CCSC(C)(C)C,-85.9(3),-85.9
1172,1577,CC(C)(C)NC=O,16,16.0
1173,1578,CCCCOC=O,-90.0(4),-90.0
1174,1582,CCCCCCC(=O)OCCCC,-68(1),68.0
1175,1583,CCCCCC(=O)OCCCC,-50.0(5),-50.0
1176,1584,CC(C)(C)NN.Cl,192.5,192.5
1177,1585,CCCCOC(=O)CCC(=O)O,8.6,8.6
1178,1586,CC(C)(C)OO,6,6.0
1179,1587,COc1ccc(O)c(C(C)(C)C)c1,51,51.0
1180,1588,CCCCOC(=O)c1ccccc1O,-5.9,-5.9
1181,1589,CCCCOC(=O)c1ccc(O)cc1,68.5,68.5
1182,1595,CC(C)(C)N=C=O,85.5,85.5
1183,1597,CC(C)OC(C)(C)C,-88.3(4),-88.3
1184,1600,CC(C)(C)N=C=S,10.5,10.5
1185,1605,COc1ccc(C(C)(C)C)cc1,19.1(3),19.1
1186,1606,COc1c(C(C)(C)C)cc([N+](=O)[O-])c(C)c1[N+](=O)[O-],85,85.0
1187,1608,COc1ccc(O)cc1C(C)(C)C,65,65.0
1188,1610,Cc1ccccc1C(C)(C)C,-50.3(2),-50.3
1189,1611,Cc1cccc(C(C)(C)C)c1,-41.36(8),-41.36
1190,1612,Cc1ccc(C(C)(C)C)cc1,-52.49(8),-52.49
1191,1615,CCCCOC,-115.7(1),-115.7
1192,1617,Cc1ccc(O)c(C(C)(C)C)c1,52.3(9),52.3
1193,1618,Cc1ccc(C(C)(C)C)c(O)c1,46.5,46.5
1194,1619,Cc1cccc(C(C)(C)C)c1O,29(1),29.0
1195,1620,Cc1cc(C(C)(C)C)ccc1O,27.5,27.5
1196,1621,CCCCSC,-97.81(5),-97.81
1197,1623,CCCCN1CCOCC1,-57.1,-57.1
1198,1624,CCCCc1cccc2ccccc12,-19.7(2),-19.7
1199,1625,CCCCc1ccc2ccccc2c1,-7(4),7.0
1200,1632,CCCCCCCCC(=O)OCCCC,-38.0(7),-38.0
1201,1633,CCCCCCCC(=O)OCCCC,-42.9(5),-42.9
1202,1635,CCCCCCCCC=CCCCCCCCC(=O)OCCCC,-26.4,-26.4
1203,1638,CCCCCCCCCCCCCCCC(=O)OCCCC,16(2),16.0
1204,1639,CCCCOC(=O)CCCC,-83.77(2),-83.77
1205,1643,CCCCc1ccccc1O,-20(2),20.0
1206,1644,CCC(C)c1ccccc1O,18(3),18.0
1207,1647,CC(C)(C)c1cccc(O)c1,47(1),47.0
1208,1648,CCCCc1ccc(O)cc1,22,22.0
1209,1649,CCC(C)c1ccc(O)cc1,60(1),60.0
1210,1653,CCCCN(C(C)=O)c1ccccc1,24.5(2),24.5
1211,1654,CC(=O)c1ccc(C(C)(C)C)cc1,17.7,17.7
1212,1655,CCCCOc1ccccc1,-19.4,-19.4
1213,1657,CCCCC(C(=O)O)C(=O)O,104.5,104.5
1214,1658,CCCCOC(=O)CC,-89.5(5),-89.5
1215,1660,C=CC(=O)NC(C)(C)C,128,128.0
1216,1662,CC(C)(C)c1ccncc1,-39.7(5),-39.7
1217,1663,CCCCc1ccc(C(=O)O)nc1,97,97.0
1218,1665,CCCCCCCCCCCCCCCCCC(=O)OCCCC,26.56(2),26.56
1219,1671,CCCCOC(=O)COc1cc(Cl)c(Cl)cc1Cl,28.5,28.5
1220,1674,CCCCNC(N)=O,96.3(9),96.3
1221,1675,CCC(C)NC(N)=O,169,169.0
1222,1676,CC(C)(C)NC(N)=O,176.6(7),176.6
1223,1677,C=Cc1ccc(C(C)(C)C)cc1,-36.9,-36.9
1224,1678,C=COCCCC,-92,92.0
1225,1679,C=COC(C)(C)C,-112,112.0
1226,1680,C#CCC,-125.7(2),-125.7
1227,1681,CC#CC,-32.2(1),-32.2
1228,1682,NC(=O)C#CC(N)=O,217 dec,217.0
1229,1683,N#CC#CC#N,20(1),20.0
1230,1684,O=C(O)C#CC(=O)O,166(3),166.0
1231,1685,OCC#CCO,57(1),57.0
1232,1687,CC#CC(=O)O,78,78.0
1233,1688,CC#CCO,-1.1,-1.1
1234,1689,C#CCCO,-63.5(4),-63.5
1235,1690,C#CC(C)O,-1.5,-1.5
1236,1693,O=C1CCCO1,-43.36(8),-43.36
1237,1694,O=C(O)CC1OCC=C2CN3CCC45C6=CC(=O)C(=O)C([N+](=O)[O-])=C6NC4C1C2CC35,>300,300.0
1238,1696,CCN(CC)C(=S)[S-].CCN(CC)C(=S)[S-].[Cd+2],255,255.0
1239,1697,Cn1c(=O)c2c(ncn2C)n(C)c1=O,236.1(2),236.1
1240,1698,CC1CC(O)C2(O)OC3CC4(C=O)C(CCC5C4CCC4(C)C(C6=CC(=O)OC6)CCC54O)CC3OC2O1,271,271.0
1241,1700,O=C([O-])CC(O)(CC(=O)[O-])C(=O)[O-].O=C([O-])CC(O)(CC(=O)[O-])C(=O)[O-].[Ca+2].[Ca+2].[Ca+2],≈100 dec (hyd),100.0
1242,1701,N#CN.[Ca+2],≈1340,1340.0
1243,1707,O=C([O-])CS.O=C([O-])CS.[Ca+2],220 dec,220.0
1244,1708,CC1OC2OC3CC4CCC5C(CCC6(C)C(C7=CC(=O)OC7)CCC56O)C4(C=O)CC3OC2(O)C(O)C1O,268,268.0
1245,1710,CC1CC2=CC(=O)CCC2(C)C2CCC3(C)C(CCC3(C)O)C12,157.5,157.5
1246,1711,C=C1C2CCC(C2)C1(C)C,52,52.0
1247,1713,CC12CCC(C(C(=O)O)C1=O)C2(C)C,127.5,127.5
1248,1714,CC12CCC(CC1=O)C2(C)C,177.7(2),177.7
1249,1717,CC1(C(=O)O)CCC(C(=O)O)C1(C)C,202,202.0
1250,1719,CC1(C)C2CCC1(CS(=O)(=O)O)C(=O)C2,195 dec,195.0
1251,1720,COc1ccc2c(c1OC)CN1CCc3cc4c(cc3C1C2)OCO4,134,134.0
1252,1721,NC(N)=NOCCC(N)C(=O)O,172,172.0
1253,1722,C=C(C)C1CCC(C)=CC1c1c(O)cc(CCCCC)cc1O,67,67.0
1254,1723,CCCCCc1cc(O)c2c(c1)OC(C)(C)c1ccc(C)cc1-2,77,77.0
1255,1724,CC12CCC(=O)C=C1C=CC1C2CCC2(C)C1CCC21CCC(=O)O1,150,150.0
1256,1725,CC12C(=O)OC(=O)C1(C)C1CCC2O1,218,218.0
1257,1726,O=C1CCCCCN1,69.16(1),69.16
1258,1727,COc1cc(CNC(=O)CCCCC=CC(C)C)ccc1O,65,65.0
1259,1728,CC(C=CC=C(C)C=CC(=O)C1(C)CC(O)CC1(C)C)=CC=CC=C(C)C=CC=C(C)C=CC1=C(C)CC(O)CC1(C)C,176,176.0
1260,1729,O=C1C2CC=CCC2C(=O)N1SC(Cl)(Cl)C(Cl)Cl,159.0(9),159.0
1261,1730,O=C1C2CC=CCC2C(=O)N1SC(Cl)(Cl)Cl,173.9(3),173.9
1262,1731,CC(CS)C(=O)N1CCCC1C(=O)O,105,105.0
1263,1732,C[N+](C)(C)CCOC(N)=O.[Cl-],208(6),208.0
1264,1736,CNC(=O)Oc1cccc2ccccc12,142.7(7),142.7
1265,1737,c1ccc2c(c1)[nH]c1ccccc12,245(2),245.0
1266,1738,O=C(O)Cn1c2ccccc2c2ccccc21,215,215.0
1267,1739,COC(=O)Nc1nc2ccccc2[nH]1,300 dec,300.0
1268,1741,CCOC(=O)N1C(=O)c2ccccc2C1=O,91,91.0
1269,1742,O=C1OC(=O)C2C3C=CC(C3)C12,163(3),163.0
1270,1743,CCOC(=O)n1ccn(C)c1=S,123.5,123.5
1271,1744,NNC(=O)OCc1ccccc1,69.5,69.5
1272,1745,CNC(=O)Oc1cccc2c1OC(C)(C)C2,153.2(5),153.2
1273,1746,N=C(F)F,-90,90.0
1274,1747,c1ccc2c(c1)[nH]c1ccncc12,225,225.0
1275,1748,O=C=O,-56.561 b,-56.561
1276,1749,[Se]=C=[Se],-43.6(3),-43.6
1277,1750,S=C=S,-111.7(3),-111.7
1278,1752,NNC(=O)NN,154,154.0
1279,1753,[C-]#[O+],-205.1(1),-205.1
1280,1754,O=C(Cl)Oc1ccc([N+](=O)[O-])cc1,80,80.0
1281,1755,O=C(Cl)OCc1ccc([N+](=O)[O-])cc1,32.8,32.8
1282,1758,NNC(=S)NN,170 dec,170.0
1283,1759,O=C=[Se],-124.4,-124.4
1284,1760,O=C=S,-138.8(1),-138.8
1285,1761,O=C=C=C=O,-112.5,-112.5
1286,1763,O=C(Cl)Cl,-127.77(2),-127.77
1287,1764,O=C(F)Cl,-148,148.0
1288,1765,N#CC(=O)C#N,-36,36.0
1289,1766,O=C(n1ccnc1)n1ccnc1,119,119.0
1290,1767,O=C(F)F,-114,114.0
1291,1770,CC1=C(C(=O)Nc2ccccc2)SCCO1,96(7),96.0
1292,1771,O=C(O)Cc1ccccc1C(=O)O,184.5,184.5
1293,1772,CC(NC(CCCN=C(N)N)C(=O)O)C(=O)O,281,281.0
1294,1773,NC(CC(C(=O)O)C(=O)O)C(=O)O,167,167.0
1295,1774,NC(CSCC(=O)O)C(=O)O,206,206.0
1296,1775,O=C(Oc1ccccc1C(=O)O)c1ccccc1O,147,147.0
1297,1777,CCCC(C)(COC(N)=O)COC(=O)NC(C)C,92,92.0
1298,1778,Cc1c(C(=O)O)c(O)cc2c1C(=O)c1c(O)c(C3OC(CO)C(O)C(O)C3O)c(O)c(O)c1C2=O,136 dec,136.0
1299,1779,C[N+](C)(C)CC(O)CC(=O)[O-],197 dec,197.0
1300,1780,NCCC(=O)NC(Cc1cnc[nH]1)C(=O)O,260,260.0
1301,1781,CC(C=CC=C(C)C=CC1=C(C)CCCC1(C)C)=CC=CC=C(C)C=CC=C(C)C=CC1C(C)=CCCC1(C)C,187.5,187.5
1302,1782,CC(C=CC=C(C)C=CC1=C(C)CCCC1(C)C)=CC=CC=C(C)C=CC=C(C)C=CC1=C(C)CCCC1(C)C,183(2),183.0
1303,1783,CC(C)=CCCC(C)=CC=CC(C)=CC=CC(C)=CC=CC=C(C)C=CC=C(C)C=CC1=C(C)CCCC1(C)C,153,153.0
1304,1784,CC(C)=CCCC(C)=CC=CC(C)=CC=CC(C)=CC=CC=C(C)C=CC=C(C)C=CC=C(C)CCC=C(C)C,177(2),177.0
1305,1785,CC(C=CC=C(C)C=CC1=C(C)CC(O)CC1(C)C)=CC=CC=C(C)C=CC=C(C)C=CC1=C(C)CC(O)CC1(C)C,215.5,215.5
1306,1786,CC(C=CC=C(C)C=CC1=C(C)CC(O)CC1(C)C)=CC=CC=C(C)C=CC=C(C)C=CC1C(C)=CC(O)CC1(C)C,196,196.0
1307,1787,CC(C=CC=C(C)C=CC1=C(C)CCCC1(C)C)=CC=CC=C(C)C=CC=C(C)C=CC1=C(C)CC(O)CC1(C)C,160,160.0
1308,1788,CC(C)=CCCC(C)=CC=CC(C)=CC=CC(C)=CC=CC=C(C)C=CC=C(C)C=CC1=C(C)CC(O)CC1(C)C,160,160.0
1309,1789,CC(C)=CCCC(C)=CC=CC(C)=CC=CC(C)=CC=CC=C(C)C=CC=C(C)C=CC=C(C)CCC=C(C)CO,168,168.0
1310,1790,CCN(CC)CCn1c(=O)c(Cc2ccc(OC)cc2)nc2ccccc21,69,69.0
1311,1791,CC1NC2CCCCCCCC(=O)OC3CCC(CCCCCCCC(=O)OC1CC2)NC3C,121,121.0
1312,1792,CN(C)C(CSC(N)=O)CSC(N)=O.Cl,180,180.0
1313,1795,C=C(C)C1CC=C(C)C(=O)C1,25.2,25.2
1314,1799,CC1C(=CC(=O)OCCN(C)C)CCC2C1C(=O)CC1C(C)(C)C(O)CCC21C,142.5,142.5
1315,1800,CN1CC2CC(C1)c1cccc(=O)n1C2,137,137.0
1316,1802,CC1CCC2C(C)(C)C3CC12CCC3(C)O,86,86.0
1317,1803,Cc1nnc(SCC2=C(C(=O)O)N3C(=O)C(NC(=O)Cn4cnnn4)C3SC2)s1,200 dec,200.0
1318,1804,OCC1OC(OC2C(CO)OC(O)C(O)C2O)C(O)C(O)C1O,225 dec,225.0
1319,1805,OCC1OC(OC2C(CO)OC(OC3C(CO)OC(O)C(O)C3O)C(O)C2O)C(O)C(O)C1O,208,208.0
1320,1807,CC(=O)OCC1=C(C(=O)O)N2C(=O)C(NC(=O)C(N)c3ccccc3)C2SC1,≈220 dec,220.0
1321,1809,CC(=O)OCC1=C(C(=O)O)N2C(=O)C(NC(=O)Cc3cccs3)C2SC1,160,160.0
1322,1810,CC(=O)OCC1=C(C(=O)O)N2C(=O)C(NC(=O)CSc3ccncc3)C2SC1,155,155.0
1323,1811,COc1ccc2cc1Oc1ccc(cc1)CC1c3c(cc4c(c3Oc3cc5c(cc3OC)CCN(C)C5C2)OCO4)CCN1C,150,150.0
1324,1812,CC1=C(C(=O)O)N2C(=O)C(NC(=O)C(N)C3=CCC=CC3)C2SC1,141 dec,141.0
1325,1813,CC=CCC=CCCC(=O)C1OC1C(N)=O,94,94.0
1326,1814,CC=C(C)C(=O)OC1CCC2(C)C3CCC4C5(O)CC(O)C6(O)C(CN7CC(C)CCC7C6(C)O)C5(O)CC42OC13O,213 dec,213.0
1327,1816,CS(=O)(=O)CCCN=C=S,47.5,47.5
1328,1818,CN1Cc2c(ccc3c2OCO3)C2C(O)Cc3cc4c(cc3C21)OCO4,135.5,135.5
1329,1819,Cc1ccc2nc3sc(=O)sc3nc2c1,170.5(5),170.5
1330,1820,OC(O)C(Cl)(Cl)Cl,52(2),52.0
1331,1821,O=C(O)CCCc1ccc(N(CCCl)CCCl)cc1,66.9(5),66.9
1332,1822,O=S(=O)([N-]Cl)c1ccccc1.[Na+],190,190.0
1333,1823,Cc1ccc(S(=O)(=O)[N-]Cl)cc1.[Na+],180 (hyd),180.0
1334,1824,O=C(NC(CO)C(O)c1ccc([N+](=O)[O-])cc1)C(Cl)Cl,150(1),150.0
1335,1825,CCCCCCCCCCCCCCCC(=O)OCC(NC(=O)C(Cl)Cl)C(O)c1ccc([N+](=O)[O-])cc1,90,90.0
1336,1826,O=C1C(O)=C(Cl)C(=O)C(O)=C1Cl,283.5,283.5
1337,1827,Clc1ccc(CSc2ccc(Cl)cc2)cc1,71.0(7),71.0
1338,1828,ClCC1C(CCl)C2(Cl)C(Cl)=C(Cl)C1(Cl)C2(Cl)Cl,105,105.0
1339,1829,CON(C)C(=O)Nc1ccc(Br)c(Cl)c1,97.2(5),97.2
1340,1830,C#CC(C)OC(=O)Nc1cccc(Cl)c1,45.5,45.5
1341,1832,ClC1=C(Cl)C2(Cl)C3C(Cl)C(Cl)CC3C1(Cl)C2(Cl)Cl,101.1(3),101.1
1342,1834,ClC1=C(Cl)C2(Cl)C3CC=CC3C1(Cl)C2(Cl)Cl,155,155.0
1343,1835,Cc1cc(Cl)ccc1N=CN(C)C,32.6(5),32.6
1344,1836,O=C(O)C1C(C(=O)O)C2(Cl)C(Cl)=C(Cl)C1(Cl)C2(Cl)Cl,232,232.0
1345,1837,O=C1OC(=O)C2C1C1(Cl)C(Cl)=C(Cl)C2(Cl)C1(Cl)Cl,235,235.0
1346,1840,Nc1cnn(-c2ccccc2)c(=O)c1Cl,206.8(9),206.8
1347,1841,CCOC(=O)c1ccccc1S(=O)(=O)NC(=O)Nc1nc(Cl)cc(OC)n1,186,186.0
1348,1843,C[N+](C)(C)CCCl.[Cl-],239 dec,239.0
1349,1844,CN1C(=O)CCS(=O)(=O)C1c1ccc(Cl)cc1,117,117.0
1350,1845,ClCCN(CCCl)c1ccc2ccccc2c1,55,55.0
1351,1846,O=CCCl,-16.3,-16.3
1352,1847,NC(=O)CCl,121,121.0
1353,1848,O=C(O)CCl,62.0(7),62.0
1354,1849,O=C(CCl)OC(=O)CCl,46,46.0
1355,1850,CC(=O)CC(=O)Nc1ccc(Cl)cc1,132,132.0
1356,1851,CC(=O)CCl,-44.5,-44.5
1357,1853,O=C(CCl)c1ccccc1,56.5,56.5
1358,1854,CC(=O)Nc1ccc(C(=O)CCl)cc1,218,218.0
1359,1855,O=C(Cl)CCl,-21.7(2),-21.7
1360,1856,C#CCl,-126,126.0
1361,1857,Clc1c2ccccc2nc2ccccc12,121,121.0
1362,1858,Nc1ccccc1Cl,-2.3(9),-2.3
1363,1859,Nc1cccc(Cl)c1,-10.3(2),-10.3
1364,1860,Nc1ccc(Cl)cc1,70.4(7),70.4
1365,1861,Cl.Nc1ccccc1Cl,235,235.0
1366,1862,Cl.Nc1cccc(Cl)c1,222,222.0
1367,1863,COc1ccccc1Cl,-26.5(2),-26.5
1368,1865,COc1ccc(Cl)cc1,<-18,18.0
1369,1866,Clc1cccc2cc3ccccc3cc12,83.5,83.5
1370,1867,O=C1c2ccccc2C(=O)c2c(Cl)cccc21,163,163.0
1371,1868,O=C1c2ccccc2C(=O)c2cc(Cl)ccc21,209.9(4),209.9
1372,1869,O=Cc1ccccc1Cl,11.9(6),11.9
1373,1870,O=Cc1cccc(Cl)c1,17.5,17.5
1374,1871,O=Cc1ccc(Cl)cc1,47(1),47.0
1375,1872,NC(=O)c1ccccc1Cl,141.8,141.8
1376,1873,Clc1ccccc1,-45.2(1),-45.2
1377,1874,O=C(O)Cc1ccccc1Cl,94.2(4),94.2
1378,1875,O=C(O)Cc1cccc(Cl)c1,76.6(4),76.6
1379,1876,O=C(O)Cc1ccc(Cl)cc1,104.8(4),104.8
1380,1877,N#CCc1ccccc1Cl,24,24.0
1381,1878,N#CCc1cccc(Cl)c1,11.5,11.5
1382,1879,N#CCc1ccc(Cl)cc1,29,29.0
1383,1881,O=C(OO)c1cccc(Cl)c1,92 dec,92.0
1384,1882,Nc1ccc(Cl)cc1N,76,76.0
1385,1883,Nc1ccc(Cl)c(N)c1,91,91.0
1386,1884,Nc1ccc(N)c(Cl)c1,64,64.0
1387,1885,Oc1cccc(Cl)c1O,48.5,48.5
1388,1886,Oc1ccc(Cl)cc1O,90.5,90.5
1389,1888,Oc1ccc(O)c(Cl)c1,108,108.0
1390,1892,SCc1ccc(Cl)cc1,19.5,19.5
1391,1893,OCc1ccccc1Cl,73,73.0
1392,1894,OCc1ccc(Cl)cc1,75,75.0
1393,1895,NS(=O)(=O)c1ccccc1Cl,188.3(5),188.3
1394,1896,NS(=O)(=O)c1ccc(Cl)cc1,146,146.0
1395,1897,O=S(=O)(O)c1ccc(Cl)cc1,67,67.0
1396,1898,O=S(=O)(Cl)c1ccc(Cl)cc1,51,51.0
1397,1901,Sc1ccc(Cl)cc1,61,61.0
1398,1902,CCOC(=O)C(O)(c1ccc(Cl)cc1)c1ccc(Cl)cc1,39.0(5),39.0
1399,1903,ClP1Oc2ccccc2O1,30,30.0
1400,1904,O=C(O)c1ccccc1Cl,140.4(7),140.4
1401,1905,O=C(O)c1cccc(Cl)c1,154.2(2),154.2
1402,1906,O=C(O)c1ccc(Cl)cc1,239.5(6),239.5
1403,1907,N#Cc1ccccc1Cl,43.5(4),43.5
1404,1908,N#Cc1cccc(Cl)c1,41,41.0
1405,1909,N#Cc1ccc(Cl)cc1,91.6(4),91.6
1406,1910,O=C(c1ccccc1)c1ccccc1Cl,54,54.0
1407,1911,Nc1nc2c(Cl)cccc2s1,204,204.0
1408,1912,Nc1nc2ccc(Cl)cc2s1,200,200.0
1409,1913,Clc1nc2ccccc2s1,24,24.0
1410,1914,Clc1ccc2n[nH]nc2c1,158,158.0
1411,1915,O=c1[nH]c2ccc(Cl)cc2c(=O)o1,280 dec,280.0
1412,1916,Nc1nc2cc(Cl)ccc2o1,184.5,184.5
1413,1917,Clc1nc2ccccc2o1,7,7.0
1414,1918,O=c1[nH]c2cc(Cl)ccc2o1,191.5,191.5
1415,1919,O=C(Cl)c1ccccc1Cl,-4,4.0
1416,1921,O=C(Cl)c1ccc(Cl)cc1,16,16.0
1417,1922,Clc1ccc(Cc2ccccc2)cc1,7.5,7.5
1418,1923,N#CC(C#N)=Cc1ccccc1Cl,96,96.0
1419,1924,Clc1ccccc1-c1ccccc1,31.78(8),31.78
1420,1925,Clc1cccc(-c2ccccc2)c1,16,16.0
1421,1926,Clc1ccc(-c2ccccc2)cc1,75.4(2),75.4
1422,1927,Nc1ccc(-c2ccc(Cl)cc2)cc1,134,134.0
1423,1928,Oc1c(Cl)cccc1-c1ccccc1,6,6.0
1424,1931,C=CC(=C)Cl,-130,130.0
1425,1933,CCCCCl,-123.1(2),-123.1
1426,1934,CCC(C)Cl,-131.3,-131.3
1427,1937,CC(Cl)CC(=O)O,16,16.0
1428,1938,O=C(O)CCCCl,16,16.0
1429,1948,CC=C(C)Cl,-117.3,-117.3
1430,1951,CC(C)(C)[Si](C)(C)Cl,89.5,89.5
1431,1955,COc1cc(NC(=O)C(N=Nc2ccc(-c3ccc(N=NC(C(C)=O)C(=O)Nc4cc(OC)c(Cl)cc4OC)c(Cl)c3)cc2Cl)C(C)=O)c(OC)cc1Cl,166,166.0
1432,1956,Cl.ClCCNCCCl,215.0,215.0
1433,1957,CCN(CCCl)CCCl,-34,34.0
1434,1958,CN(CCCl)CCCl,-60,60.0
1435,1959,ClCc1ccccc1Cl,-17,17.0
1436,1961,ClCc1ccc(Cl)cc1,31,31.0
1437,1963,C=C(CCl)CCl,-14,14.0
1438,1964,ClCSc1ccc(Cl)cc1,21.5,21.5
1439,1965,O=C(CCl)c1ccc(Cl)cc1,101.5,101.5
1440,1966,CC(C)CCCC(C)C1CCC2C3CC=C4CC(Cl)CCC4(C)C3CCC12C,96,96.0
1441,1967,O=C(O)C=Cc1ccccc1Cl,212,212.0
1442,1968,O=C(O)C=Cc1cccc(Cl)c1,165,165.0
1443,1969,O=C(O)C=Cc1ccc(Cl)cc1,249.5,249.5
1444,1971,O=C1CCCCC1Cl,23,23.0
1445,1977,CCCCCCCCCCCl,-31.3,-31.3
1446,1978,OCCCCCCCCCCCl,12.5,12.5
1447,1980,CN=C1CN(O)C(c2ccccc2)=c2cc(Cl)ccc2=N1,236.2,236.2
1448,1981,ClC(Br)Br,-20,20.0
1449,1982,C[Si](C)(Cl)C(Cl)Cl,-48,48.0
1450,1983,O=C(Nc1ccc(Cl)c(Cl)c1)c1cc(Cl)ccc1O,247,247.0
1451,1987,CC[Al](Cl)CC,-74,74.0
1452,1988,CCN(CC)CCCl.Cl,200,200.0
1453,1989,O=C(O)C(F)(F)Cl,25,25.0
1454,1990,CC(F)(F)Cl,-130.43(2),-130.43
1455,1991,FC(F)CCl,-130.79,-130.79
1456,1992,FC(F)=CCl,-138.5,-138.5
1457,1993,FC(F)Cl,-157.42,-157.42
1458,1994,Oc1ccc(Cl)c2c1CCC2,92,92.0
1459,1995,Cl[As]1c2ccccc2Nc2ccccc21,195,195.0
1460,1996,CC(C)C[Al](Cl)CC(C)C,-40,40.0
1461,1997,COc1cc(OC)c(Cl)cc1N,91,91.0
1462,1999,COc1cc(NC(=O)CC(C)=O)c(OC)cc1Cl,107,107.0
1463,2000,C[Al](C)Cl,-45,45.0
1464,2001,CN(C)CCCN1c2ccccc2Sc2ccc(Cl)cc21.Cl,198(2),198.0
1465,2004,CN(C)c1ccc(Cl)cc1,35.5,35.5
1466,2005,Cc1ccc(C)c(Cl)c1,0.8,0.8
1467,2006,Cc1ccc(Cl)cc1C,-6,6.0
1468,2007,CN(C)CCCl.Cl,201.0,201.0
1469,2009,Cc1cc(Cl)c(C)cc1O,74.5,74.5
1470,2010,Cc1cc(Cl)cc(C)c1O,83,83.0
1471,2011,Cc1cc(O)cc(C)c1Cl,115,115.0
1472,2014,CC(C)(C)CCl,-20(4),20.0
1473,2015,CC(C)(CCl)C(=O)O,41(4),41.0
1474,2016,C[Si](C)Cl,-111,111.0
1475,2017,Nc1c(Cl)cc([N+](=O)[O-])cc1[N+](=O)[O-],157,157.0
1476,2018,Nc1c([N+](=O)[O-])cc(Cl)cc1[N+](=O)[O-],147,147.0
1477,2019,O=[N+]([O-])c1ccc(Cl)c([N+](=O)[O-])c1,50.2(9),50.2
1478,2020,O=[N+]([O-])c1cccc([N+](=O)[O-])c1Cl,88,88.0
1479,2021,O=[N+]([O-])c1cc([N+](=O)[O-])c2ccccc2c1Cl,146.5,146.5
1480,2022,O=[N+]([O-])c1cc(Cl)cc([N+](=O)[O-])c1O,81,81.0
1481,2023,O=[N+]([O-])c1cnc(Cl)c([N+](=O)[O-])c1,66.5,66.5
1482,2024,O=[N+]([O-])c1cc(C(F)(F)F)cc([N+](=O)[O-])c1Cl,57,57.0
1483,2025,O=C1OCC(Cl)O1,110,110.0
1484,2026,O=C(c1ccccc1)C(Cl)c1ccccc1,68.5,68.5
1485,2027,ClC(c1ccccc1)c1ccccc1,17.0(4),17.0
1486,2028,CCCCCCCCCCCCCl,-9.3,-9.3
1487,2029,CCCl,-138.35,-138.35
1488,2031,OCCCl,-68(2),68.0
1489,2033,C=CCl,-153.84(2),-153.84
1490,2034,CCOc1ccc(Cl)cc1,17.1(2),17.1
1491,2035,ClCCOc1ccccc1,28,28.0
1492,2040,Cl.NCCCl,146.3,146.3
1493,2043,CCc1ccccc1Cl,-83.3(2),-83.3
1494,2044,CCc1cccc(Cl)c1,-55.0(2),-55.0
1495,2045,CCc1ccc(Cl)cc1,-62.5(1),-62.5
1496,2047,O=NN(CCCl)C(=O)NC1CCCCC1,90,90.0
1497,2049,Cl.ClCCN(Cc1ccccc1)Cc1ccccc1,194,194.0
1498,2053,CC1CCC(NC(=O)N(CCCl)N=O)CC1,64 dec,64.0
1499,2056,Cl.ClCCN1CCOCC1,185,185.0
1500,2058,C=COCCCl,-70,70.0
1501,2059,Nc1ccc(F)c(Cl)c1,45.0,45.0
1502,2060,Fc1ccccc1Cl,-43,43.0
1503,2062,Fc1ccc(Cl)cc1,-26.8,-26.8
1504,2065,FCCl,-135.15,-135.15
1505,2067,O=[N+]([O-])c1ccc(F)c(Cl)c1,41.5,41.5
1506,2069,O=C1C=C(Cl)C(=O)O1,33,33.0
1507,2070,FC1(F)C(F)(F)C(F)(Cl)C1(F)F,-39.1,-39.1
1508,2071,CCCCCCCCl,-69.4(4),-69.4
1509,2075,OCCCCCCCCl,11,11.0
1510,2076,CCCCCCCCCCCCCCCCCl,17.9,17.9
1511,2077,CCCCCCCl,-94(1),94.0
1512,2081,CC12CCC(=O)C(Cl)=C1CCC1C2CCC2(C)C(O)CCC12,189,189.0
1513,2082,O=Cc1cc(Cl)ccc1O,100.3,100.3
1514,2083,O=C(O)C(O)c1ccc(Cl)cc1,120.3,120.3
1515,2084,O=C(O)c1ccc(O)c(Cl)c1,171,171.0
1516,2085,O=C(O)c1cc(Cl)ccc1O,174.8,174.8
1517,2086,O=C(c1ccccc1)c1cc(Cl)ccc1O,95.3,95.3
1518,2087,COc1cc(C=O)cc(Cl)c1O,169.4(6),169.4
1519,2088,Clc1ccccc1I,0.7,0.7
1520,2090,Clc1ccc(I)cc1,53.57(5),53.57
1521,2094,Oc1c(I)cc(Cl)c2cccnc12,178.5,178.5
1522,2095,O=C=Nc1ccccc1Cl,30.5,30.5
1523,2097,CC(C)c1ccccc1Cl,-74.4,-74.4
1524,2098,CC(C)c1ccc(Cl)cc1,-12.3,-12.3
1525,2099,S=C=Nc1ccc(Cl)cc1,46,46.0
1526,2100,CCl,-97.64(3),-97.64
1527,2101,COc1cc(Cl)ccc1N,52,52.0
1528,2102,COc1ccc(Cl)cc1N,84,84.0
1529,2108,CNc1ccc(Cl)cc1C(=O)c1ccccc1,92,92.0
1530,2110,Cc1ccc(N)c(Cl)c1,7,7.0
1531,2112,Cc1c(N)cccc1Cl,1,1.0
1532,2113,Cc1ccc(N)cc1Cl,26,26.0
1533,2114,Cc1cc(Cl)ccc1N,30.3,30.3
1534,2115,Cc1ccc(Cl)cc1N,26,26.0
1535,2116,Cc1ccc2c(c1Cl)C(=O)c1ccccc1C2=O,170.5,170.5
1536,2117,ClCc1ccccc1,-39.4(6),-39.4
1537,2121,ClCc1ccc2c(c1)OCO2,20.5,20.5
1538,2122,CC(C)CCCl,-104.4,-104.4
1539,2123,CCC(C)(C)Cl,-72.6(5),-72.6
1540,2126,C#CC(C)(C)Cl,-61,61.0
1541,2127,ClCC1CC1,-90.9,-90.9
1542,2138,Cc1cc(O)c(C(C)C)cc1Cl,63,63.0
1543,2139,COc1ccc(CCl)cc1,24.5,24.5
1544,2143,COCCl,-103.5,-103.5
1545,2145,ClCc1cccc2ccccc12,32,32.0
1546,2146,ClCc1ccc2ccccc2c1,48.5,48.5
1547,2147,O=[N+]([O-])c1ccccc1CCl,47.7(2),47.7
1548,2148,O=[N+]([O-])c1cccc(CCl)c1,46,46.0
1549,2149,O=[N+]([O-])c1ccc(CCl)cc1,71,71.0
1550,2150,Cc1c(Cl)cccc1[N+](=O)[O-],37.8,37.8
1551,2151,Cc1cc([N+](=O)[O-])ccc1Cl,42.5,42.5
1552,2152,Cc1ccc(Cl)c([N+](=O)[O-])c1,7.2(2),7.2
1553,2153,Cc1ccc([N+](=O)[O-])cc1Cl,66.5,66.5
1554,2154,Cc1ccc(Cl)cc1[N+](=O)[O-],36.5(10),36.5
1555,2158,Cc1ccc(Cl)c(O)c1,46(3),46.0
1556,2160,Cc1ccc(O)cc1Cl,55.5,55.5
1557,2161,Cc1cc(Cl)ccc1O,51,51.0
1558,2162,Cc1cc(O)ccc1Cl,55(2),55.0
1559,2163,Cc1cc(Cl)ccc1OCC(=O)O,119.7(9),119.7
1560,2164,Cc1cc(Cl)ccc1OCCCC(=O)O,100.4(5),100.4
1561,2166,O=P(O)(O)CCl,90,90.0
1562,2167,O=C1c2ccccc2C(=O)N1CCl,133.5(5),133.5
1563,2169,CC(C)CCl,-130.3,-130.3
1564,2170,CC(C)(C)Cl,-25.60(2),-25.6
1565,2173,Cl.ClCc1cccnc1,143.8,143.8
1566,2174,C[SiH2]Cl,-135,135.0
1567,2175,CS(=O)(=O)c1ccc(Cl)cc1,98,98.0
1568,2180,Clc1cccc2ccccc12,-6.0(2),-6.0
1569,2181,Clc1ccc2ccccc2c1,58.02(5),58.02
1570,2182,Oc1ccc(Cl)c2ccccc12,120.5,120.5
1571,2183,COc1cc(Cl)c(OC)cc1Cl,131.2(3),131.2
1572,2184,Nc1ccc([N+](=O)[O-])cc1Cl,108.4(5),108.4
1573,2185,Nc1cc([N+](=O)[O-])ccc1Cl,120.8(5),120.8
1574,2186,Nc1ccc(Cl)cc1[N+](=O)[O-],116.5,116.5
1575,2187,Nc1ccc(Cl)c([N+](=O)[O-])c1,103,103.0
1576,2188,Nc1cc(Cl)ccc1[N+](=O)[O-],125.8(5),125.8
1577,2189,O=C1c2cccc([N+](=O)[O-])c2C(=O)c2cccc(Cl)c21,315.3,315.3
1578,2190,O=Cc1cc([N+](=O)[O-])ccc1Cl,81.3,81.3
1579,2191,O=Cc1ccc(Cl)c([N+](=O)[O-])c1,64.5,64.5
1580,2192,O=[N+]([O-])c1ccccc1Cl,32.1(3),32.1
1581,2193,O=[N+]([O-])c1cccc(Cl)c1,43.6(2),43.6
1582,2194,O=[N+]([O-])c1ccc(Cl)cc1,82.2(7),82.2
1583,2195,Nc1cc(Cl)cc([N+](=O)[O-])c1N,167,167.0
1584,2196,NS(=O)(=O)c1ccc(Cl)c([N+](=O)[O-])c1,175,175.0
1585,2197,O=[N+]([O-])c1cc(S(=O)(=O)Cl)ccc1Cl,60.8,60.8
1586,2198,O=C(O)c1ccc([N+](=O)[O-])cc1Cl,141.8,141.8
1587,2199,O=C(O)c1cc([N+](=O)[O-])ccc1Cl,166.5,166.5
1588,2200,O=C(O)c1ccc(Cl)c([N+](=O)[O-])c1,182.8,182.8
1589,2202,O=[N+]([O-])c1ccc(O)c(Cl)c1,107.5(4),107.5
1590,2203,O=[N+]([O-])c1cc(Cl)ccc1O,87.2(4),87.2
1591,2204,O=[N+]([O-])c1ccc(Cl)cc1O,39(3),39.0
1592,2206,CC(C)(Cl)[N+](=O)[O-],-21.5(2),-21.5
1593,2207,O=[N+]([O-])c1cccnc1Cl,104.0,104.0
1594,2208,O=[N+]([O-])c1cc(C(F)(F)F)ccc1Cl,-1.3,-1.3
1595,2209,O=[N+]([O-])c1ccc(Cl)c(C(F)(F)F)c1,22,22.0
1596,2210,CCCCCCCCCCl,-39.4,-39.4
1597,2211,OCCCCCCCCCCl,28,28.0
1598,2212,CCCCCCCCCCCCCCCCCCCl,28.6,28.6
1599,2213,CCCCCCCCCl,-57.8,-57.8
1600,2216,O=C(C(F)(F)F)C(F)(F)Cl,-133,133.0
1601,2218,FC(F)(F)C(F)(F)Cl,-99.4(1),-99.4
1602,2219,CCCCCCl,-99.0,-99.0
1603,2221,CCC(Cl)CC,-105(2),105.0
1604,2222,O=C(O)CCCCCl,18,18.0
1605,2228,Oc1ccccc1Cl,8(1),8.0
1606,2229,Oc1cccc(Cl)c1,32.5(3),32.5
1607,2230,Oc1ccc(Cl)cc1,43.1(7),43.1
1608,2231,O=S1(=O)OC(c2ccc(O)c(Cl)c2)(c2ccc(O)c(Cl)c2)c2ccccc21,261,261.0
1609,2232,Clc1ccc2c(c1)Nc1ccccc1S2,198.5,198.5
1610,2233,O=C(O)COc1ccccc1Cl,148.5,148.5
1611,2234,O=C(O)COc1cccc(Cl)c1,110,110.0
1612,2235,O=C(O)COc1ccc(Cl)cc1,158.3(5),158.3
1613,2237,OCC(O)COc1ccc(Cl)cc1,78,78.0
1614,2238,CC(Oc1cccc(Cl)c1)C(=O)O,113,113.0
1615,2240,CC(=O)Nc1ccccc1Cl,86.7(5),86.7
1616,2241,CC(=O)Nc1cccc(Cl)c1,76.6(5),76.6
1617,2242,CC(=O)Nc1ccc(Cl)cc1,178.4(5),178.4
1618,2243,OC(c1ccccc1)c1ccc(Cl)cc1,59,59.0
1619,2244,O=S(=O)(Oc1ccc(Cl)cc1)c1ccccc1,59.3(5),59.3
1620,2245,O=C(CCCCl)c1ccccc1,19.5,19.5
1621,2246,O=S(=O)(Oc1ccc(Cl)cc1)c1ccc(Cl)cc1,88(1),88.0
1622,2247,O=C(c1ccc(Cl)cc1)c1ccccc1Cl,65.7(5),65.7
1623,2248,CN(C)C(=O)Nc1ccc(Cl)cc1,168.3(3),168.3
1624,2250,CC(=O)c1ccc(Cl)cc1,18.4(2),18.4
1625,2251,CCc1nc(N)nc(N)c1-c1ccc(Cl)cc1,233.5,233.5
1626,2252,O=C1c2ccccc2C(=O)C1c1ccc(Cl)cc1,145.5,145.5
1627,2253,O=C=Nc1ccc(Cl)cc1,31.3,31.3
1628,2255,CC(=O)CC(=O)Nc1ccccc1Cl,106.5,106.5
1629,2256,O=C(c1ccccc1)c1ccc(Cl)cc1,77.5,77.5
1630,2257,O=C(O)CCc1ccccc1Cl,102,102.0
1631,2258,O=C(O)CCc1cccc(Cl)c1,77,77.0
1632,2259,O=C(O)CCc1ccc(Cl)cc1,126,126.0
1633,2260,O=C(CCCl)c1ccccc1,49.5,49.5
1634,2261,CCC(=O)c1ccc(Cl)cc1,37.3,37.3
1635,2262,O=C(O)C#Cc1cccc(Cl)c1,144.5,144.5
1636,2264,O=S(=O)(c1ccccc1)c1ccc(Cl)cc1,94,94.0
1637,2265,Clc1nnnn1-c1ccccc1,123,123.0
1638,2266,NC(=S)Nc1ccccc1Cl,143.3(5),143.3
1639,2267,C=Cc1c(C)c2cc3nc(c4c5[n-]c(cc6nc(cc1[n-]2)C(C)=C6CC)c(C)c5C(=O)C4C(=O)OC)C(CCC(=O)OCC=C(C)CCCC(C)CCCC(C)CCCC(C)C)C3C.[Mg+2],152.3,152.3
1640,2268,C=Cc1c(C)c2cc3nc(c4c5[n-]c(cc6nc(cc1[n-]2)C(C=O)=C6CC)c(C)c5C(=O)C4C(=O)OC)C(CCC(=O)OCC=C(C)CCCC(C)CCCC(C)CCCC(C)C)C3C.[Mg+2],125,125.0
1641,2269,CCCNC(=O)NS(=O)(=O)c1ccc(Cl)cc1,128,128.0
1642,2271,CCCCl,-122.9(7),-122.9
1643,2272,CC(C)Cl,-117.1(2),-117.1
1644,2276,N#CCCCl,-51.4(2),-51.4
1645,2278,O=C(O)CCCl,41(4),41.0
1646,2283,CC=CCl,-134.8,-134.8
1647,2285,C=C(C)Cl,-137.4(4),-137.4
1648,2286,C=CCCl,-136(2),136.0
1649,2287,C=C(Cl)C#N,-65,65.0
1650,2288,C=C(Cl)C(=O)O,66,66.0
1651,2289,ClCC=Cc1ccccc1,8.5,8.5
1652,2290,CC(C)OC(=O)Nc1cccc(Cl)c1,42.5(3),42.5
1653,2291,CC(C)OC(=O)C(O)(c1ccc(Cl)cc1)c1ccc(Cl)cc1,72.3(3),72.3
1654,2296,C#CCCl,-78,78.0
1655,2297,Clc1ncnc2nc[nH]c12,176 dec,176.0
1656,2298,Nc1ccc(Cl)nn1,220,220.0
1657,2299,Nc1ccc(Cl)cn1,137,137.0
1658,2302,Clc1ccncc1,-43.5,-43.5
1659,2303,O=C(O)c1cccnc1Cl,>175 dec,175.0
1660,2304,O=C(O)c1ccc(Cl)nc1,198 dec,198.0
1661,2306,CCN(CC)CCCC(C)Nc1ccnc2cc(Cl)ccc12,90,90.0
1662,2307,Clc1ccc2ccccc2n1,38.4(5),38.4
1663,2308,Clc1ccnc2ccccc12,34.9(5),34.9
1664,2309,Clc1ccc2ncccc2c1,45.9(5),45.9
1665,2310,Clc1cccc2cccnc12,-20,20.0
1666,2311,Oc1ccc(Cl)c2cccnc12,130,130.0
1667,2312,C=Cc1ccccc1Cl,-63.1,-63.1
1668,2314,C=Cc1ccc(Cl)cc1,15.9,15.9
1669,2315,O=C1CCC(=O)N1Cl,150,150.0
1670,2316,CCCCCCCCCCCCCCCl,4.9,4.9
1671,2317,CCN(CC)c1nc(Cl)nc(N(CC)CC)n1,27,27.0
1672,2318,FC(F)C(F)(F)Cl,-117,117.0
1673,2319,FC(Cl)C(F)(F)F,-199.15,-199.15
1674,2320,N#Cc1c(Cl)c(Cl)c(Cl)c(C#N)c1Cl,253.1(7),253.1
1675,2322,NS(=O)(=O)c1cc2c(cc1Cl)NC=NS2(=O)=O,350 dec,350.0
1676,2323,Clc1cccs1,-71.85(5),-71.85
1677,2325,O=c1c2ccccc2sc2ccc(Cl)cc12,153.5,153.5
1678,2326,Cc1ccccc1Cl,-35.9(7),-35.9
1679,2327,Cc1cccc(Cl)c1,-47.8,-47.8
1680,2328,Cc1ccc(Cl)cc1,7.4(2),7.4
1681,2329,Nc1nc(N)nc(Cl)n1,>330,330.0
1682,2330,Clc1ccccc1C(Cl)(Cl)Cl,29.4(2),29.4
1683,2332,CCO[Si](Cl)(OCC)OCC,-51,51.0
1684,2333,CC[Pb](Cl)(CC)CC,123 dec,123.0
1685,2337,FC(F)(F)CCl,-105.5,-105.5
1686,2338,FC(F)=C(F)Cl,-158.15,-158.15
1687,2339,FC(F)(F)Cl,-181.15,-181.15
1688,2341,Nc1ccc(Cl)c(C(F)(F)F)c1,36.5,36.5
1689,2342,FC(F)(F)c1ccccc1Cl,-6(2),6.0
1690,2343,FC(F)(F)c1cccc(Cl)c1,-56,56.0
1691,2344,FC(F)(F)c1ccc(Cl)cc1,-33,33.0
1692,2345,FC(F)(F)CCCl,-93.73(6),-93.73
1693,2346,CC(C)(C)CC(C)(C)Cl,-26,26.0
1694,2347,C[Sn](C)(C)Cl,38.5,38.5
1695,2348,O=[N+]([O-])c1cc([N+](=O)[O-])c(Cl)c([N+](=O)[O-])c1,82(1),82.0
1696,2349,O=[N+]([O-])C(Cl)([N+](=O)[O-])[N+](=O)[O-],5.8(2),5.8
1697,2350,ClC(c1ccccc1)(c1ccccc1)c1ccccc1,109.2(5),109.2
1698,2352,Cl[Sn](c1ccccc1)(c1ccccc1)c1ccccc1,103.5,103.5
1699,2353,CCC[Sn](Cl)(CCC)CCC,-23.5,-23.5
1700,2355,CN(C)C(=O)Nc1ccc(Oc2ccc(Cl)cc2)cc1,152.0(9),152.0
1701,2356,O=CC(NC(=O)N(CCCl)N=O)C(O)C(O)C(O)CO,147 dec,147.0
1702,2357,NC(=O)OCC(O)COc1ccc(Cl)cc1,90,90.0
1703,2359,CN(C)CCC(c1ccc(Cl)cc1)c1ccccn1.O=C(O)C=CC(=O)O,132.5,132.5
1704,2362,CN(C)CCC=C1c2ccccc2Sc2ccc(Cl)cc21,97.1(3),97.1
1705,2363,CCOP(=S)(OCC)Oc1nc(Cl)c(Cl)cc1Cl,43(1),43.0
1706,2364,COP(=S)(OC)Oc1nc(Cl)c(Cl)cc1Cl,46.0(5),46.0
1707,2365,COc1nc(C)nc(NC(=O)NS(=O)(=O)c2ccccc2Cl)n1,176,176.0
1708,2366,CN(C)C1C(=O)C(C(N)=O)=C(O)C2(O)C(=O)C3=C(O)c4c(O)ccc(Cl)c4C(C)(O)C3CC12,168.5,168.5
1709,2367,NS(=O)(=O)c1cc(C2(O)NC(=O)c3ccccc32)ccc1Cl,225 dec,225.0
1710,2368,COP(=S)(OC)Oc1ccc([N+](=O)[O-])c(Cl)c1,21,21.0
1711,2370,Cc1ccc(NC(=O)N(C)C)cc1Cl,147,147.0
1712,2371,CCCC(C)C1CCC2C3CCC4CCCCC4(C)C3CCC12C,90,90.0
1713,2372,CC(CCC(=O)O)C1CCC2C3CCC4CCCCC4(C)C3CCC12C,163.5,163.5
1714,2373,CC(C)CCCC(C)C1CCC2C3CC=C4C=CCCC4(C)C3CCC12C,80,80.0
1715,2374,CC(C)CCCC(C)C1CCC2C3=CC=C4CC(O)CCC4(C)C3CCC21C,150.5,150.5
1716,2375,CC(C)=CCCC(C)C1CCC2C3=C(CCC21C)C1(C)CCC(O)CC1CC3,110,110.0
1717,2376,CC(C)CCCC(C)C1CCC2C3CCC4CCCCC4(C)C3CCC12C,78.6(5),78.6
1718,2378,CC(C)CCCC(C)C1CCC2C3CCC4CC(O)CCC4(C)C3CCC12C,141.5,141.5
1719,2380,CC(C)CCCC(C)C1CCC2C3CCC4=CC(O)CCC4(C)C3CCC12C,132,132.0
1720,2381,CC(C)CCCC(C)C1CCC2C3CC=C4CC(O)CCC4(C)C3CCC12C,141.5,141.5
1721,2382,CC(=O)OC1CCC2(C)C(=CCC3C2CCC2(C)C(C(C)CCCC(C)C)CCC32)C1,114.6(5),114.6
1722,2383,CC(C)CCCC(C)C1CCC2C3CC=C4CC(OC(=O)c5ccccc5)CCC4(C)C3CCC12C,150(1),150.0
1723,2384,CCCCCCCCCCCCCCCC(=O)OC1CCC2(C)C(=CCC3C2CCC2(C)C(C(C)CCCC(C)C)CCC32)C1,79.7(5),79.7
1724,2385,CCCCCCCCC=CCCCCCCCC(=O)OC1CCC2(C)C(=CCC3C2CCC2(C)C(C(C)CCCC(C)C)CCC32)C1,47.9(5),47.9
1725,2386,CC(C)CCCC(C)C1CCC2C3CCC4=CC(=O)CCC4(C)C3CCC12C,81.5,81.5
1726,2388,CC(CCC(=O)O)C1CCC2C3C(O)CC4CC(O)CCC4(C)C3CC(O)C12C,198,198.0
1727,2389,C[N+](C)(C)CCO.[Cl-],305 dec,305.0
1728,2391,C=C(OC1C=C(C(=O)O)C=CC1O)C(=O)O,148,148.0
1729,2392,[C-]#[O+].[C-]#[O+].[C-]#[O+].[C-]#[O+].[C-]#[O+].[C-]#[O+].[Cr],130 dec,130.0
1730,2394,CC(=O)C=C(C)[O-].CC(=O)C=C(C)[O-].CC(=O)C=C(C)[O-].[Cr+3],208.7(5),208.7
1731,2395,O=[N+]([O-])c1ccc(N=Nc2c(S(=O)(=O)[O-])cc3cc(S(=O)(=O)[O-])cc(O)c3c2O)cc1.[Na+].[Na+],300,300.0
1732,2397,Nc1cc2c3ccccc3ccc2c2ccccc12,210.5,210.5
1733,2398,c1ccc2c(c1)ccc1c3ccccc3ccc21,255.0(1),255.0
1734,2401,CC(=O)C(N=Nc1ccc(C)cc1[N+](=O)[O-])C(=O)Nc1ccccc1,256,256.0
1735,2402,CC(=O)C(N=Nc1ccc(-c2ccc(N=NC(C(C)=O)C(=O)Nc3ccccc3)c(Cl)c2)cc1Cl)C(=O)Nc1ccccc1,317,317.0
1736,2405,COP(=S)(OC)Oc1ccc(C#N)cc1,15,15.0
1737,2406,CCCC(O)C=CC=CC=CC#CC#CCCCO,54,54.0
1738,2407,CN=C(NC#N)NCCSCc1nc[nH]c1C,142,142.0
1739,2408,C=CC1CN2CCC1CC2c1[nH]c2ccccc2c1CCO,186,186.0
1740,2409,C=CC1CN2CCC1CC2C(O)c1ccnc2ccccc12,210.5,210.5
1741,2411,C=CC1CNCCC1CCC(=O)c1ccnc2ccccc12,59,59.0
1742,2412,O=CC=Cc1ccccc1,-7.5,-7.5
1743,2413,CC(C(O)c1ccccc1)N(C)CC=Cc1ccccc1,75,75.0
1744,2414,O=C(O)C=Cc1ccccc1,42,42.0
1745,2416,Nc1ccccc1C(=O)OCC=Cc1ccccc1,64,64.0
1746,2417,O=C(C=Cc1ccccc1)OCC=Cc1ccccc1,44,44.0
1747,2418,O=COCC=Cc1ccccc1,0,0.0
1748,2419,c1ccc2nnccc2c1,38,38.0
1749,2420,CCOCCOC(=O)C=Cc1ccc(OC)cc1,-25,25.0
1750,2421,O=c1c2ccccc2[nH]c2cc3c(=O)c4ccccc4[nH]c3cc12,390,390.0
1751,2423,COc1cc(N)c(Cl)cc1C(=O)NC1CCN(CCCOc2ccc(F)cc2)CC1OC,132,132.0
1752,2424,CC(C=O)=CC=CC(C)=CC=CC=C(C)C=CC=C(C)C=CC1=C(C)CC(O)CC1(C)C,147,147.0
1753,2425,O=C(O)c1cc(O)[nH]c(=O)c1,>300 dec,300.0
1754,2426,O=C(O)CC(O)(CC(=O)O)C(=O)O,153,153.0
1755,2427,O.O=C(O)CC(O)(CC(=O)O)C(=O)O,135,135.0
1756,2428,CC1=C2C(=COC(C)C2C)C(=O)C(C(=O)O)=C1O,178 dec,178.0
1757,2429,NC(=O)NCCCC(N)C(=O)O,222,222.0
1758,2430,COc1ccc(OC)c(N=Nc2c(O)ccc3ccccc23)c1,156,156.0
1759,2432,CN1CCCC1CCOC(C)(c1ccccc1)c1ccc(Cl)cc1.O=C(O)C=CC(=O)O,181,181.0
1760,2434,C=C(c1ccccc1OCc1cccc(Cl)c1)n1ccnc1,73,73.0
1761,2435,Clc1ccccc1-c1nnc(-c2ccccc2Cl)nn1,182,182.0
1762,2437,CCOC(=O)NC(C)(C)Cc1ccc(Cl)cc1,52.8,52.8
1763,2439,CCN(CC)CCOc1ccc(C(=C(Cl)c2ccccc2)c2ccccc2)cc1,117,117.0
1764,2440,O=C1CN=C(c2ccccc2Cl)c2cc([N+](=O)[O-])ccc2N1,237.5,237.5
1765,2441,Clc1cccc(Cl)c1NC1=NCCN1,137,137.0
1766,2442,Cc1[nH]c(C)c(Cl)c(=O)c1Cl,>320,320.0
1767,2443,O=C(O)c1nc(Cl)ccc1Cl,151,151.0
1768,2444,Oc1ccc(Cl)cc1Cc1ccccc1,48.5,48.5
1769,2445,Clc1ccccc1C(c1ccccc1)(c1ccccc1)n1ccnc1,148,148.0
1770,2446,CN1CCN(C2=Nc3cc(Cl)ccc3Nc3ccccc32)CC1,183(1),183.0
1771,2448,[C-]#[O+].[C-]#[O+].[C-]#[O+].[C-]#[O+].[Co],≈-30,30.0
1772,2450,CC(=O)C=C(C)[O-].CC(=O)C=C(C)[O-].CC(=O)C=C(C)[O-].[Co+3],213,213.0
1773,2451,COC(=O)C1C(OC(=O)c2ccccc2)CC2CCC1N2C,98,98.0
1774,2452,COc1cc2c(cc1O)C(Cc1ccc(O)cc1)NCC2,220.5,220.5
1775,2453,COc1cc2c(cc1O)C(Cc1ccc(OC)c(OC)c1)N(C)CC2,127,127.0
1776,2454,COc1ccc2c3c1OC1C(O)C=CC4C(C2)N(C)CCC341,157.5,157.5
1777,2455,COc1ccc2c3c1OC1C(O)C=CC4C(C2)N(C)CCC341.O=P(O)(O)O,227 dec,227.0
1778,2459,COc1cc2c(c(OC)c1OC)-c1ccc(O)c(=O)cc1C(NC(C)=O)CC2,178.5,178.5
1779,2460,COc1cc2c(c(OC)c1OC)-c1ccc(OC)c(=O)cc1C(NC(C)=O)CC2,156,156.0
1780,2462,COC(=O)c1cc2cc(CCc3cc4c(o3)C(=O)c3c(O)c(OC)cc(OC)c3C4=O)c(O)c(O)c2c(=O)o1,281,281.0
1781,2463,CC12CC(c3ccoc3)OC(=O)C1CCC1(C)C2C2C=CC1(O)C(=O)O2,195.5,195.5
1782,2464,CC1C2CCC3C4CC=C5CC(N(C)C)CCC5(C)C4CCC32CN1C,125.5,125.5
1783,2465,Nc1c(N=Nc2ccc(-c3ccc(N=Nc4cc(S(=O)(=O)[O-])c5ccccc5c4N)cc3)cc2)cc(S(=O)(=O)[O-])c2ccccc12.[Na+].[Na+],>360,360.0
1784,2466,CCC(O)C1CCCCN1,121,121.0
1785,2467,COc1cc(C=CCO)ccc1OC1OC(CO)C(O)C(O)C1O,186,186.0
1786,2468,C=CC1CN2CCC1CC2C12Nc3ccccc3C1(O)CCO2,123,123.0
1787,2469,CC1OC(OC2CCC3(C=O)C4CCC5(C)C(C6=CC(=O)OC6)CCC5(O)C4CCC3(O)C2)C(O)C(O)C1O,238,238.0
1788,2471,CCOC(=O)CC(C)=O.CCOC(=O)CC(C)=O.[Cu],192,192.0
1789,2472,O=C([O-])C(O)C(O)C(O)C(O)CO.O=C([O-])C(O)C(O)C(O)C(O)CO.[Cu+2],156,156.0
1790,2473,CC(=O)C=C(C)O.CC(=O)C=C(C)O.[Cu],284 dec,284.0
1791,2475,c1cc2ccc3ccc4ccc5ccc6ccc1c1c2c3c4c5c61,437.3(3),437.3
1792,2476,CC12CCC(=O)C=C1CCC1C2C(O)CC2(C)C(C(=O)CO)CCC12,181,181.0
1793,2477,COc1cc2c(cc1O)CCN1Cc3c(ccc(OC)c3OC)C(C)C21,237.5,237.5
1794,2478,CC1C(=O)c2cc3c(cc2CCN(C)Cc2c1ccc1c2OCO1)OCO3,149,149.0
1795,2479,COc1cc2c(cc1OC)C1C(C)c3ccc(OC)c(OC)c3CN1CC2,136,136.0
1796,2480,COc1cc2c3c(c1O)-c1c(ccc(OC)c1OC)CC3N(C)CC2,149,149.0
1797,2481,C=CC1CN2CCc3c([nH]c4ccccc34)C2CC1C(=COC)C(=O)OC,165.5,165.5
1798,2482,COc1c2c(cc3c1C(O)N(C)CC3)OCO2,132 dec,132.0
1799,2483,CCOP(=S)(OCC)Oc1ccc2c(C)c(Cl)c(=O)oc2c1,95.2(2),95.2
1800,2484,O=c1oc2cc(O)ccc2c2oc3cc(O)ccc3c12,385 dec,385.0
1801,2485,CN(CC(=O)O)C(=N)N,303 dec,303.0
1802,2486,CN1CC(=O)N=C1N,300 dec,300.0
1803,2487,Cc1ccccc1O,31.0(6),31.0
1804,2488,Cc1cccc(O)c1,12.2(3),12.2
1805,2489,Cc1ccc(O)cc1,34.77(5),34.77
1806,2490,Cc1cc(C2(c3ccc(O)c(C)c3)OC(=O)c3ccccc32)ccc1O,223,223.0
1807,2491,Cc1cc(C2(c3cc(C)c(O)c(CN(CC(=O)O)CC(=O)O)c3)OC(=O)c3ccccc32)cc(CN(CC(=O)O)CC(=O)O)c1O,186,186.0
1808,2492,Cc1cc(C2(c3ccc(O)c(C)c3)OS(=O)(=O)c3ccccc32)ccc1O,>300,300.0
1809,2493,Cc1ccc(OP(=O)(Oc2ccccc2)Oc2ccccc2)cc1,-40,40.0
1810,2494,Cc1cc(N(C)C)nc(Cl)n1,87,87.0
1811,2495,O=C(O)c1cc(=O)c2c(OCC(O)COc3cccc4oc(C(=O)O)cc(=O)c34)cccc2o1,241 dec,241.0
1812,2496,CNP(=O)(OC)Oc1ccc(C(C)(C)C)cc1Cl,60.1(5),60.1
1813,2497,COc1cc2c(cc1OC)C(=O)Cc1ccc3c(c1CN(C)CC2)OCO3,223,223.0
1814,2498,CN(C)c1ccc(C(=C2C=CC(=[N+](C)C)C=C2)c2ccc(N(C)C)cc2)cc1.[Cl-],215 dec,215.0
1815,2499,OC1OCC(Cc2ccc3c(c2)OCO3)C1Cc1ccc2c(c1)OCO2,131.5,131.5
1816,2500,CC(=O)OC(C)(C)C=CC(=O)C(C)(O)C1C(O)CC2(C)C3CC=C4C(CC(O)C(=O)C4(C)C)C3(C)C(=O)CC12C,181,181.0
1817,2501,CC(=O)OC(C)(C)C=CC(=O)C(C)(O)C1C(O)CC2(C)C3CC=C4C(CCC(O)C4(C)C)C3(CO)C(=O)CC12C,207.5,207.5
1818,2502,[NH4+].[O-]N=[N+]([O-])c1ccccc1,163.5,163.5
1819,2503,C=CC1CN2CCC1CC2C(O)c1ccnc2ccc(O)cc12,202,202.0
1820,2504,CCC1CN2CCC34c5ccccc5NC3C(CO)C1CC24,135 dec,135.0
1821,2505,COc1cc(C=CC(=O)CC(=O)C=Cc2ccc(O)c(OC)c2)ccc1O,183,183.0
1822,2508,COc1cc(CCc2ccc3c(c2)OCO3)nc2ccccc12,92,92.0
1823,2509,CC(CN(C)C)CN1c2ccccc2Sc2ccc(C#N)cc21,92,92.0
1824,2510,N#CN,45.55(4),45.55
1825,2511,CCNc1nc(Cl)nc(NC(C)(C)C#N)n1,165.6(5),165.6
1826,2512,N#CO,-86,86.0
1827,2513,N#CCC(N)=O,114.1(3),114.1
1828,2514,N#CCC(=O)O,66,66.0
1829,2515,N#CCC(=O)NN,114.5,114.5
1830,2516,C#CC#N,5,5.0
1831,2517,N#Cc1cccc(C(=O)O)c1,223(1),223.0
1832,2518,N#Cc1ccc(C(=O)O)cc1,220(1),220.0
1833,2519,N#CCCCC(=O)O,45,45.0
1834,2521,CCOP(=S)(Oc1ccc(C#N)cc1)c1ccccc1,83,83.0
1835,2522,N#CC#N,-27.83,-27.83
1836,2523,N#CBr,52,52.0
1837,2524,N#CCl,-6.55,-6.55
1838,2525,N#CF,-82,82.0
1839,2526,N#CI,146.7,146.7
1840,2527,N#CN=C(N)N,207(2),207.0
1841,2528,C[Hg]C#N,92,92.0
1842,2529,N#Cc1ccc(OCC(=O)O)cc1,178,178.0
1843,2530,N#CCC(=O)Nc1ccccc1,199.5,199.5
1844,2531,N#Cc1cscn1,58,58.0
1845,2532,O=c1[nH]c(=O)[nH]c(=O)[nH]1,>330,330.0
1846,2534,C[N+]([O-])=NCOC1OC(CO)C(O)C(O)C1O,154 dec,154.0
1847,2535,CC1CC(OC(=O)C(O)c2ccccc2)CC(C)(C)C1,52,52.0
1848,2536,CN1CCN(C(c2ccccc2)c2ccccc2)CC1,106,106.0
1849,2537,CCSC(=O)N(CC)C1CCCCC1,11.5,11.5
1850,2538,CCC1(C2=CCCCC2)C(=O)NC(=O)NC1=O,173,173.0
1851,2540,C1CCC1,-90.7(3),-90.7
1852,2542,O=C(O)C1CCC1,-7(1),7.0
1853,2543,O=C(O)C1(C(=O)O)CCC1,158.0,158.0
1854,2545,O=C1CCC1,-50.9,-50.9
1855,2547,CCC1NC(=O)C2C(Cl)C(Cl)CN2C(=O)C(CO)NC(=O)CC(c2ccccc2)NC(=O)C(CO)NC1=O,255 dec,255.0
1856,2548,C1CCCCCCCCC1,10.4(9),10.4
1857,2549,O=C1CCCCCCCCC1=O,41(3),41.0
1858,2550,OC1CCCCCCCCC1,42(3),42.0
1859,2551,O=C1CCCCCCCCC1,23(2),23.0
1860,2553,OCC1OC2OC3C(CO)OC(OC4C(CO)OC(OC5C(CO)OC(OC6C(CO)OC(OC7C(CO)OC(OC8C(CO)OC(OC1C(O)C2O)C(O)C8O)C(O)C7O)C(O)C6O)C(O)C5O)C(O)C4O)C(O)C3O,260 dec,260.0
1861,2555,C1CCCCCCCCCCC1,60.8(4),60.8
1862,2557,O=C1CCCCCCCCCCC1,62.4(3),62.4
1863,2558,C1=CCCC=CCCC=CCC1,-17,17.0
1864,2561,O=C1CCCCCCCC=CCCCCCCC1,32.5,32.5
1865,2562,C1=CCCCC=C1,-110.4,-110.4
1866,2564,C1CCCCCC1,-8.0(2),-8.0
1867,2565,O=C1CCCCCC1=O,-40,40.0
1868,2566,OC1CCCCCC1,7.15(5),7.15
1869,2568,C1=CC=CCC=C1,-75.18(6),-75.18
1870,2569,O=c1cccccc1,-5(2),5.0
1871,2570,C1=CCCCCC1,-55.3(2),-55.3
1872,2571,C1=CCCC=C1,-89,89.0
1873,2572,C1=CCC=CC1,-49(1),49.0
1874,2573,O=C1C=CC=CC1=O,≈65 dec,65.0
1875,2574,O=Nc1ccc(NO)cc1,240 dec,240.0
1876,2583,O=C(O)C1CCC(C(=O)O)CC1,312.5,312.5
1877,2584,NCC1CCCC(CN)C1,<-70,70.0
1878,2586,OC1CCCCC1O,95(4),95.0
1879,2587,OC1CCC(O)CC1,143,143.0
1880,2588,O=C1CCCCC1=O,40,40.0
1881,2589,O=C1CCCC(=O)C1,105(2),105.0
1882,2590,O=C1CCC(=O)CC1,78.4(1),78.4
1883,2591,ON=C1CCCCC1=NO,192,192.0
1884,2597,OC1CCCCC1,26(1),26.0
1885,2598,O=C1CCCCC1,-27.93(5),-27.93
1886,2599,ON=C1CCCCC1,89.05(9),89.05
1887,2600,OOC1(OOC2(O)CCCCC2)CCCCC1,79,79.0
1888,2601,C1=CCCCC1,-103.5(4),-103.5
1889,2604,O=CC1CC=CCC1,1.0,1.0
1890,2605,O=C(O)C1=CCCCC1,38,38.0
1891,2606,O=C(O)C1CC=CCC1,17,17.0
1892,2607,O=C(O)C1CC=CCC1C(=O)O,173.0,173.0
1893,2609,O=C1C=CCCC1,-53,53.0
1894,2610,C1=C(c2ccccc2)CCCC1,-11,11.0
1895,2612,CC(=O)C1=CCCCC1,73,73.0
1896,2614,C1=CCC(c2ccncc2)CC1,22.1,22.1
1897,2615,CC1CC(C)C(=O)C(C(O)CC2CC(=O)NC(=O)C2)C1,119,119.0
1898,2620,c1ccc2sc(SNC3CCCCC3)nc2c1,103,103.0
1899,2621,c1ccc(NC2CCCCC2)cc1,16,16.0
1900,2622,c1ccc(C2CCCCC2)cc1,7.02(10),7.02
1901,2623,O=C(OC1CCCCC1)c1ccccc1,<-10,10.0
1902,2625,CC(=CC(=O)O)C1CCCCC1,85.5,85.5
1903,2630,O=[N+]([O-])c1cc(C2CCCCC2)c(O)c([N+](=O)[O-])c1,105.5(3),105.5
1904,2631,O=C(O)CN(CC(=O)O)C1CCCCC1N(CC(=O)O)CC(=O)O,215,215.0
1905,2634,CCc1nncn1C1CCCCC1,89.5,89.5
1906,2636,OOC1CCCCC1,-20,20.0
1907,2638,O=C1CCCCC1=C1CCCCC1,56.5,56.5
1908,2646,Oc1ccccc1C1CCCCC1,54.7(7),54.7
1909,2647,Oc1ccc(C2CCCCC2)cc1,130.6(5),130.6
1910,2648,OC(CCN1CCCCC1)(c1ccccc1)C1CCCCC1,114,114.0
1911,2650,O=S(=O)(O)NC1CCCCC1,169.5,169.5
1912,2651,C1CCCCCCCC1,10.7(3),10.7
1913,2652,O=C1CCCCCCCC1,31.9(3),31.9
1914,2653,C1=CCCCC=CC1,-53(4),53.0
1915,2654,C1=CCCC=CCC1,-69.2(2),-69.2
1916,2655,NC1CCCCCCC1,-48,48.0
1917,2656,C1CCCCCCC1,14.82(4),14.82
1918,2657,OC1CCCCCCC1,25.1,25.1
1919,2658,O=C1CCCCCCC1,44.2(3),44.2
1920,2659,C1=CC=CC=CC=C1,-4.7(1),-4.7
1921,2660,C1=CC=CCCC=C1,-86(8),86.0
1922,2661,C1=CCCCCCC1,-13(4),13.0
1923,2664,CC1=C2CC3C(CC=C4CC(O)CCC43C)C2CCC12OC1CC(C)CNC1C2C,237,237.0
1924,2665,C1CCCCCCCCCCCCCC1,64.0(6),64.0
1925,2666,OC1CCCCCCCCCCCCCC1,80.5,80.5
1926,2667,O=C1CCCCCCCCCCCCCC1,65.2(5),65.2
1927,2668,C1=CCC=C1,-96.54(5),-96.54
1928,2669,C1CCCC1,-93.4(3),-93.4
1929,2670,O=C(O)CC1CCCC1,13.5,13.5
1930,2671,N#CC1CCCC1,-76,76.0
1931,2673,O=C(O)C1CCCC1,-7,7.0
1932,2674,OC1CCCC1O,30,30.0
1933,2679,OC1CCCC1,-17(2),17.0
1934,2680,O=C1CCCC1,-51.70(2),-51.7
1935,2681,ON=C1CCCC1,57.8,57.8
1936,2682,C1=CCCC1,-135.02(9),-135.02
1937,2684,O=CC1=CCCC1,-32,32.0
1938,2685,O=C(O)CCCCCCCCCCCCC1C=CCC1,68(2),68.0
1939,2686,O=C(O)CCCCCCCCCCC1C=CCC1,60.5,60.5
1940,2690,NS(=O)(=O)c1cc2c(cc1Cl)NC(CC1CCCC1)NS2(=O)=O,238,238.0
1941,2691,C=CCC1(C2C=CCC2)C(=O)NC(=O)NC1=O,139.5,139.5
1942,2692,NC1CCCC1,-82.69(5),-82.69
1943,2696,O=P1(N(CCCl)CCCl)NCCCO1,50.4(5),50.4
1944,2697,CC1=C2CC3C(CC=C4CC(OC5OC(CO)C(O)C(O)C5O)CCC43C)C2CCC12OC1CC(C)CNC1C2C,268,268.0
1945,2698,C1CC1,-127.6(2),-127.6
1946,2702,O=C(O)C1CC1,18.5,18.5
1947,2703,O=C(O)C1(C(=O)O)CC1,140.5,140.5
1948,2707,NC1CC1,-35.38(5),-35.38
1949,2708,c1ccc(C2CC2)cc1,-31,31.0
1950,2709,COC1CC1,-110.0(5),-110.0
1951,2710,CC(=O)C1CC1,-68.2(4),-68.2
1952,2711,O=[N+]([O-])N1CN([N+](=O)[O-])CN([N+](=O)[O-])CN([N+](=O)[O-])C1,278(3),278.0
1953,2712,NS(=O)(=O)c1cc2c(cc1Cl)NC(C1CC3C=CC1C3)NS2(=O)=O,234,234.0
1954,2713,CN(C)C(=O)NC1CCCCCCC1,138,138.0
1955,2714,CC1(C)C(C=C(Cl)Cl)C1C(=O)OC(C#N)c1ccc(F)c(Oc2ccccc2)c1,60,60.0
1956,2715,CNC(=O)CSP(=S)(OC)OC,51.4(2),51.4
1957,2716,CC1(C)C(C=C(Cl)C(F)(F)F)C1C(=O)OC(C#N)c1cccc(Oc2ccccc2)c1,49.2,49.2
1958,2717,C1CCC([Sn](C2CCCCC2)C2CCCCC2)CC1.O,196,196.0
1959,2718,CC1(C)C(C=C(Cl)Cl)C1C(=O)OC(C#N)c1cccc(Oc2ccccc2)c1,70,70.0
1960,2719,CC(C)Nc1nc(Cl)nc(NC2CC2)n1,170.4(5),170.4
1961,2720,CN1CCC(=C2c3ccccc3C=Cc3ccccc32)CC1,113,113.0
1962,2721,Nc1nc(N)nc(NC2CC2)n1,220,220.0
1963,2722,Cl.Cl.NCCSSCCN,218 dec,218.0
1964,2723,NCCS,99.5,99.5
1965,2724,NC(CS(=O)(=O)O)C(=O)O,260 dec,260.0
1966,2725,NC(CS)C(=O)O,240 dec,240.0
1967,2726,CCOC(=O)C(N)CS.Cl,125.8,125.8
1968,2727,Cl.NC(CS)C(=O)O,175 dec,175.0
1969,2728,NC(CSSCC(N)C(=O)O)C(=O)O,260 dec,260.0
1970,2729,Nc1ccn(C2OC(CO)C(O)C2O)c(=O)n1,212,212.0
1971,2731,Nc1ccn(C2OC(CO)C(O)C2OP(=O)(O)O)c(=O)n1,239 dec,239.0
1972,2732,Nc1ccn(C2OC(CO)C(OP(=O)(O)O)C2O)c(=O)n1,233 dec,233.0
1973,2733,Nc1ccn(C2OC(COP(=O)(O)O)C(O)C2O)c(=O)n1,233 dec,233.0
1974,2734,O=c1cccc2n1CC1CNCC2C1,153,153.0
1975,2735,C=C1C(C)C2C(Cc3ccccc3)NC(=O)C23OC(=O)C=CC(O)CCCC(C)CC=CC3C1O,219,219.0
1976,2736,C=C1C(C)C2C(Cc3ccccc3)NC(=O)C23C(OC(C)=O)C=CC(C)(O)C(=O)C(C)CC=CC3C1O,270,270.0
1977,2737,CC1CC=CC2C3OC3(C)C(C)C3C(Cc4ccccc4)NC(=O)C23OC(=O)OC=CC(C)(O)C1=O,207,207.0
1978,2738,Nc1ccnc(=O)[nH]1,265(1),265.0
1979,2739,CN(C)N=Nc1nc[nH]c1C(N)=O,205,205.0
1980,2740,Cc1c2oc3c(C)ccc(C(=O)NC4C(=O)NC(C(C)C)C(=O)N5CCCC5C(=O)N(C)CC(=O)N(C)C(C(C)C)C(=O)OC4C)c3nc-2c(C(=O)NC2C(=O)NC(C(C)C)C(=O)N3CCCC3C(=O)N(C)CC(=O)N(C)C(C(C)C)C(=O)OC2C)c(N)c1=O,245 dec,245.0
1981,2741,O=c1c(-c2ccc(O)cc2)coc2cc(O)ccc12,323 dec,323.0
1982,2742,CN(C)NC(=O)CCC(=O)O,152.7(3),152.7
1983,2743,O=C1CN(N=Cc2ccc(-c3ccc([N+](=O)[O-])cc3)o2)C(=O)N1,280,280.0
1984,2744,O=c1c(O)c(-c2ccccc2O)oc2cc(O)cc(O)c12,277.5,277.5
1985,2745,CC(C)C1CCC2(C)CC(O)C3(C)CCC12O3,114,114.0
1986,2746,COc1cccc2c1C(=O)c1c(O)c3c(c(O)c1C2=O)CC(O)(C(C)=O)CC3OC1CC(N)C(O)C(C)O1,208,208.0
1987,2747,CN1CSC(=S)N(C)C1,106,106.0
1988,2748,Brc1c(Br)c(Br)c(Oc2c(Br)c(Br)c(Br)c(Br)c2Br)c(Br)c1Br,305,305.0
1989,2749,Clc1c(Cl)c(Cl)c(-c2c(Cl)c(Cl)c(Cl)c(Cl)c2Cl)c(Cl)c1Cl,306(1),306.0
1990,2752,Fc1c(F)c(F)c(-c2c(F)c(F)c(F)c(F)c2F)c(F)c1F,67.3(8),67.3
1991,2753,C1CCC2CCCCC2C1,-42.9(3),-42.9
1992,2756,C[N+](C)(C)CCCCCCCCCC[N+](C)(C)C.[Br-].[Br-],269 dec,269.0
1993,2757,C[Si]1(C)O[Si](C)(C)O[Si](C)(C)O[Si](C)(C)O[Si](C)(C)O1,-37.0(5),-37.0
1994,2758,C[Si](C)(C)O[Si](C)(C)O[Si](C)(C)O[Si](C)(C)C,-76,76.0
1995,2759,CCCCCCCCCC=O,-3.9(2),-3.9
1996,2760,CCCCCCCCCC,-29.61(2),-29.61
1997,2761,NCCCCCCCCCCN,59.7(4),59.7
1998,2762,N#CCCCCCCCCC#N,8.0(5),8.0
1999,2763,O=C(O)CCCCCCCCC(=O)O,131(1),131.0
2000,2764,OCCCCCCCCCCO,72.4(2),72.4
2001,2765,O=C(Cl)CCCCCCCCC(=O)Cl,-1.3,-1.3
2002,2766,CCCCCCCCCC#N,-14.4(4),-14.4
2003,2767,CCCCCCCCCCS,-25.290(1),-25.29
2004,2768,CCCCCCCCCC(=O)O,31.39(2),31.39
2005,2769,CCCCCCCCCCO,7(1),7.0
2006,2771,CCCCCCCC(O)CC,-7.5,-7.5
2007,2772,CCCCCCC(O)CCC,-11,11.0
2008,2773,CCCCCC(O)CCCC,8.7,8.7
2009,2774,CCCCCCCCC(C)=O,14,14.0
2010,2775,CCCCCCCC(=O)CC,2(4),2.0
2011,2776,CCCCCCC(=O)CCC,-9(4),9.0
2012,2777,CCCCCCCCCC(=O)Cl,-34.5,-34.5
2013,2779,C=CCCCCCCCC,-66.21(3),-66.21
2014,2782,CCCCC=CCCCC,-112(2),112.0
2015,2784,C=CCCCCCCCC(=O)O,26.5,26.5
2016,2787,CN(C)C1C(=O)C(C(N)=O)=C(O)C2(O)C(=O)C3=C(O)c4c(O)ccc(Cl)c4C(O)C3CC12,176 dec,176.0
2017,2788,CCCCCCCCCCOC(C)=O,-15.0(4),-15.0
2018,2789,CCCCCCCCCCN,15(1),15.0
2019,2790,CCCCCCCCCCc1ccccc1,-14.40(8),-14.4
2020,2792,CCCCCCCCCCC1CCCC1,-22.11(5),-22.11
2021,2793,CCCCCCCCCCOC(=O)CCCCCCCCC,10(2),10.0
2022,2795,CCCCCCCCCCC(CCCCCCCCCC)CCCCCCCCCC,9.2(4),9.2
2023,2796,CCCCCCCCCCc1cccc2ccccc12,15,15.0
2024,2798,C=COCCCCCCCCCC,-41,41.0
2025,2799,C#CCCCCCCCC,-44,44.0
2026,2800,CCCCC#CCCCC,-74(4),74.0
2027,2801,CC(C)c1ccc2c(c1)CCC1C(C)(C(=O)O)CCCC21C,172,172.0
2028,2802,Oc1cc(O)c2cc(O)c(-c3cc(O)c(O)c(O)c3)[o+]c2c1.[Cl-],>350,350.0
2029,2803,COCC12CCC(OC)C34C5CC6(O)C(OC)CC(OC(C)=O)(C5C6OC(=O)c5ccccc5)C(C(OC)C13)C4N(C)C2,199,199.0
2030,2804,CC1(C)C(C=C(Br)Br)C1C(=O)OC(C#N)c1cccc(Oc2ccccc2)c1,100.4(5),100.4
2031,2805,CN(CCCCCCCCCCN(C)C(=O)Oc1cccc([N+](C)(C)C)c1)C(=O)Oc1cccc([N+](C)(C)C)c1.[Br-].[Br-],165 dec,165.0
2032,2810,CC(O)C1OC(=O)C(O)=C1O,168,168.0
2033,2811,CC(CCC(=O)O)C1CCC2C3CCC4CC(O)CCC4(C)C3CC(O)C12C,177,177.0
2034,2812,Nc1ccn(C2CC(O)C(COP(=O)(O)O)O2)c(=O)n1,183 dec,183.0
2035,2813,O=c1[nH]c(=O)n(C2CC(O)C(CO)O2)cc1F,150,150.0
2036,2814,O=CCC(O)C(O)C(O)CO,146.5,146.5
2037,2816,OC1CC(O)C(O)C(O)C1O,236,236.0
2038,2817,CNCC(O)C(O)C(O)C(O)CO,128.5,128.5
2039,2818,COC(C(O)C=O)C(O)C(C)O,119,119.0
2040,2819,O=CCC(O)C(O)CO,90,90.0
2041,2820,COC(=O)C1C2CC3c4[nH]c5ccccc5c4CCN3CC2CC(OC(=O)c2cc(OC)c(OC)c(OC)c2)C1OC,230.5,230.5
2042,2821,CC(C)Nc1nc(N)nc(Cl)n1,136,136.0
2043,2822,CC(=O)N(O)CCCCCNC(=O)CCC(=O)N(O)CCCCCNC(=O)CCC(=O)N(O)CCCCCN,139,139.0
2044,2824,CCOC(=O)Nc1cccc(OC(=O)Nc2ccccc2)c1,121.7(5),121.7
2045,2825,CNc1nc(NC(C)C)nc(SC)n1,85,85.0
2046,2826,CC1NC(=O)NC1CCCCCC(=O)O,157,157.0
2047,2830,C[C@H](N)Cc1ccccc1.C[C@H](N)Cc1ccccc1.O=S(=O)(O)O,>300,300.0
2048,2831,Br.COc1ccc2c(c1)C13CCCCC1C(C2)N(C)CC3,123,123.0
2049,2832,CC(=O)CC(C)(C)O,-47(2),47.0
2050,2833,C=CC(OC(C)=O)OC(C)=O,-37.6,-37.6
2051,2834,CC(=O)c1cccc(C(C)=O)c1,32,32.0
2052,2835,CC(=O)c1ccc(C(C)=O)cc1,113.0,113.0
2053,2836,CC(=O)Nc1ccc(-c2ccc(NC(C)=O)cc2)cc1,328.3,328.3
2054,2837,CC(=O)Oc1ccc2c3c1OC1C(OC(C)=O)C=CC4C(C2)N(C)CCC341,173,173.0
2055,2838,CC(=O)OOC(C)=O,30,30.0
2056,2839,CCOP(=S)(OCC)SC(CCl)N1C(=O)c2ccccc2C1=O,68.1(5),68.1
2057,2842,C=CCOC(=O)OCCOCCOC(=O)OCC=C,-4,4.0
2058,2845,C=CCOCC=C,-6,6.0
2059,2851,C=CCN(CC=C)CC=C,94,94.0
2060,2852,C=CCC1(CC=C)C(=O)NC(=O)NC1=O,172(1),172.0
2061,2853,C=CCSCC=C,-85,85.0
2062,2855,C1C2CC3C4CC5CC(C14)C(C2)C3C5,244.73(5),244.73
2063,2856,Nc1ccc2c(c1N)C(=O)c1ccccc1C2=O,303.5,303.5
2064,2857,Nc1ccc(N)c2c1C(=O)c1ccccc1C2=O,268,268.0
2065,2858,Nc1cccc2c1C(=O)c1cccc(N)c1C2=O,319,319.0
2066,2859,Nc1cccc2c1C(=O)c1c(N)cccc1C2=O,265,265.0
2067,2860,Nc1ccc2c(c1)C(=O)c1ccc(N)cc1C2=O,320 dec,320.0
2068,2861,Nc1ccc(N=Nc2ccc(N)cc2)cc1,250.5,250.5
2069,2862,Nc1cc(N)cc(C(=O)O)c1,228,228.0
2070,2863,NCCC(N)C(=O)O,118.1,118.1
2071,2864,N#CC(N)=C(N)C#N,178.5,178.5
2072,2866,Nc1ccc(Oc2ccc(N)cc2)cc1,192.2(2),192.2
2073,2868,Nc1ccc(Sc2ccc(N)cc2)cc1,108.5,108.5
2074,2869,NC(CCCC(N)C(=O)O)C(=O)O,314 dec,314.0
2075,2870,COc1cc(N)c2c(c1N)C(=O)c1ccccc1C2=O,242(1),242.0
2076,2871,Nc1ccc(N)c2c1C(=O)c1cccc([N+](=O)[O-])c1C2=O,278,278.0
2077,2872,Nc1ccc(O)c(N)c1,79 dec,79.0
2078,2873,Cl.Cl.Nc1ccc(O)c(N)c1,235 dec,235.0
2079,2875,Nc1ccc(N=Nc2ccc(S(N)(=O)=O)cc2)c(N)c1,249.5,249.5
2080,2876,NCC(O)CN,42.8,42.8
2081,2877,Nc1ccc(C=Cc2ccc(N)cc2S(=O)(=O)O)c(S(=O)(=O)O)c1,300,300.0
2082,2879,CC(C=CC=C(C)C(=O)O)=CC=CC=C(C)C=CC=C(C)C(=O)O,286,286.0
2083,2880,CC(=O)Nc1c(I)c(NC(C)=O)c(I)c(C(=O)O)c1I,300,300.0
2084,2881,NC(=O)N=NC(N)=O,225(1),225.0
2085,2883,C=[N+]=[N-],-145,145.0
2086,2884,c1ccc2c(c1)ccc1nc3c(ccc4ccccc43)cc12,226.6(7),226.6
2087,2885,c1ccc2c(c1)ccc1nc3ccc4ccccc4c3cc12,219.6(9),219.6
2088,2886,c1ccc2c(c1)ccc1cc3ccc4ccccc4c3nc12,189,189.0
2089,2887,c1ccc2c(c1)ccc1cc3c(ccc4ccccc43)cc12,269(6),269.0
2090,2888,c1ccc2c(c1)ccc1cc3ccc4ccccc4c3cc12,198.2,198.2
2091,2889,NC(=O)N1c2ccccc2C=Cc2ccccc21,190.2,190.2
2092,2890,CN(C)CCN1C(=O)c2ccccc2N(C)c2ccccc21,117,117.0
2093,2891,c1ccc2c(c1)ccc1[nH]c3ccc4ccccc4c3c12,157(1),157.0
2094,2892,c1ccc2c(c1)ccc1c3ccc4ccccc4c3[nH]c21,221.3,221.3
2095,2893,c1ccc2cc3c(ccc4c5cc6ccccc6cc5ccc34)cc2c1,400,400.0
2096,2894,c1ccc2c(c1)Oc1ccccc1O2,117.5(2),117.5
2097,2895,c1ccc2c(c1)oc1ccccc12,82.16(5),82.16
2098,2896,c1ccc2c(c1)cc1c3ccccc3c3cccc4ccc2c1c43,247.0(6),247.0
2099,2897,c1ccc2c(c1)cc1ccc3c4ccccc4cc4ccc2c1c43,318(1),318.0
2100,2898,c1ccc2c(c1)cc1ccc3cc4ccccc4c4ccc2c1c34,283.6(3),283.6
2101,2899,c1ccc2c(c1)cc1ccc3cccc4c5ccccc5c2c1c34,164.5,164.5
2102,2900,c1ccc2c(c1)sc1ccccc12,98.67(2),98.67
2103,2901,O=c1oc(=O)c2ccccc2c2ccccc12,217,217.0
2104,2902,O=C(SSC(=O)c1ccccc1)c1ccccc1,134.5,134.5
2105,2903,c1ccc(CNCc2ccccc2)cc1,-26(1),26.0
2106,2904,c1ccc(CSSCc2ccccc2)cc1,68.6(2),68.6
2107,2905,c1ccc(CNCCNCc2ccccc2)cc1,26,26.0
2108,2906,c1ccc(COCc2ccccc2)cc1,1.8,1.8
2109,2907,O=C1C(=Cc2ccccc2)CCCC1=Cc1ccccc1,117.5,117.5
2110,2909,O=[P+](OCc1ccccc1)OCc1ccccc1,-2.5,-2.5
2111,2910,c1ccc(CSCc2ccccc2)cc1,48.3(5),48.3
2112,2911,O=S(=O)(Cc1ccccc1)Cc1ccccc1,152,152.0
2113,2912,O=S(Cc1ccccc1)Cc1ccccc1,135(3),135.0
2114,2913,O=C(NCc1ccccc1)NCc1ccccc1,170(1),170.0
2115,2914,O=C(O)C(Br)Br,49,49.0
2116,2916,Nc1ccc(Br)cc1Br,79.5,79.5
2117,2917,Nc1cc(Br)cc(Br)c1,57,57.0
2118,2918,Brc1c2ccccc2c(Br)c2ccccc12,226,226.0
2119,2919,Brc1ccccc1Br,6(2),6.0
2120,2920,Brc1cccc(Br)c1,-6.9(5),-6.9
2121,2921,Brc1ccc(Br)cc1,87.3(1),87.3
2122,2922,O=C(c1ccc(Br)cc1)c1ccc(Br)cc1,177,177.0
2123,2923,Brc1ccc(-c2ccc(Br)cc2)cc1,164,164.0
2124,2924,BrCC(CBr)(CBr)CBr,160.29(5),160.29
2125,2925,O=C(Nc1ccc(Br)cc1)c1cc(Br)cc(Br)c1O,226.4(5),226.4
2126,2927,CCC(Br)CBr,-65.4(4),-65.4
2127,2929,BrCCCCBr,-21.1(5),-21.1
2128,2930,CC(Br)C(C)Br,-24,24.0
2129,2931,BrCC=CCBr,53.4,53.4
2130,2933,CC12CCC(C(Br)(Br)C1=O)C2(C)C,61,61.0
2131,2936,FC(F)(Br)C(F)(Cl)Br,50,50.0
2132,2937,N#CC(Br)(Br)C(N)=O,126,126.0
2133,2939,BrCCCCCCCCCCBr,28,28.0
2134,2940,ClC(Cl)(Br)CBr,-26,26.0
2135,2941,ClC(Br)C(Cl)Br,-26,26.0
2136,2942,ClC(Cl)(Br)Br,38,38.0
2137,2943,FC(F)(Br)CBr,-61.3,-61.3
2138,2944,FC(F)(Br)Br,-141.54,-141.54
2139,2945,CC1(C)C(=O)N(Br)C(=O)N1Br,198 dec,198.0
2140,2947,BrCCCCCCCCCCCCBr,41,41.0
2141,2948,CC(Br)Br,-63,63.0
2142,2949,BrCCBr,9.8(1),9.8
2143,2950,BrC=CBr,-53,53.0
2144,2954,BrCC(Br)c1ccccc1,73(1),73.0
2145,2955,FC(Br)Br,-78,78.0
2146,2957,BrCCCCCCCBr,41.7,41.7
2147,2962,BrCCCCCCBr,-1.2,-1.2
2148,2964,O=Cc1cc(Br)cc(Br)c1O,86,86.0
2149,2965,O=C(O)c1cc(Br)cc(Br)c1O,228,228.0
2150,2966,N#Cc1cc(Br)c(O)c(Br)c1,190.5(8),190.5
2151,2967,BrCBr,-52.1(7),-52.1
2152,2968,Cc1cc(Br)ccc1Br,6(1),6.0
2153,2969,Cc1ccc(Br)cc1Br,-10(1),10.0
2154,2970,BrC(Br)c1ccccc1,1.0,1.0
2155,2971,CC(Br)C(C)(C)Br,7,7.0
2156,2972,Cc1cc(Br)cc(Br)c1O,58,58.0
2157,2973,CC(C)(Br)CBr,10.5,10.5
2158,2974,Brc1ccc(Br)c2ccccc12,83,83.0
2159,2975,Nc1c(Br)cc([N+](=O)[O-])cc1Br,207,207.0
2160,2976,O=[N+]([O-])c1cc(Br)c(O)c(Br)c1,145 dec,145.0
2161,2977,BrCCCCCCCCCBr,-22.5,-22.5
2162,2979,BrCCCCCCCCBr,15.5,15.5
2163,2981,CC(Br)CCCBr,-34.4,-34.4
2164,2982,BrCCCCCBr,-40.0(4),-40.0
2165,2984,Oc1ccc(Br)cc1Br,40(2),40.0
2166,2985,Oc1c(Br)cccc1Br,56.5,56.5
2167,2986,CC(Br)CBr,-55.4(3),-55.4
2168,2987,BrCCCBr,-35(1),35.0
2169,2989,O=C(O)C(Br)CBr,66.5,66.5
2170,2993,O=C(CBr)CBr,26,26.0
2171,2997,Brc1cncc(Br)c1,112,112.0
2172,2998,Oc1c(Br)cc(Br)c2cccnc12,196,196.0
2173,2999,O=C1C(Br)=CC(=NCl)C=C1Br,83,83.0
2174,3000,BrCCCCCCCCCCCCCCBr,50.4,50.4
2175,3001,FC(F)(Br)C(F)(F)Br,-110.14,-110.14
2176,3002,Brc1ccsc1Br,-17.5,-17.5
2177,3003,Brc1ccc(Br)s1,-6,6.0
2178,3004,Brc1cscc1Br,4.5,4.5
2179,3006,O=C(O)c1c(Br)c(O)c(O)c(O)c1Br,150,150.0
2180,3007,NC(Cc1cc(Br)c(O)c(Br)c1)C(=O)O,245,245.0
2181,3008,CCCCOc1cc(C(=O)NCCN(CC)CC)c2ccccc2n1,64,64.0
2182,3009,CCCCOc1cc(C(=O)NCCN(CC)CC)c2ccccc2n1.Cl,94 dec,94.0
2183,3010,CCCCOc1ccc(OCCCC)cc1,45.5,45.5
2184,3011,CCCCOCCOCCCC,-69.1,-69.1
2185,3012,CCCCOCOCCCC,-59(1),59.0
2186,3013,CCCCNCCCC,-61.8(5),-61.8
2187,3016,CCCCN(CCCC)c1ccccc1,-32.2(2),-32.2
2188,3017,CC(C)(C)c1ccc(C(C)(C)C)cc1,77.63(4),77.63
2189,3018,CC(C)(C)c1cc(O)c(C(C)(C)C)cc1O,213.5,213.5
2190,3021,CC(C)(C)OC(=O)OC(C)(C)C,40,40.0
2191,3022,CC(C)(C)C1=CC(=O)C(C(C)(C)C)=CC1=O,152.5,152.5
2192,3023,CC(C)(C)C1=CC(=O)C=C(C(C)(C)C)C1=O,69,69.0
2193,3024,CC(C)(C)c1cc(-n2nc3ccc(Cl)cc3n2)c(O)c(C(C)(C)C)c1,155,155.0
2194,3025,CN(C)Cc1cc(C(C)(C)C)c(O)c(C(C)(C)C)c1,94,94.0
2195,3026,CCCC[Sn]1(CCCC)OC(=O)C=CC(=O)O1,110,110.0
2196,3028,CC(C)(C)SSC(C)(C)C,-2.5,-2.5
2197,3030,CCCCOCCCC,-96(3),96.0
2198,3033,CC(C)(C)NCCNC(C)(C)C,53.3,53.3
2199,3034,CCc1cc(C(C)(C)C)c(O)c(C(C)(C)C)c1,44,44.0
2200,3036,CCCCOC(=O)C=CC(=O)OCCCC,-18.0(4),-18.0
2201,3038,CCCCOC(=O)CCCCC(=O)OCCCC,-32.4,-32.4
2202,3039,CC(C)(C)c1cc(C(=O)O)c(O)c(C(C)(C)C)c1,163.3,163.3
2203,3040,CC(C)(C)C(=O)C(C)(C)C,-25.2(2),-25.2
2204,3042,CCCCOC(=O)CC(=O)OCCCC,-95(3),95.0
2205,3043,CC(C)(C)OC(=O)CC(=O)OC(C)(C)C,-6,6.0
2206,3045,Cc1cc(O)c(C(C)(C)C)cc1C(C)(C)C,62.1,62.1
2207,3046,Cc1cc(C(C)(C)C)cc(C(C)(C)C)c1O,51,51.0
2208,3047,Cc1cc(C(C)(C)C)c(O)c(C(C)(C)C)c1,70.1(8),70.1
2209,3049,CCCCOC(=O)C(=O)OCCCC,-30.5,-30.5
2210,3050,CC(C)(C)OOC(C)(C)C,-40,40.0
2211,3051,CCC(C)c1cccc(C(C)CC)c1O,-42,42.0
2212,3052,CC(C)(C)c1ccc(O)c(C(C)(C)C)c1,58(1),58.0
2213,3053,CC(C)(C)c1cccc(C(C)(C)C)c1O,37.5(3),37.5
2214,3054,CC(C)(C)c1cc(O)cc(C(C)(C)C)c1,88,88.0
2215,3057,CCCCOC(=O)c1ccccc1C(=O)OCCCC,-35,35.0
2216,3059,CCCCOC(=O)CCCCCCCCC(=O)OCCCC,-9.2(5),-9.2
2217,3060,CCCCOC(=O)CCC(=O)OCCCC,-29.2,-29.2
2218,3061,CC(C)(C)OC(=O)CCC(=O)OC(C)(C)C,36.5,36.5
2219,3063,CCCCSCCCC,-74.97(5),-74.97
2220,3065,CC(C)(C)SC(C)(C)C,-9.0,-9.0
2221,3067,CCCCS(=O)(=O)CCCC,44(1),44.0
2222,3068,CCCCS(=O)CCCC,32(3),32.0
2223,3069,CCCCOC(=O)C(O)C(O)C(=O)OCCCC,22,22.0
2224,3070,CCCCNC(=S)NCCCC,64(1),64.0
2225,3071,CCCC[Sn](Cl)(Cl)CCCC,43.0(2),43.0
2226,3072,CCCCCCCCCCCC(=O)O[Sn](CCCC)(CCCC)OC(=O)CCCCCCCCCCC,23,23.0
2227,3073,COP(=S)(OC)Oc1ccc([N+](=O)[O-])cc1Cl,50.5(9),50.5
2228,3076,CN(C)S(=O)(=O)N(SC(F)(Cl)Cl)c1ccccc1,105.3,105.3
2229,3078,NC(=O)C(Cl)Cl,99.4,99.4
2230,3079,O=C(O)C(Cl)Cl,12(3),12.0
2231,3080,O=C(OC(=O)C(Cl)Cl)C(Cl)Cl,18.0,18.0
2232,3082,O=C(CCl)CCl,45,45.0
2233,3085,ClC#CCl,-66,66.0
2234,3086,O=C(O)c1ccc(S(=O)(=O)N(Cl)Cl)cc1,195 dec,195.0
2235,3087,Nc1cccc(Cl)c1Cl,24,24.0
2236,3088,Nc1ccc(Cl)cc1Cl,63(4),63.0
2237,3089,Nc1cc(Cl)ccc1Cl,44.9(2),44.9
2238,3090,Nc1c(Cl)cccc1Cl,39,39.0
2239,3091,Nc1ccc(Cl)c(Cl)c1,72.0(5),72.0
2240,3092,Nc1cc(Cl)cc(Cl)c1,52,52.0
2241,3093,Clc1c2ccccc2c(Cl)c2ccccc12,213.5,213.5
2242,3094,O=C1c2cccc(Cl)c2C(=O)c2cccc(Cl)c21,252,252.0
2243,3095,O=C1c2cccc(Cl)c2C(=O)c2c(Cl)cccc21,202.5,202.5
2244,3096,Clc1ccc(N=Nc2ccc(Cl)cc2)cc1,189,189.0
2245,3097,[O-][N+](=Nc1ccc(Cl)cc1)c1ccc(Cl)cc1,158,158.0
2246,3098,O=Cc1cccc(Cl)c1Cl,66,66.0
2247,3099,O=Cc1ccc(Cl)cc1Cl,74.1(3),74.1
2248,3100,O=Cc1c(Cl)cccc1Cl,69(3),69.0
2249,3101,O=Cc1ccc(Cl)c(Cl)c1,44,44.0
2250,3102,O=Cc1cc(Cl)cc(Cl)c1,65,65.0
2251,3103,NC(=O)c1c(Cl)cccc1Cl,198,198.0
2252,3104,Clc1ccccc1Cl,-17.0(1),-17.0
2253,3105,Clc1cccc(Cl)c1,-24.8(3),-24.8
2254,3106,Clc1ccc(Cl)cc1,53.1(2),53.1
2255,3107,Nc1cc(Cl)c(N)cc1Cl,170,170.0
2256,3108,Nc1cc(Cl)c(N)c(Cl)c1,125,125.0
2257,3109,Oc1cc(Cl)cc(Cl)c1O,83.5(2),83.5
2258,3110,Oc1cc(Cl)c(Cl)cc1O,116.5(2),116.5
2259,3111,Oc1cc(O)c(Cl)cc1Cl,113,113.0
2260,3112,Oc1cc(Cl)c(O)cc1Cl,172.5,172.5
2261,3113,NS(=O)(=O)c1cc(Cl)c(Cl)c(S(N)(=O)=O)c1,228.7,228.7
2262,3115,OCc1ccc(Cl)cc1Cl,59.5,59.5
2263,3116,O=S(=O)(c1ccccc1)N(Cl)Cl,76,76.0
2264,3118,Nc1ccc(-c2ccc(N)cc2Cl)c(Cl)c1,165,165.0
2265,3119,Nc1ccc(-c2ccc(N)c(Cl)c2)cc1Cl,132.5,132.5
2266,3121,O=C(O)c1ccc(Cl)cc1Cl,164.2,164.2
2267,3122,O=C(O)c1cc(Cl)ccc1Cl,154(1),154.0
2268,3123,O=C(O)c1c(Cl)cccc1Cl,142(2),142.0
2269,3124,O=C(O)c1ccc(Cl)c(Cl)c1,204.5(4),204.5
2270,3125,O=C(O)c1cc(Cl)cc(Cl)c1,187.4(5),187.4
2271,3126,N#Cc1c(Cl)cccc1Cl,143.6(7),143.6
2272,3127,O=C(c1ccc(Cl)cc1)c1ccc(Cl)cc1,146.8(3),146.8
2273,3130,O=C(Cl)c1ccc(Cl)cc1Cl,16.5,16.5
2274,3132,O=C(Cl)c1ccc(Cl)c(Cl)c1,25,25.0
2275,3134,Clc1cccc(Cl)c1-c1ccccc1,34.7(5),34.7
2276,3135,Clc1cccc(-c2cccc(Cl)c2)c1,29,29.0
2277,3136,Clc1ccc(-c2ccc(Cl)cc2)cc1,148(2),148.0
2278,3137,Clc1ccc(C(c2ccc(Cl)cc2)C(Cl)Cl)cc1,109(1),109.0
2279,3138,ClC(Cl)=C(c1ccc(Cl)cc1)c1ccc(Cl)cc1,89.8(3),89.8
2280,3143,ClCCCCCl,-38.7(4),-38.7
2281,3144,CCC(C)(Cl)Cl,-74,74.0
2282,3145,CC(Cl)C(C)Cl,-80,80.0
2283,3146,OC(CCl)C(O)CCl,126.5,126.5
2284,3147,C=CC(Cl)CCl,-61(5),61.0
2285,3150,ClCC=CCCl,-42(2),42.0
2286,3153,O=C1C(Cl)=CC(=NCl)C=C1Cl,66,66.0
2287,3154,ClCc1ccc(Cl)c(Cl)c1,37.5,37.5
2288,3157,ClC=C[As](Cl)Cl,0.1,0.1
2289,3158,O=C1C=C(Cl)C(=O)C=C1Cl,162.3,162.3
2290,3159,O=C1C=C(Cl)C(=O)C(Cl)=C1,121.8,121.8
2291,3160,ClC1(Cl)CCCCC1,-36.6(1),-36.6
2292,3162,ClCCCCCCCCCCCl,15.6(5),15.6
2293,3163,Clc1ccc2c(c1)Oc1ccc(Cl)cc1O2,210.0(5),210.0
2294,3166,N#CC1=C(C#N)C(=O)C(Cl)=C(Cl)C1=O,214.5,214.5
2295,3167,CC[Si](Cl)(Cl)CC,-96.5,-96.5
2296,3169,FC(F)(Cl)CCl,-101.2,-101.2
2297,3170,FC(Cl)C(F)Cl,-101.2,-101.2
2298,3171,FC(F)=C(Cl)Cl,-116,116.0
2299,3172,FC(Cl)=C(F)Cl,-119.6,-119.6
2300,3174,FC(F)(Cl)Cl,-157.05(1),-157.05
2301,3175,COC(F)(F)C(Cl)Cl,-35,35.0
2302,3177,Cc1cc(Cl)c(C)cc1Cl,71,71.0
2303,3178,CC(C)(Cl)CCC(C)(C)Cl,63(3),63.0
2304,3179,CC1(C)C(=O)N(Cl)C(=O)N1Cl,132,132.0
2305,3180,Cc1cc(O)c(Cl)c(C)c1Cl,83,83.0
2306,3181,C[Si](C)(Cl)Cl,-16,16.0
2307,3182,ClC1OCCOC1Cl,30,30.0
2308,3185,CC(Cl)Cl,-96.93(21),-96.93
2309,3186,ClCCCl,-35.61(3),-35.61
2310,3188,C=C(Cl)Cl,-122.5(1),-122.5
2311,3189,ClC=CCl,-80.0(2),-80.0
2312,3193,CC[Al](Cl)Cl,32,32.0
2313,3196,CC(F)(Cl)Cl,-103.47,-103.47
2314,3197,FC(Cl)CCl,-60,60.0
2315,3198,FC=C(Cl)Cl,-108.8,-108.8
2316,3199,FC(Cl)Cl,-130.35,-130.35
2317,3200,FC(Cl)(Cl)c1ccccc1,-26.8,-26.8
2318,3203,FC1(F)C(F)(F)C(F)(Cl)C1(F)Cl,-24.00,-24.0
2319,3204,FC1(F)C(Cl)=C(Cl)C(F)(F)C1(F)F,-105.8,-105.8
2320,3206,FC(F)(Cl)C(F)(F)C(F)(F)Cl,-124.9,-124.9
2321,3207,C[Si](C)(Cl)O[Si](C)(C)O[Si](C)(C)Cl,-53,53.0
2322,3210,O=Cc1cc(Cl)cc(Cl)c1O,95,95.0
2323,3211,O=C(O)c1cc(Cl)cc(Cl)c1O,220.5,220.5
2324,3213,O=C1OC(=O)c2cc(Cl)c(Cl)cc21,188,188.0
2325,3214,ClCCl,-94.91,-94.91
2326,3215,COc1cccc(Cl)c1Cl,31.0(4),31.0
2327,3216,COc1c(Cl)cccc1Cl,10,10.0
2328,3217,COc1ccc(Cl)cc1Cl,28.5,28.5
2329,3218,COc1c(Cl)ccc(Cl)c1C(=O)O,114.9(8),114.9
2330,3219,ClC(Cl)c1ccccc1,-17.0(5),-17.0
2331,3220,Cc1ccc(S(=O)(=O)N(Cl)Cl)cc1,83,83.0
2332,3224,Cc1c(Cl)ccc(O)c1Cl,58,58.0
2333,3225,Cc1cc(Cl)cc(Cl)c1O,55,55.0
2334,3226,Cc1cc(Cl)c(O)c(Cl)c1,39,39.0
2335,3230,Cc1cnc(Cl)nc1Cl,26,26.0
2336,3231,Cc1cc(Cl)nc(Cl)n1,46.5,46.5
2337,3232,C[Si](Cl)Cl,-93,93.0
2338,3233,Clc1ccc2ccccc2c1Cl,36,36.0
2339,3234,Clc1cc(Cl)c2ccccc2c1,62.3,62.3
2340,3235,Clc1ccc(Cl)c2ccccc12,67.5,67.5
2341,3236,Clc1cccc2c(Cl)cccc12,107,107.0
2342,3237,Clc1ccc2c(Cl)cccc2c1,49,49.0
2343,3238,Clc1ccc2cccc(Cl)c2c1,63.5,63.5
2344,3239,Clc1cccc2cccc(Cl)c12,89,89.0
2345,3240,Clc1cc2ccccc2cc1Cl,120,120.0
2346,3241,Clc1ccc2cc(Cl)ccc2c1,140.5,140.5
2347,3242,Clc1ccc2ccc(Cl)cc2c1,115.0,115.0
2348,3243,O=C1C(Cl)=C(Cl)C(=O)c2ccccc21,196.4(5),196.4
2349,3244,Oc1c(Cl)cc(Cl)c2ccccc12,107.5,107.5
2350,3245,Nc1c(Cl)cc([N+](=O)[O-])cc1Cl,193.8(8),193.8
2351,3246,O=[N+]([O-])c1cccc(Cl)c1Cl,60.7(6),60.7
2352,3247,O=[N+]([O-])c1ccc(Cl)c(Cl)c1,41.0(2),41.0
2353,3248,O=[N+]([O-])c1cc(Cl)cc(Cl)c1,65(2),65.0
2354,3249,O=[N+]([O-])c1cc(Cl)ccc1Cl,53.5(2),53.5
2355,3250,O=[N+]([O-])c1ccc(Cl)cc1Cl,33(2),33.0
2356,3252,O=[N+]([O-])c1cc(Cl)c(O)c(Cl)c1,127 exp,127.0
2357,3259,ClCCCCCCl,-72.8,-72.8
2358,3260,CCC(Cl)C(C)Cl,-77.3,-77.3
2359,3261,Oc1ccc(Cl)cc1Cc1cc(Cl)ccc1O,177.5,177.5
2360,3262,Oc1cccc(Cl)c1Cl,56.8(3),56.8
2361,3263,Oc1ccc(Cl)cc1Cl,43(2),43.0
2362,3264,Oc1cc(Cl)ccc1Cl,57.8(3),57.8
2363,3265,Oc1c(Cl)cccc1Cl,66.6(4),66.6
2364,3266,Oc1ccc(Cl)c(Cl)c1,67.8(3),67.8
2365,3267,Oc1cc(Cl)cc(Cl)c1,67.8(3),67.8
2366,3268,O=C(O)COc1ccc(Cl)cc1Cl,140(2),140.0
2367,3269,O=C(O)CCCOc1ccc(Cl)cc1Cl,118(2),118.0
2368,3270,CC(Oc1ccc(Cl)cc1Cl)C(=O)O,116.6(3),116.6
2369,3271,Cl[As](Cl)c1ccccc1,-19,19.0
2370,3272,O=S(=O)(Oc1ccc(Cl)cc1Cl)c1ccccc1,45.5,45.5
2371,3273,O=C(c1ccccc1)C(Cl)Cl,20.5,20.5
2372,3274,CC(=O)c1ccc(Cl)cc1Cl,33.5,33.5
2373,3275,CC(=O)c1cc(Cl)ccc1Cl,12,12.0
2374,3276,CC(=O)c1ccc(Cl)c(Cl)c1,76,76.0
2375,3277,O=C=Nc1ccc(Cl)c(Cl)c1,42,42.0
2376,3278,O=C=Nc1cc(Cl)cc(Cl)c1,33,33.0
2377,3279,C=C(C)C(=O)Nc1ccc(Cl)c(Cl)c1,122.6(5),122.6
2378,3280,O=C(O)C=Cc1ccc(Cl)cc1Cl,234,234.0
2379,3283,CC(Cl)CCl,-100.53,-100.53
2380,3284,ClCCCCl,-99.5,-99.5
2381,3285,CC(C)(Cl)Cl,-33.9(1),-33.9
2382,3296,C=C(Cl)CCl,10,10.0
2383,3297,Clc1ccc(Cl)nn1,68.8,68.8
2384,3298,Clc1cccc(Cl)n1,87,87.0
2385,3299,Nc1nc(Cl)cc(Cl)n1,215,215.0
2386,3300,Clc1ccnc(Cl)n1,59,59.0
2387,3301,Clc1ccc2c(Cl)ccnc2c1,92.4(5),92.4
2388,3302,Oc1c(Cl)cc(Cl)c2cccnc12,179.5,179.5
2389,3303,Clc1nc2ccccc2nc1Cl,151.2(4),151.2
2390,3304,C=Cc1cc(Cl)ccc1Cl,8.0,8.0
2391,3306,FC(F)(F)C(F)(Cl)Cl,-56.6,-56.6
2392,3307,FC(F)(Cl)C(F)(F)Cl,-92.52(5),-92.52
2393,3309,C[Si](C)(Cl)O[Si](C)(C)Cl,-37.5,-37.5
2394,3310,Clc1ccc(Cl)s1,-40.5,-40.5
2395,3311,Cc1cccc(Cl)c1Cl,6,6.0
2396,3312,Cc1ccc(Cl)cc1Cl,-13.5,-13.5
2397,3313,Cc1cc(Cl)ccc1Cl,2.5,2.5
2398,3314,Cc1c(Cl)cccc1Cl,25.8,25.8
2399,3315,Cc1ccc(Cl)c(Cl)c1,-15.2(2),-15.2
2400,3316,O=c1[nH]c(=O)n(Cl)c(=O)n1Cl,226.6,226.6
2401,3317,Clc1ccc(C(Cl)(Cl)Cl)cc1Cl,25.8,25.8
2402,3318,FC(Cl)C(F)(F)Cl,-78,78.0
2403,3319,FC(F)(F)C(Cl)Cl,-107.15,-107.15
2404,3322,FC(F)(F)c1nc2c(Cl)c(Cl)ccc2[nH]1,213.5,213.5
2405,3325,COC(=O)C(C)Oc1ccc(Oc2ccc(Cl)cc2Cl)cc1,42.1(5),42.1
2406,3327,O=c1oc2ccccc2c(O)c1Cc1c(O)c2ccccc2oc1=O,290,290.0
2407,3329,N#Cc1ccccc1C#N,140.6(9),140.6
2408,3330,N#Cc1cccc(C#N)c1,162,162.0
2409,3331,N#Cc1ccc(C#N)cc1,224,224.0
2410,3333,C1CCC(NC2CCCCC2)CC1.O=NO,179.5(6),179.5
2411,3334,C(=NC1CCCCC1)=NC1CCCCC1,34.5,34.5
2412,3336,C1CCC(OC2CCCCC2)CC1,-36,36.0
2413,3337,O=C(CCCCC(=O)OC1CCCCC1)OC1CCCCC1,35(1),35.0
2414,3340,O=C(OC1CCCCC1)c1ccccc1C(=O)OC1CCCCC1,66,66.0
2415,3341,S=C(NC1CCCCC1)NC1CCCCC1,180,180.0
2416,3342,O=C(NC1CCCCC1)NC1CCCCC1,233.8,233.8
2417,3343,CCN(CC)CCOC(=O)C1(C2CCCCC2)CCCCC1.Cl,165,165.0
2418,3344,C1=CC2C3C=CC(C3)C2C1,32,32.0
2419,3348,CCCCCCCCCCOCCCCCCCCCC,16,16.0
2420,3349,CCCCCCCCCCOC(=O)c1ccccc1C(=O)OCCCCCCCCCC,2.5,2.5
2421,3350,CC(C=CC=C(C)C=CC=C(C)C=CC=C(C)C(=O)O)=CC=CC=C(C)C=CC=C(C)C=CC1=C(C)CCCC1(C)C,211,211.0
2422,3351,O=c1[nH]cnc2c1ncn2C1CCC(CO)O1,162,162.0
2423,3352,COC(CC=O)C(O)C(C)O,101,101.0
2424,3353,CCCCCCCCCCCC(=O)OOC(=O)CCCCCCCCCCC,49,49.0
2425,3354,CCCCCCCCCCCCNCCCCCCCCCCCC,46.9(5),46.9
2426,3355,CCCCCCCCCCCCOP(=O)(O)OCCCCCCCCCCCC,59,59.0
2427,3356,CCCCCCCCCCCCOC(=O)c1ccccc1C(=O)OCCCCCCCCCCCC,22.0,22.0
2428,3357,ClC1=C(Cl)C2(Cl)C3C4CC(C5OC45)C3C1(Cl)C2(Cl)Cl,178.8(3),178.8
2429,3358,CC=C(C(=CC)c1ccc(O)cc1)c1ccc(O)cc1,227.5,227.5
2430,3359,CC1(C2CCC3(C)OC3C2)CO1,242,242.0
2431,3360,OCCNCCO,27.9(2),27.9
2432,3361,CCOC(=O)CN(C(=O)CCl)c1c(CC)cccc1CC,46(1),46.0
2433,3362,CCOc1ccc(N=Nc2ccc(OCC)cc2)cc1,162,162.0
2434,3363,CCOc1ccc(C=O)cc1OCC,22,22.0
2435,3364,CCOc1ccccc1OCC,44,44.0
2436,3365,CCOc1ccc(OCC)cc1,72,72.0
2437,3368,CCO[Si](C)(C)OCC,-87,87.0
2438,3370,CCOC(CN)OCC,-78,78.0
2439,3371,CCOC(C)OCC,-106.1(6),-106.1
2440,3372,CCOCCOCC,-74.0(2),-74.0
2441,3374,CCOCOCC,-66(2),66.0
2442,3384,CCOC(=O)C(NC(C)=O)C(=O)OCC,96.3,96.3
2443,3389,CCNCC,-50(2),50.0
2444,3390,CCNCC.Cl,228.5,228.5
2445,3392,CCN(CC)c1ccc(C=O)cc1,41,41.0
2446,3393,CCN(CC)CC(=O)Nc1c(C)cccc1C,68(1),68.0
2447,3394,CCN(CC)CC(=O)Nc1c(C)cccc1C.Cl,128,128.0
2448,3397,C=CC(=O)OCCN(CC)CC,<-60,60.0
2449,3398,CCN(CC)CCOC(=O)c1ccc(N)cc1,61,61.0
2450,3401,CCN(CC)c1ccc(C=O)c(O)c1,65.0,65.0
2451,3404,CCN(CC)c1cccc(O)c1,78,78.0
2452,3408,CCc1cccc(CC)c1N,1.5,1.5
2453,3409,CCN(CC)c1ccccc1,-21.3(2),-21.3
2454,3412,CCc1ccccc1CC,-31.4(3),-31.4
2455,3413,CCc1cccc(CC)c1,-83.9(2),-83.9
2456,3414,CCc1ccc(CC)cc1,-43.3(4),-43.3
2457,3416,CCOC(=O)C(=Cc1ccccc1)C(=O)OCC,32,32.0
2458,3419,CCOC(=O)C(Br)C(=O)OCC,-54,54.0
2459,3422,CCOC(=O)C#CC(=O)OCC,0.8,0.8
2460,3423,CCN(CC)C(=O)N1CCN(C)CC1.O=C(O)CC(O)(CC(=O)O)C(=O)O,138,138.0
2461,3425,CCN(C(=O)N(CC)c1ccccc1)c1ccccc1,71(2),71.0
2462,3426,CCOC(=O)OCC,-43,43.0
2463,3430,CCN(C#N)CC,-80.7(6),-80.7
2464,3437,CCC1(CC)COC(=O)NC1=O,97.5,97.5
2465,3438,CCOC(=O)C1=C(C)NC(C)=C(C(=O)OCC)C1C,131,131.0
2466,3440,CCOC(=O)c1cc(C(=O)OCC)c(C)nc1C,71,71.0
2467,3441,CCOC(=O)c1[nH]c(C)c(C(=O)OCC)c1C,137.8,137.8
2468,3442,CCSSCC,-101.5(1),-101.5
2469,3444,OCCOCCO,-10.3(3),-10.3
2470,3446,CC(=O)OCCOCCOC(C)=O,18,18.0
2471,3447,O=C(OCCOCCOC(=O)c1ccccc1)c1ccccc1,33.5,33.5
2472,3448,CCCCOCCOCCOCCCC,-60.2(2),-60.2
2473,3449,CCOCCOCCOCC,-44.3(2),-44.3
2474,3451,COCCOCCOC,-64.0(1),-64.0
2475,3453,CCCCOCCOCCO,-68,68.0
2476,3454,CCCCOCCOCCOC(C)=O,-32,32.0
2477,3455,CCCCCCCCCCCC(=O)OCCOCCO,17.5,17.5
2478,3457,CCOCCOCCOC(C)=O,-25,25.0
2479,3458,CCCCCCOCCOCCO,-28,28.0
2480,3460,CCCOCCOCCO,-53.3,-53.3
2481,3463,CCOCC,-116.23,-116.23
2482,3470,CCOC(=O)C=CC(=O)OCC,0.8,0.8
2483,3471,CCOC(=O)CCCC(=O)OCC,-24.1,-24.1
2484,3473,CCOC(=O)CCCCC(=O)OCC,-20(2),20.0
2485,3476,CCOC(=O)NNC(=O)OCC,135,135.0
2486,3478,CCN(CC)C(=O)c1ccc(O)c(OC)c1,95,95.0
2487,3479,CCOC(=O)CNCC(=O)OCC,247 dec,247.0
2488,3481,CCOC(=O)c1cccc(C(=O)OCC)c1,11.5,11.5
2489,3484,CCOC(=O)C(=O)C(=O)OCC,-30,30.0
2490,3487,CCOC(=O)CC(=O)OCC,-50(2),50.0
2491,3489,CCN(C)CC,-196,196.0
2492,3490,CCN(CC)c1ccccc1C,-60,60.0
2493,3493,CCc1cc(C)cc(CC)c1,-74.1(3),-74.1
2494,3494,CCN(CC)c1ccc(N)c(C)c1.Cl,250 dec,250.0
2495,3496,C=C(CC(=O)OCC)C(=O)OCC,58.5,58.5
2496,3499,CCN(CC)C(=O)N1CCN(C)CC1,49.5(5),49.5
2497,3500,CCC1(CC)C(=O)NCC(C)C1=O,75.5,75.5
2498,3502,CCN(CC)c1ccc([N+](=O)[O-])cc1,77.5,77.5
2499,3503,CCN(CC)c1ccc(N=O)cc1,87.5,87.5
2500,3504,CCOC(=O)CCCCCCCC(=O)OCC,-18.5,-18.5
2501,3505,CCOC(=O)C(=O)OCC,-40.6(3),-40.6
2502,3508,CCC(CC)(CC)CC,-33.04(6),-33.04
2503,3510,C=CCC(CC)(CC)C(N)=O,75.5,75.5
2504,3512,CCOOCC,-70,70.0
2505,3514,CCN(CC)C(c1ccccc1)c1ccccc1,58.5,58.5
2506,3515,CCOC(=O)C(C(=O)OCC)c1ccccc1,16.5,16.5
2507,3517,CCC1(CC)C(=O)NC(=O)N(c2ccccc2)C1=O,178,178.0
2508,3521,CCOC(=O)c1ccccc1C(=O)OCC,-40.5,-40.5
2509,3522,CCC1(CC)C(=O)CCNC1=O,104,104.0
2510,3525,CCC(CC)(C(=O)O)C(=O)O,127 dec,127.0
2511,3526,CCC(CC)(CO)CO,61.3(5),61.3
2512,3528,CCN(CC)C(=O)c1cccnc1,25,25.0
2513,3530,CCC1(CC)C(=O)C=CNC1=O,90.7,90.7
2514,3531,CCOC(=O)CCCCCCCCC(=O)OCC,2.5,2.5
2515,3532,CC[Se]CC,55,55.0
2516,3533,CC[SiH2]CC,-134.3,-134.3
2517,3534,CCC(=C(CC)c1ccc(O)cc1)c1ccc(O)cc1,172(3),172.0
2518,3535,CCC(=O)Oc1ccc(C(CC)=C(CC)c2ccc(OC(=O)CC)cc2)cc1,104,104.0
2519,3536,CCC(=C(CC)c1ccc(OC)cc1)c1ccc(O)cc1,117.5,117.5
2520,3537,CCOC(=O)CCC(=O)OCC,-21.6(8),-21.6
2521,3538,CCOS(=O)(=O)OCC,-26.0(5),-26.0
2522,3539,CCSCC,-103.9(1),-103.9
2523,3541,CCS(=O)(=O)CC,70(4),70.0
2524,3542,CCS(=O)CC,14,14.0
2525,3543,CCOC(=O)C(O)C(O)C(=O)OCC,18.7,18.7
2526,3545,CCOC(=O)c1ccc(C(=O)OCC)cc1,43.2(6),43.2
2527,3547,CCNC(=S)NCC,76.9(4),76.9
2528,3549,CCSSSCC,-72.6,-72.6
2529,3550,CCN(CC)C(N)=O,75.3(2),75.3
2530,3551,CCNC(=O)NCC,110.3(4),110.3
2531,3553,CC1COC(Cn2cncn2)(c2ccc(Oc3ccc(Cl)cc3)cc2Cl)O1,76,76.0
2532,3554,COS(=O)(=O)[O-].Cn1c(-c2ccccc2)cc(-c2ccccc2)[n+]1C,158.5(5),158.5
2533,3555,O=C(NC(=O)c1c(F)cccc1F)Nc1ccc(Cl)cc1,228(1),228.0
2534,3556,O=C(O)C(F)F,-1,1.0
2535,3557,Nc1ccc(F)cc1F,-7.5,-7.5
2536,3558,Fc1ccccc1F,-47.1(1),-47.1
2537,3559,Fc1cccc(F)c1,-69.11(1),-69.11
2538,3560,Fc1ccc(F)cc1,-23.5(2),-23.5
2539,3561,Fc1ccc(-c2ccc(F)cc2)cc1,90(2),90.0
2540,3564,C[Si](C)(F)F,-87.5,-87.5
2541,3565,O=[N+]([O-])c1cc([N+](=O)[O-])c(F)cc1F,75.5,75.5
2542,3567,CC(F)F,-118.59,-118.59
2543,3568,FCCF,-93.55,-93.55
2544,3569,C=C(F)F,-162.15,-162.15
2545,3572,FCF,-136.81,-136.81
2546,3575,O=[N+]([O-])c1ccc(F)cc1F,9.8,9.8
2547,3576,CC(C)(F)F,-104.8,-104.8
2548,3578,O=C(C(=O)c1ccco1)c1ccco1,166.3,166.3
2549,3579,ON=C(C(=NO)c1ccco1)c1ccco1,167,167.0
2550,3580,O=C(C=Cc1ccco1)C=Cc1ccco1,60.5,60.5
2551,3581,c1coc(CSSCc2ccco2)c1,10,10.0
2552,3583,CC1CCC2(OC1)OC1C(O)C3C4CCC5CC(OC6OC(CO)C(OC7OC(CO)C(O)C(OC8OCC(O)C(O)C8O)C7OC7OC(CO)C(O)C(OC8OC(CO)C(O)C(O)C8O)C7O)C(O)C6O)C(O)CC5(C)C4CCC3(C)C1C2C,237.5,237.5
2553,3584,CC12CCC(O)CC1CCC1C2CCC2(C)C(C3=CC(=O)OC3)CCC12O,253,253.0
2554,3585,CC1OC(OC2C(O)CC(OC3C(O)CC(OC4CCC5(C)C(CCC6C5CCC5(C)C(C7=CC(=O)OC7)CCC65O)C4)OC3C)OC2C)CC(O)C1O,255.5,255.5
2555,3586,CC(O)C(O)C(O)CC=O,112,112.0
2556,3588,O=C(O)COCC(=O)O,148,148.0
2557,3589,CC12CCC(O)CC1CCC1C2CC(O)C2(C)C(C3=CC(=O)OC3)CCC12O,222,222.0
2558,3590,CC1OC(OC2C(O)CC(OC3C(O)CC(OC4CCC5(C)C(CCC6C5CC(O)C5(C)C(C7=CC(=O)OC7)CCC65O)C4)OC3C)OC2C)CC(O)C1O,249 dec,249.0
2559,3591,CCCCCCCNCCCCCCC,31.5,31.5
2560,3594,CCCCCCCSCCCCCCC,70,70.0
2561,3595,CCCCCCNCCCCCC,-13.0(2),-13.0
2562,3597,CCCCCCOC(=O)CCCCC(=O)OCCCCCC,-9,9.0
2563,3600,COc1cc2c(c3oc(=O)c4c(c13)CCOC4=O)C1CCOC1O2,239.3,239.3
2564,3601,c1ccc2c(c1)Cc1ccccc1C2,109.00(1),109.0
2565,3602,O=c1c2ccccc2c(=O)c2c1ccc1[nH]c3c(ccc4c(=O)c5ccccc5c(=O)c43)[nH]c12,485 dec,485.0
2566,3603,c1cc2c3c(c4ccc5ccccc5c4cc3c1)CC2,170.4,170.4
2567,3604,c1ccc2c(c1)C1c3ccccc3C2c2ccccc21,253.99(1),253.99
2568,3605,S=c1[nH]c2ccccc2[nH]1,316.3(8),316.3
2569,3606,O=c1[nH]c2ccccc2[nH]1,318 dec,318.0
2570,3608,c1ccc2c(c1)CCO2,-21.5,-21.5
2571,3609,c1ccc2c(c1)CCOC2,4.35(2),4.35
2572,3610,c1ccc2c(c1)CCCO2,-3.31(2),-3.31
2573,3612,O=C1CCOc2ccccc21,39.1(4),39.1
2574,3614,O=C1CCSc2ccccc21,29,29.0
2575,3616,COc1ccc2c3c1OC1C(O)CCC4C(C2)N(C)CCC341,112.5,112.5
2576,3617,c1ccc2c(c1)ccc1c3c(ccc12)CCC3,135.5,135.5
2577,3619,O=C1c2ccccc2CCc2ccccc21,32.4(5),32.4
2578,3621,COc1cc2c(cc1OC)C(=O)NCC2,175,175.0
2579,3622,Cc1cc(=O)n(-c2ccccc2)n1C,108.0(2),108.0
2580,3624,O=C(O)c1ccc2c(c1)C(=O)c1ccccc1C2=O,291,291.0
2581,3625,O=C1c2cccc(S(=O)(=O)O)c2C(=O)c2cccc(S(=O)(=O)O)c21,310 dec,310.0
2582,3627,O=C1c2ccccc2C(=O)c2c1cccc2S(=O)(=O)O,216.0,216.0
2583,3634,CN1CC(O)C2=CC(=O)C(=O)C=C21,125 dec,125.0
2584,3635,Nc1ccc2c(c1)CCC2,37.5,37.5
2585,3636,OC1CCc2ccccc21,55(2),55.0
2586,3637,Oc1ccc2c(c1)CCC2,58,58.0
2587,3638,O=C1CCc2ccccc21,40(2),40.0
2588,3639,O=C1Cc2ccccc2C1,58(3),58.0
2589,3640,c1ccc2c(c1)CC1OC21,24.5,24.5
2590,3642,O=C1Cc2ccccc2N1,128,128.0
2591,3643,O=C1NCc2ccccc21,151,151.0
2592,3644,COc1ccc2c(c1)CCCC2=O,78.1(5),78.1
2593,3646,Cc1ccc2cc3c(ccc4ccccc43)c3c2c1CC3,178.0(2),178.0
2594,3648,C=C1CC(=O)OC1=O,68(1),68.0
2595,3652,CC1CCC(=O)O1,-31,31.0
2596,3653,CC1=NCCN1,107,107.0
2597,3654,Cn1cc[nH]c1=S,146,146.0
2598,3656,CC1CCc2ccccc2C1=O,15,15.0
2599,3657,CC1=NN(c2ccc(S(=O)(=O)O)cc2)C(=O)C1,≈300 dec,300.0
2600,3658,Cc1cc(=O)n(-c2ccccc2)[nH]1,128,128.0
2601,3659,CC1=NN(c2ccccc2)C(=O)C1,127,127.0
2602,3661,CC1=NCCS1,-101,101.0
2603,3662,C1=Cc2ccccc2CC1,-8.77(5),-8.77
2604,3663,C1=CCc2ccccc2C1,24.6(9),24.6
2605,3664,O=C1CCc2ccccc2C1,18,18.0
2606,3665,O=[N+]([O-])c1ccc2c3c(cccc13)CC2,103,103.0
2607,3666,O=C(O)c1ccc(=O)[nH]c1,310 dec,310.0
2608,3668,c1ccc2c(c1)CCc1ccccc1-2,33.36(5),33.36
2609,3669,O=C1CC(c2ccccc2)Oc2ccccc21,76.3(5),76.3
2610,3670,Cl.c1ccc(CC2=NCCN2)cc1,174,174.0
2611,3671,NC1=NCC(c2ccccc2)O1,137,137.0
2612,3672,S=c1nn[nH]n1-c1ccccc1,145,145.0
2613,3674,CCCc1cc(=O)[nH]c(=S)[nH]1,219,219.0
2614,3675,S=c1nc[nH]c2nc[nH]c12,313 dec,313.0
2615,3679,O=c1ccc(=O)[nH][nH]1,307,307.0
2616,3680,O=C1CCNC(=O)N1,275.5,275.5
2617,3682,O=C1CCc2ccccc2N1,163.5,163.5
2618,3683,O=c1[nH]c2ccccc2[nH]c1=O,410,410.0
2619,3684,CC1CCC(O)CC1=CC=C1CCCC2(C)C1CCC2C(C)C=CC(C)C(C)C,131,131.0
2620,3685,COC1=CCC2C3Cc4ccc(OC)c5c4C2(CCN3C)C1O5,162.5,162.5
2621,3686,NC1=NCCS1,85.3,85.3
2622,3689,O=S1(=O)CC=CC1,64.0(4),64.0
2623,3691,O=C1CC(=O)NC(=S)N1,235 dec,235.0
2624,3692,O=c1cc[nH]c(=S)[nH]1,>340 dec,340.0
2625,3693,S=c1nc[nH][nH]1,222.5,222.5
2626,3695,CC1(C)CC(C)(c2ccccc2)c2ccccc21,52(1),52.0
2627,3696,CC1=CC(C)(C)Nc2ccccc21,26.5,26.5
2628,3697,O=C1c2ccccc2C(=O)c2c1ccc(O)c2O,289.5,289.5
2629,3698,O=C1c2ccccc2C(=O)c2c(O)ccc(O)c21,199.7(4),199.7
2630,3699,O=C1c2cccc(O)c2C(=O)c2cccc(O)c21,280,280.0
2631,3700,O=C1c2cccc(O)c2C(=O)c2c(O)cccc21,193,193.0
2632,3701,O=C1c2ccc(O)cc2C(=O)c2ccc(O)cc21,360 dec,360.0
2633,3702,O=C1c2ccc(O)cc2C(=O)c2cc(O)ccc21,353.8,353.8
2634,3703,Oc1ccccc1N=Nc1ccccc1O,173,173.0
2635,3704,O=Cc1cccc(O)c1O,108,108.0
2636,3705,O=Cc1ccc(O)cc1O,135,135.0
2637,3706,O=Cc1cc(O)ccc1O,100.0,100.0
2638,3707,O=Cc1ccc(O)c(O)c1,153 dec,153.0
2639,3708,O=C(NO)c1ccccc1O,168,168.0
2640,3709,O=C(O)Cc1cc(O)ccc1O,153,153.0
2641,3710,O=C(O)c1cccc(O)c1O,205(4),205.0
2642,3711,O=C(O)c1ccc(O)cc1O,229(1),229.0
2643,3712,O=C(O)c1cc(O)ccc1O,204(3),204.0
2644,3713,O=C(O)c1c(O)cccc1O,171(1),171.0
2645,3714,O=C(O)c1ccc(O)c(O)c1,202(1),202.0
2646,3715,O=C(O)c1cc(O)cc(O)c1,235.3(8),235.3
2647,3716,O=C(c1ccccc1O)c1ccccc1O,59.5,59.5
2648,3717,O=C(c1ccc(O)cc1)c1ccc(O)cc1,210,210.0
2649,3718,O=c1ccc2cc(O)c(O)cc2o1,276,276.0
2650,3719,O=c1ccc2ccc(O)c(O)c2o1,262,262.0
2651,3721,CC(CCC(=O)O)C1CCC2C3CC(O)C4CC(O)CCC4(C)C3CCC12C,198.5,198.5
2652,3722,CC(CCC(=O)O)C1CCC2C3C(O)CC4CC(O)CCC4(C)C3CCC12C,203,203.0
2653,3724,C=C1C(=CC=C2CCCC3(C)C2CCC3C(C)CCCC(C)(C)O)CC(O)CC1O,115,115.0
2654,3725,O=C1C=C(O)C(=O)C=C1O,211,211.0
2655,3726,O=C1CCC(O)=C1O,212,212.0
2656,3728,Oc1ccccc1Cc1ccccc1O,118.3,118.3
2657,3729,Oc1ccc(Sc2ccc(O)cc2)cc1,151,151.0
2658,3730,O=C1c2cccc(O)c2C(=O)c2c(O)cc(CO)cc21,223.5,223.5
2659,3731,O=C(O)C(O)=C(O)C(=O)O,155 dec,155.0
2660,3732,COc1cc(C(O)C(=O)O)ccc1O,132 dec,132.0
2661,3733,COc1cc2ccc(=O)oc2c(O)c1O,231,231.0
2662,3734,COc1ccc(-c2coc3cc(O)cc(O)c3c2=O)cc1,214.8,214.8
2663,3735,COc1cc(O)c(C(=O)c2ccccc2)c(O)c1,130.5,130.5
2664,3736,COc1cc(O)c2c(=O)c3cc(O)ccc3oc2c1,266.5,266.5
2665,3737,Cc1cc(O)c2c(c1)C(=O)c1cccc(O)c1C2=O,196,196.0
2666,3738,Cc1cc(O)cc(O)c1C(=O)O,176 dec,176.0
2667,3739,Cc1cc(=O)oc2cc(O)cc(O)c12,283,283.0
2668,3740,Cc1cc(=O)oc2cc(O)c(O)cc12,275,275.0
2669,3741,O=C1C=CC(=O)c2c(O)ccc(O)c21,243(1),243.0
2670,3743,O=C1C(=O)c2c(c(O)c3ccccc3c2O)-c2cccnc21,269,269.0
2671,3744,O=C1c2ccccc2C(=O)c2c1cc([N+](=O)[O-])c(O)c2O,244 dec,244.0
2672,3745,O=C(O)CCCCCCCC(O)C(O)CCCCCCCC(=O)O,126,126.0
2673,3746,CCCCCCCCC(O)C(O)CCCCCCCC(=O)O,90,90.0
2674,3747,O=c1cc(-c2ccccc2)oc2cc(O)cc(O)c12,285(2),285.0
2675,3748,CC(=O)c1ccc(O)cc1O,146,146.0
2676,3749,O=C(c1ccccc1)c1ccc(O)cc1O,144,144.0
2677,3750,O=C(O)C=Cc1ccc(O)c(O)c1,225 dec,225.0
2678,3751,O=[Sb](O)(O)c1ccccc1,139,139.0
2679,3752,CC12C=CC(=O)C=C1CCC1C2C(=O)CC2(C)C1CCC2(O)C(=O)CO,234 dec,234.0
2680,3753,CC12CCC(=O)C=C1CCC1C2CCC2(C)C1CCC2(O)C(=O)CO,215,215.0
2681,3754,CC12CCC(=O)C=C1CCC1C2C(=O)CC2(C)C1CCC2(O)C(=O)CO,222,222.0
2682,3755,O=CC(O)CO,145,145.0
2683,3757,O=C(CO)CO,74(3),74.0
2684,3758,CCCCCCCCCC(=O)OCC(O)CO,53,53.0
2685,3759,CCCCCCCC(=O)OCC(O)CO,40,40.0
2686,3760,O=C(O)c1cc(=O)c2cccc(O)c2[nH]1,289,289.0
2687,3761,O=C(O)C(O)(O)C(O)(O)C(=O)O,114.5,114.5
2688,3762,O=C(O)c1cc(O)c(O)c(OC(=O)c2cc(O)c(O)c(O)c2)c1,269 dec,269.0
2689,3763,O=C(O)c1ccccc1C1c2ccc(O)cc2Oc2cc(O)ccc21,126,126.0
2690,3764,IC#CI,81.5,81.5
2691,3765,Nc1ccc(I)cc1I,95.5,95.5
2692,3766,Ic1ccccc1I,23.5(7),23.5
2693,3767,Ic1cccc(I)c1,34.2(6),34.2
2694,3768,Ic1ccc(I)cc1,129.25(5),129.25
2695,3769,ICCCCI,5.9(4),5.9
2696,3770,ICCI,83,83.0
2697,3771,IC=CI,-13(2),13.0
2698,3773,ICCCCCCI,9.4(5),9.4
2699,3774,ICI,6.0(2),6.0
2700,3775,O=[N+]([O-])c1cc(I)c(O)c(I)c1,157,157.0
2701,3776,ICCCCCI,9,9.0
2702,3778,ICCCI,-20,20.0
2703,3779,Oc1c(I)cc(I)c2cccnc12,210,210.0
2704,3780,NC(Cc1cc(I)c(O)c(I)c1)C(=O)O,213,213.0
2705,3782,CC(C)CNCC(C)C,-73.5(4),-73.5
2706,3787,CC(C)CSCC(C)C,-105.5(5),-105.5
2707,3788,O=C=Nc1cccc(N=C=O)c1,51,51.0
2708,3789,O=C=Nc1ccc(N=C=O)cc1,95,95.0
2709,3790,CC(C)CCCCCCCOC(=O)c1ccccc1C(=O)OCCCCCCCC(C)C,-50,50.0
2710,3794,CC(C)CCNCCC(C)C,-44,44.0
2711,3797,CC(C)CCSCCC(C)C,-74.6,-74.6
2712,3798,CC(O)CNCC(C)O,44.5,44.5
2713,3799,CC(C)NC(C)C,-61,61.0
2714,3800,CC(C)c1cccc(C(C)C)c1N,-45,45.0
2715,3801,CC(C)c1ccccc1C(C)C,-57(4),57.0
2716,3802,CC(C)c1cccc(C(C)C)c1,-63(2),63.0
2717,3803,CC(C)c1ccc(C(C)C)cc1,-17.0(1),-17.0
2718,3804,CC(C)c1ccc(C(C)(C)OO)cc1,30.1,30.1
2719,3805,CC(C)N(Sc1nc2ccccc2s1)C(C)C,59.0,59.0
2720,3807,CC(C)SSC(C)C,-69.0(3),-69.0
2721,3809,CC(C)OC(C)C,-85.37(5),-85.37
2722,3810,CC(C)OC(=O)CCCCC(=O)OC(C)C,-0.6,-0.6
2723,3812,CC(C)c1ccc2cc(C(C)C)ccc2c1,70,70.0
2724,3817,CC(C)SC(C)C,-78.03(4),-78.03
2725,3818,CC(C)OC(=O)C(O)C(O)C(=O)OC(C)C,34,34.0
2726,3819,CC(C)OC(=S)SSC(=S)OC(C)C,52,52.0
2727,3820,S=C=Nc1ccc(N=C=S)cc1,132,132.0
2728,3821,C=C1CC(=O)O1,-6.5,-6.5
2729,3822,CC(OC(C)C(=O)O)C(=O)O,112.5,112.5
2730,3823,COc1ccc2c(=O)c(C)c(-c3ccccc3)oc2c1CN(C)C,109.5,109.5
2731,3825,Cc1ccc2c(c1)C13CCCCC1C(C2)N(C)CC3,92,92.0
2732,3826,O=C(O)C(S)C(S)C(=O)O,193,193.0
2733,3827,OC(CS)C(O)CS,42.5,42.5
2734,3828,SCCOCCS,-80,80.0
2735,3831,CN(C)C(=O)OC1=CC(=O)CC(C)(C)C1,46,46.0
2736,3832,CC1=C(C)S(=O)(=O)CCS1(=O)=O,165,165.0
2737,3833,CCCCc1c(C)nc(N(C)C)[nH]c1=O,102,102.0
2738,3834,CCCCc1cc2ccccc2c(OCCN(C)C)n1,146,146.0
2739,3836,COc1ccc(OC)c(C(C)=O)c1,21,21.0
2740,3837,COc1ccc(N)c(OC)c1,33.5,33.5
2741,3838,COc1ccc(OC)c(N)c1,82.5,82.5
2742,3839,COc1ccc(N)cc1OC,87.5,87.5
2743,3840,COc1ccc(C=O)c(OC)c1,72,72.0
2744,3841,COc1ccc(OC)c(C=O)c1,52,52.0
2745,3842,COc1ccc(C=O)cc1OC,43,43.0
2746,3843,COc1cc(C=O)cc(OC)c1,46.3,46.3
2747,3844,COc1ccccc1OC,22.5(2),22.5
2748,3845,COc1cccc(OC)c1,-35.3(4),-35.3
2749,3846,COc1ccc(OC)cc1,56.2(7),56.2
2750,3847,COc1ccc(CC(=O)O)cc1OC,98,98.0
2751,3851,COc1cc(-c2ccc(N)c(OC)c2)ccc1N,137,137.0
2752,3852,COc1cc(-c2ccc(N=C=O)c(OC)c2)ccc1N=C=O,112,112.0
2753,3853,COc1ccc(C(=O)O)c(OC)c1,107.2(4),107.2
2754,3854,COc1cccc(OC)c1C(=O)O,186 dec,186.0
2755,3855,COc1ccc(C(=O)O)cc1OC,181,181.0
2756,3856,COc1cc(OC)cc(C(=O)O)c1,185.5,185.5
2757,3857,COc1ccc(C(=O)C(O)c2ccc(OC)cc2)cc1,109(3),109.0
2758,3858,COc1cc(OC)c2ccc(=O)oc2c1,149,149.0
2759,3859,COc1ccc(-c2ccc(OC)cc2)cc1,175,175.0
2760,3860,COBOC,-130.6,-130.6
2761,3862,COC1=CC(=O)C=C(OC)C1=O,256,256.0
2762,3866,COC(CN)OC,-78,78.0
2763,3867,COCCOC,-69.0(2),-69.0
2764,3869,COc1c2ccoc2nc2c(OC)cccc12,142,142.0
2765,3870,CCCCCCCCCCCCCCCC(OC)OC,10,10.0
2766,3871,COc1cc(O)c(C(C)=O)c(OC)c1,82,82.0
2767,3872,COc1cc2c(cc1OC)C(=O)CC2,119.5,119.5
2768,3873,COc1ccc2c(c1OC)C(=O)OC2,102.5,102.5
2769,3874,COCOC,-105.11(3),-105.11
2770,3875,COc1ccc(C)cc1OC,24,24.0
2771,3877,COc1ccc(OC)c(C)c1,21,21.0
2772,3881,COc1ccc([N+](=O)[O-])cc1OC,98,98.0
2773,3882,COc1ccc(OC)c([N+](=O)[O-])c1,72.5,72.5
2774,3883,COc1cccc(OC)c1O,56.5,56.5
2775,3884,COc1cc(O)cc(OC)c1,37,37.0
2776,3885,COc1ccc(C(C)=O)cc1OC,51,51.0
2777,3887,COC(C)(C)OC,-47,47.0
2778,3889,CC=Cc1ccc(OC)c(OC)c1,18,18.0
2779,3890,C=CCc1cc2c(c(OC)c1OC)OCO2,29.5,29.5
2780,3892,COC(C)OC,-113.2,-113.2
2781,3893,CC(=O)N(C)C,-19(1),19.0
2782,3896,CNC,-93(2),93.0
2783,3897,CNC.Cl,171,171.0
2784,3899,CC(=O)c1ccc(N(C)C)cc1,105.5,105.5
2785,3900,CN(C)CC(=O)N1c2ccccc2Sc2ccccc21,144.5,144.5
2786,3901,CN(C)c1ccc(N=Nc2ccccc2)cc1,116(1),116.0
2787,3902,Cc1cc(N=Nc2ccccc2C)ccc1N,102,102.0
2788,3903,CN(C)c1ccc(C=O)cc1,73.1(8),73.1
2789,3904,CN(C)c1ccc(C=C2SC(=S)NC2=O)cc1,270 dec,270.0
2790,3905,CN(C)c1ccccc1C(=O)O,72,72.0
2791,3906,CN(C)c1cccc(C(=O)O)c1,152.5,152.5
2792,3907,CN(C)c1ccc(C(=O)O)cc1,242.5,242.5
2793,3908,CN(C)c1ccc(C(=N)c2ccc(N(C)C)cc2)cc1,136,136.0
2794,3909,CB(C)N(C)C,-92,92.0
2795,3910,CCC(=O)C(CC(C)N(C)C)(c1ccccc1)c1ccccc1,99.5,99.5
2796,3912,C=CC(=O)OCCN(C)C,<-60,60.0
2797,3913,CN(C)CCc1c[nH]c2ccc(O)cc12,146.5,146.5
2798,3915,CN(C)CCc1ccc(O)cc1,117.5,117.5
2799,3917,CN(C)c1cccc2c(S(=O)(=O)Cl)cccc12,70,70.0
2800,3918,CN(C)c1cccc(O)c1,86,86.0
2801,3919,CN(C)c1ccc(O)cc1,77,77.0
2802,3920,CN(C)c1ccc(C(=O)c2ccccc2)cc1,92.5,92.5
2803,3921,CN(C)CCC(=O)c1ccccc1.Cl,153.5,153.5
2804,3922,CN(C)c1ccc(C=CC=O)cc1,139.5,139.5
2805,3928,CN(C)c1ncnc2nc[nH]c12,263,263.0
2806,3929,CN(C)c1ccc(C=Cc2nc3ccccc3s2)cc1,207 dec,207.0
2807,3930,Cc1cccc(N)c1C,3(1),3.0
2808,3931,Cc1ccc(N)c(C)c1,-13(2),13.0
2809,3932,Cc1ccc(C)c(N)c1,6(1),6.0
2810,3933,Cc1cccc(C)c1N,11.0(4),11.0
2811,3934,Cc1ccc(N)cc1C,49(1),49.0
2812,3935,Cc1cc(C)cc(N)c1,10(1),10.0
2813,3939,CN(C)c1ccccc1,2.1(5),2.1
2814,3940,CN(C)c1ccccc1.Cl,90,90.0
2815,3943,Cc1c2ccccc2c(C)c2ccccc12,186.4(5),186.4
2816,3944,Cc1ccc(C)c2c1C(=O)c1ccccc1C2=O,140.5,140.5
2817,3945,C[AsH]C,-136.1,-136.1
2818,3946,C[As](C)(=O)O,199.5(6),199.5
2819,3947,Cc1ccc(C=O)c(C)c1,-9,9.0
2820,3949,Cc1cc(C)cc(C=O)c1,9,9.0
2821,3950,CN(C)C(=O)c1ccccc1,43.8(5),43.8
2822,3951,Cc1c2ccccc2c(C)c2c1ccc1ccccc12,123(1),123.0
2823,3952,Cc1cc(N)c(N)cc1C,128,128.0
2824,3954,CN(C)c1cccc(N)c1,<-20,20.0
2825,3955,CN(C)c1ccc(N)cc1,53,53.0
2826,3956,Cc1cc(O)c(C)c(O)c1,163,163.0
2827,3957,Cc1cc(O)cc(C)c1O,152.3,152.3
2828,3962,CC(C)(O)c1ccccc1,37(1),37.0
2829,3963,CC(C)(O)CCc1ccccc1,24.5,24.5
2830,3964,CNS(=O)(=O)c1ccc(C)cc1,78.5,78.5
2831,3965,Cc1cc2nc[nH]c2cc1C,205.5,205.5
2832,3966,Cc1ccc(C(=O)O)c(C)c1,127,127.0
2833,3967,Cc1ccc(C)c(C(=O)O)c1,132(3),132.0
2834,3968,Cc1cccc(C)c1C(=O)O,116,116.0
2835,3969,Cc1ccc(C(=O)O)cc1C,163(2),163.0
2836,3970,Cc1cc(C)cc(C(=O)O)c1,171.1,171.1
2837,3971,Cc1ccc(C(=O)c2ccc(C)cc2)cc1,96.5,96.5
2838,3972,Cc1cc2nc3[nH]c(=O)[nH]c(=O)c3nc2cc1C,300,300.0
2839,3975,CC1(C)C2CCC(=O)C1C2,-1,1.0
2840,3977,Cc1ccccc1-c1ccccc1C,19.94(1),19.94
2841,3978,Cc1cccc(-c2cccc(C)c2)c1,8(4),8.0
2842,3979,Cc1ccc(-c2ccc(C)cc2)cc1,120.9(4),120.9
2843,3980,Cc1ccnc(-c2cc(C)ccn2)c1,171.5,171.5
2844,3981,C=C(C)C(=C)C,-76.0(1),-76.0
2845,3982,CCCC(=O)N(C)C,-40,40.0
2846,3983,CC(N)C(C)(C)C,-20,20.0
2847,3984,CCC(C)(C)C,-99.0(4),-99.0
2848,3985,CC(C)C(C)C,-128.1(2),-128.1
2849,3986,CC(C)(O)C(C)(C)O,43.3(2),43.3
2850,3988,CCC(C)(C)C(=O)O,-15.0(5),-15.0
2851,3989,CCC(C)(C)CO,<-15,15.0
2852,3990,CC(C)(C)CCO,-60,60.0
2853,3991,CC(C)C(C)(C)O,-10.5(3),-10.5
2854,3992,CC(O)C(C)(C)C,5.6,5.6
2855,3993,CC(=O)C(C)(C)C,-51.40(5),-51.4
2856,3995,C=C(C)C(C)C,-157.27(9),-157.27
2857,3996,C=CC(C)(C)C,-115.2(3),-115.2
2858,3997,CC(C)=C(C)C,-74.3(1),-74.3
2859,3998,CC(C)CC(C)Nc1ccc(Nc2ccccc2)cc1,46,46.0
2860,3999,C#CC(C)(C)C,-78.2(4),-78.2
2861,4001,[CH3-].[CH3-].[Cd+2],-2.67(2),-2.67
2862,4002,CN(C)C(=O)Cl,-33,33.0
2863,4003,CN(C)C(=S)Cl,42(2),42.0
2864,4004,COC(=O)C1C2C=CC(C2)C1C(=O)OC,38,38.0
2865,4005,COC(=O)OC,-1(10),1.0
2866,4007,CC1=C(C)C(=O)C=CC1=O,55,55.0
2867,4008,CC1=CC(=O)C(C)=CC1=O,126.0,126.0
2868,4009,CC1=CC(=O)C=C(C)C1=O,72.5,72.5
2869,4010,CC1(C)CCCCC1,-33.31(4),-33.31
2870,4011,CC1CCCCC1C,-49.83(4),-49.83
2871,4013,CC1CCCC(C)C1,-75.51(3),-75.51
2872,4015,CC1CCC(C)CC1,-87.4(3),-87.4
2873,4017,COC(=O)C1CCC(C(=O)OC)CC1,71,71.0
2874,4018,CC1(C)CC(=O)CC(=O)C1,52.5(5),52.5
2875,4020,CC1(C)CCCC(O)C1,11(2),11.0
2876,4021,CC1(C)CCCCC1=O,-20.5,-20.5
2877,4024,CC1(C)CCC(=O)CC1,39,39.0
2878,4025,CC1=C(C)CCCC1,-84.1(2),-84.1
2879,4028,CC1(C)CCCC1,-69.43(1),-69.43
2880,4029,CC1CCCC1C,-53.67(2),-53.67
2881,4031,CC1CCC(C)C1,-133.67(3),-133.67
2882,4034,CC1=C(C)CCC1,-90.4(5),-90.4
2883,4035,CC1=CCCC1C,-118.5(5),-118.5
2884,4036,CC1(C)CC1,-109.0(1),-109.0
2885,4037,CC1CC1C,-140.92(9),-140.92
2886,4040,CC(=O)O[Si](C)(C)OC(C)=O,-12.5,-12.5
2887,4041,CN=NC,-78,78.0
2888,4042,CC1(C)OC(=O)CC(=O)O1,94,94.0
2889,4043,CC1OC(=O)C(C)OC1=O,96.8,96.8
2890,4045,C[Si](C)(Oc1ccccc1)Oc1ccccc1,-23,23.0
2891,4046,CC(C)(c1ccccc1)C(C)(C)c1ccccc1,119(1),119.0
2892,4048,Cc1cc(-c2ccccc2)c2ccc3c(-c4ccccc4)cc(C)nc3c2n1,280 dec,280.0
2893,4050,CN(C(=O)N(C)c1ccccc1)c1ccccc1,121.6(7),121.6
2894,4051,CSSC,-84.67(10),-84.67
2895,4053,CCCCCCCCCCCC[N+](C)(C)[O-],130.5,130.5
2896,4057,CN(C)CCO,-65(1),65.0
2897,4058,COC,-141.49(21),-141.49
2898,4059,CC(C)(C)Oc1ccccc1,-18.3(4),-18.3
2899,4060,CC(C)(C)OCC1CO1,-70,70.0
2900,4061,CN(C)C=O,-60.3(2),-60.3
2901,4062,COC(=O)C=CC(=O)OC,101.7(7),101.7
2902,4063,Cc1ccc(C)o1,-62.8,-62.8
2903,4064,CC1=C(C)C(=O)OC1=O,96,96.0
2904,4065,C[Ge](C)=S,54.5,54.5
2905,4066,COC(=O)CCCC(=O)OC,-42.5,-42.5
2906,4067,CN(C)CC(=O)O,185.5,185.5
2907,4068,CC(=NO)C(C)=NO,245.5,245.5
2908,4069,C=C(C)CCC=C(C)C,-70,70.0
2909,4070,CCCCCC(C)(C)C,-113.05(10),-113.05
2910,4071,CCCCC(C)C(C)C,-116,116.0
2911,4074,CC(C)CCCC(C)C,-103.1(5),-103.1
2912,4079,COC(=O)CCCCCC(=O)OC,-21,21.0
2913,4083,CC(C)CC(=O)CC(C)C,-46.0(2),-46.0
2914,4086,C=C(C)CCC(=C)C,-75.6(2),-75.6
2915,4087,CC(C)=CC=C(C)C,13.8(3),13.8
2916,4088,CCCCC(C)(C)C,-121.19(7),-121.19
2917,4091,CC(C)CCC(C)C,-91.14(2),-91.14
2918,4092,CCCC(C)(C)CC,-126.2(1),-126.2
2919,4095,COC(=O)CCCCC(=O)OC,10.3(5),10.3
2920,4096,CC(C)(O)CCC(C)(C)O,91(2),91.0
2921,4100,CCCC(C)=C(C)C,-115.0(1),-115.0
2922,4102,CCC=CC(C)(C)C,-137.36(9),-137.36
2923,4106,CC(C)(O)C#CC(C)(C)O,95(2),95.0
2924,4107,CN(C)N,-57.15(8),-57.15
2925,4108,CNNC,-8.86(9),-8.86
2926,4109,CNNC.Cl.Cl,170 dec,170.0
2927,4113,Cc1cnc(C)[nH]1,92,92.0
2928,4114,CC1(C)NC(=O)NC1=O,176.1(5),176.1
2929,4116,Cc1cn(C)c2ccccc12,142,142.0
2930,4117,Cc1[nH]c2ccccc2c1C,107.5,107.5
2931,4118,CN(C)CCc1c[nH]c2ccccc12,46,46.0
2932,4119,CN(C)Cc1c[nH]c2ccccc12,138.5,138.5
2933,4120,COC(=O)c1cccc(C(=O)OC)c1,68(1),68.0
2934,4121,Cc1ccc(C(C)C)cc2c(C)ccc1-2,31.5,31.5
2935,4123,CC(C)C(C(C)C)C(C)C,-81.7(2),-81.7
2936,4125,[CH3-].[CH3-].[Mg+2],220 dec,220.0
2937,4127,COC(=O)CC(=O)OC,-62(1),62.0
2938,4128,CC(C)(C(=O)O)C(=O)O,191(2),191.0
2939,4131,C=C(CC(=O)OC)C(=O)OC,38,38.0
2940,4134,CC(C)=CC1C(C(=O)O)C1(C)C,20.0,20.0
2941,4137,CC1CNCC(C)O1,-88,88.0
2942,4139,Cc1ccc2ccccc2c1C,-3.0(7),-3.0
2943,4140,Cc1cc(C)c2ccccc2c1,-6,6.0
2944,4141,Cc1ccc(C)c2ccccc12,7.6(4),7.6
2945,4142,Cc1cccc2c(C)cccc12,81.5(9),81.5
2946,4143,Cc1ccc2c(C)cccc2c1,-16.2(5),-16.2
2947,4144,Cc1ccc2cccc(C)c2c1,-13.9,-13.9
2948,4145,Cc1cccc2cccc(C)c12,63.16(5),63.16
2949,4146,Cc1cc2ccccc2cc1C,104.3(3),104.3
2950,4147,Cc1ccc2cc(C)ccc2c1,110.1(2),110.1
2951,4148,Cc1ccc2ccc(C)cc2c1,96(1),96.0
2952,4150,CN(C)c1ccc2ccccc2c1,41.5(5),41.5
2953,4151,CN(C)c1ccccc1[N+](=O)[O-],-20,20.0
2954,4152,CN(C)c1cccc([N+](=O)[O-])c1,60(2),60.0
2955,4153,CN(C)c1ccc([N+](=O)[O-])cc1,164(1),164.0
2956,4154,Cc1cccc([N+](=O)[O-])c1C,14(1),14.0
2957,4155,Cc1ccc([N+](=O)[O-])cc1C,28(1),28.0
2958,4156,Cc1cccc(C)c1[N+](=O)[O-],15.2(7),15.2
2959,4157,Cc1cc(C)cc([N+](=O)[O-])c1,75,75.0
2960,4158,Cc1ccc(C)c([N+](=O)[O-])c1,-25,25.0
2961,4159,Cc1ccc([N+](=O)[O-])c(C)c1,9.6(2),9.6
2962,4160,Cc1ncc([N+](=O)[O-])n1C,138.5,138.5
2963,4161,CN(C)c1ccc(C=Cc2ccc([N+](=O)[O-])cc2)cc1,258.3,258.3
2964,4162,Cc1ccc(S(=O)(=O)N(C)N=O)cc1,60,60.0
2965,4163,COC(=O)CCCCCCCC(=O)OC,-0.8,-0.8
2966,4177,CC(C)CCCCC(C)C,-54(1),54.0
2967,4180,COC(=O)CCCCCCC(=O)OC,6(1),6.0
2968,4186,CCC(C)CCC(C)(O)CC,-67.5,-67.5
2969,4192,CC=C(C)C=CC=C(C)C,-35.4,-35.4
2970,4202,COC(=O)C(=O)OC,51(2),51.0
2971,4203,CC1(C)OC(=O)NC1=O,76.5,76.5
2972,4207,CC1OC1C,-83.4(5),-83.4
2973,4209,CC(C)(C)C(=O)C(=O)O,90.5,90.5
2974,4212,C=C(C)C=C(C)C,-116.0(3),-116.0
2975,4213,CCCCC(=O)N(C)C,-51,51.0
2976,4214,CCCC(C)(C)C,-123.71(4),-123.71
2977,4216,CC(C)CC(C)C,-119.16(2),-119.16
2978,4217,CCC(C)(C)CC,-134.4(4),-134.4
2979,4218,CC(C)(CC(=O)O)CC(=O)O,103.5,103.5
2980,4219,CC1(C)CC(=O)OC(=O)C1,125.8,125.8
2981,4223,CC(C)CC(C)(C)O,<-20,20.0
2982,4224,CCC(O)C(C)(C)C,9.3(5),9.3
2983,4225,CCC(C)(O)C(C)C,<-30,30.0
2984,4226,CC(C)C(O)C(C)C,<-70,70.0
2985,4227,CC(=O)CC(C)(C)C,-64,64.0
2986,4228,CCC(=O)C(C)(C)C,-45,45.0
2987,4229,CC(C)C(=O)C(C)C,-68.4(6),-68.4
2988,4230,C=C(C)C(C)CC,-137(5),137.0
2989,4231,C=C(C)CC(C)C,-124.1(1),-124.1
2990,4232,C=CC(C)(C)CC,-134.4(1),-134.4
2991,4234,C=CCC(C)(C)C,-136.6(1),-136.6
2992,4235,CCC(C)=C(C)C,-118.3(1),-118.3
2993,4236,CC(C)=CC(C)C,-127.6(2),-127.6
2994,4237,CC=C(C)C(C)C,-124.2(1),-124.2
2995,4239,CC=CC(C)(C)C,-135.5(1),-135.5
2996,4241,C#CCC(C)(C)C,-75.7,-75.7
2997,4242,CC#CC(C)(C)C,-82(2),82.0
2998,4243,COOC,-100,100.0
2999,4244,Cc1ccc2ccc3ccc(C)nc3c2n1,163(1),163.0
3000,4245,Cc1ccc(OP(=O)(Oc2ccc(C)c(C)c2)Oc2ccc(C)c(C)c2)cc1C,72,72.0
3001,4246,Cc1ccc(C)c(OCCCC(C)(C)C(=O)O)c1,62.0(5),62.0
3002,4247,CC(=O)Nc1ccc(C)cc1C,129.3,129.3
3003,4248,Cc1ccc(N=Nc2c(O)ccc3ccccc23)c(C)c1,166,166.0
3004,4249,Cc1ccc(C)c(N=Nc2c(O)ccc3ccccc23)c1,153,153.0
3005,4251,CC(=O)c1cc(C)ccc1C,-18.1(7),-18.1
3006,4252,CC(=O)c1ccc(C)c(C)c1,-5(1),5.0
3007,4253,CC(C)(C)C(=O)C=Cc1ccccc1,43,43.0
3008,4256,CC1(C)CN(c2ccccc2)NC1=O,176,176.0
3009,4258,CN1C(=O)CC(C)(c2ccccc2)C1=O,52.5,52.5
3010,4260,CN(C)C(=O)Nc1ccccc1,132.9(5),132.9
3011,4262,CP(C)(=O)O,92,92.0
3012,4264,COC(=O)c1ccccc1C(=O)OC,1.03(2),1.03
3013,4265,CN1CCN(C)CC1,-1.0(3),-1.0
3014,4266,CC1CNC(C)CN1,114,114.0
3015,4270,CC(C)(C)C=O,1(2),1.0
3016,4272,CCC(=O)N(C)C,-45,45.0
3017,4275,CC(C)(CO)CO,129.3(9),129.3
3018,4276,CC(C)(C)C#N,18.97(5),18.97
3019,4278,CC(C)(C)C(=O)O,36(1),36.0
3020,4279,CC(C)(C)CO,55(3),55.0
3021,4285,CCC(C)(C)C1CCC(=O)CC1,96,96.0
3022,4288,CCC(C)(C)c1ccc(O)cc1,92.7(10),92.7
3023,4289,Cc1cc(C)oc(=O)c1,51.5,51.5
3024,4290,Cc1cc(=O)cc(C)o1,132.1(2),132.1
3025,4293,Cc1cncc(C)n1,47.5,47.5
3026,4295,Cc1cc(C)[nH]n1,107.5,107.5
3027,4296,Cc1cc2ccc3cc(C)cc4ccc(c1)c2c34,230,230.0
3028,4297,Cc1cc(C)nc(N)c1,61,61.0
3029,4298,CN(C)c1ccccn1,182,182.0
3030,4299,CN(C)c1ccncc1,113.9(2),113.9
3031,4301,Cc1ccnc(C)c1,-63.80(3),-63.8
3032,4302,Cc1ccc(C)nc1,-14.08(3),-14.08
3033,4303,Cc1cccc(C)n1,-6.12(3),-6.12
3034,4304,Cc1ccncc1C,-10.45(3),-10.45
3035,4305,Cc1cncc(C)c1,-6.34(3),-6.34
3036,4306,Cc1cccc(C)[n+]1[O-],23.3(5),23.3
3037,4307,Cc1cc(C)nc(N)n1,153.5,153.5
3038,4308,Cc1cc(N)nc(C)n1,183,183.0
3039,4309,Cc1cc(C)ncn1,25,25.0
3040,4310,Cn1ccc(=O)n(C)c1=O,119.3(5),119.3
3041,4312,Cc1ccc(C)[nH]1,7.68(8),7.68
3042,4315,Cc1ccc2nc(C)ccc2c1,57.69(5),57.69
3043,4316,Cc1ccc2ccc(C)nc2c1,61(2),61.0
3044,4317,Cc1nc2ccccc2nc1C,106.3(4),106.3
3045,4318,COC(=O)CCCCCCCCC(=O)OC,26.6(5),26.6
3046,4320,C[Si]C,-150,150.0
3047,4321,CCCCCCCCCCCCCCCCCCN(C)C,22.9(2),22.9
3048,4322,COC(=O)CCC(=O)OC,18.6(6),18.6
3049,4324,COS(=O)(=O)OC,-31.8(4),-31.8
3050,4325,CSC,-98.26(4),-98.26
3051,4327,CC1CC(C)S(=O)(=O)C1,-1.5,-1.5
3052,4328,CS(C)(=O)=O,108.83(5),108.83
3053,4329,CS(C)=O,18.52(5),18.52
3054,4330,COC(=O)C(O)C(O)C(=O)OC,59(5),59.0
3055,4333,COC(=O)c1c(Cl)c(Cl)c(C(=O)OC)c(Cl)c1Cl,158.2(7),158.2
3056,4334,CC1=C(CCO)SC2=Nc3nc(C)ncc3CN21,228.8,228.8
3057,4335,Cc1nnc(C)s1,65,65.0
3058,4336,Cc1ccc2c(c1)Sc1ccc(C)cc1S2,123,123.0
3059,4338,Cc1ncsc1C,83.5,83.5
3060,4339,CC(=S)N(C)C,74.5,74.5
3061,4341,Cc1ccsc1C,-49.0(6),-49.0
3062,4343,Cc1ccc(C)s1,-62.52(5),-62.52
3063,4345,CN(C)C(N)=S,161.5,161.5
3064,4346,CNC(=S)NC,63.8(6),63.8
3065,4348,CN(C)C(=O)Nc1cccc(C(F)(F)F)c1,161(1),161.0
3066,4351,CN(C)C(N)=O,181.2(8),181.2
3067,4352,CNC(=O)NC,106(2),106.0
3068,4353,[CH3-].[CH3-].[Zn+2],-43.01(2),-43.01
3069,4354,Cc1cc(OC(=O)N(C)C)nn1C(=O)N(C)C,69,69.0
3070,4355,CCCCN(CCN(CCCC)C(=O)N1CCOCC1)C(=O)N1CCOCC1,41.5,41.5
3071,4356,c1ccc2cc(Nc3ccc(Nc4ccc5ccccc5c4)cc3)ccc2c1,235,235.0
3072,4357,c1ccc2cc(SSc3ccc4ccccc4c3)ccc2c1,139.5,139.5
3073,4358,O=C(Nc1cccc2ccccc12)Nc1cccc2ccccc12,296,296.0
3074,4359,CC(C)(C)C(O)C(=Cc1ccc(Cl)cc1Cl)n1cncn1,149,149.0
3075,4360,CCN(CC)c1c([N+](=O)[O-])cc(C(F)(F)F)c(N)c1[N+](=O)[O-],99.3(5),99.3
3076,4361,Nc1cccc([N+](=O)[O-])c1[N+](=O)[O-],128,128.0
3077,4362,Nc1ccc([N+](=O)[O-])cc1[N+](=O)[O-],180.1(5),180.1
3078,4363,Nc1cc([N+](=O)[O-])ccc1[N+](=O)[O-],138.0,138.0
3079,4364,Nc1c([N+](=O)[O-])cccc1[N+](=O)[O-],138.0(5),138.0
3080,4365,Nc1cc([N+](=O)[O-])cc([N+](=O)[O-])c1,162(1),162.0
3081,4366,O=C1c2cccc([N+](=O)[O-])c2C(=O)c2cccc([N+](=O)[O-])c21,385,385.0
3082,4367,O=C1c2cccc([N+](=O)[O-])c2C(=O)c2c1cccc2[N+](=O)[O-],312,312.0
3083,4368,O=Cc1ccc([N+](=O)[O-])cc1[N+](=O)[O-],71.8(7),71.8
3084,4369,NC(=O)c1cc([N+](=O)[O-])cc([N+](=O)[O-])c1,184,184.0
3085,4370,O=[N+]([O-])c1ccccc1[N+](=O)[O-],115.8(6),115.8
3086,4371,O=[N+]([O-])c1cccc([N+](=O)[O-])c1,89.2(5),89.2
3087,4372,O=[N+]([O-])c1ccc([N+](=O)[O-])cc1,171.1(9),171.1
3088,4373,O=[N+]([O-])c1ccc(O)c([N+](=O)[O-])c1O,147.3(4),147.3
3089,4374,O=[N+]([O-])c1ccc(SCl)c([N+](=O)[O-])c1,99,99.0
3090,4375,O=[N+]([O-])c1ccc(S(=O)(=O)O)c([N+](=O)[O-])c1,108,108.0
3091,4376,O=C(O)c1ccc([N+](=O)[O-])cc1[N+](=O)[O-],182.7(5),182.7
3092,4377,O=C(O)c1ccc([N+](=O)[O-])c([N+](=O)[O-])c1,165.0(5),165.0
3093,4378,O=C(O)c1cc([N+](=O)[O-])cc([N+](=O)[O-])c1,205,205.0
3094,4379,O=C(Cl)c1cc([N+](=O)[O-])cc([N+](=O)[O-])c1,74,74.0
3095,4380,O=[N+]([O-])c1ccccc1-c1ccccc1[N+](=O)[O-],127(1),127.0
3096,4381,O=[N+]([O-])c1ccc(-c2ccc([N+](=O)[O-])cc2)cc1,235(6),235.0
3097,4382,O=[N+]([O-])CCCC[N+](=O)[O-],33.5(5),33.5
3098,4383,O=[N+]([O-])c1ccc(Nc2ccc([N+](=O)[O-])cc2)cc1,210(1),210.0
3099,4384,O=[N+]([O-])c1ccc(Oc2ccc([N+](=O)[O-])cc2)cc1,143(1),143.0
3100,4385,O=[N+]([O-])c1ccc(Sc2ccc([N+](=O)[O-])cc2)cc1,160.5,160.5
3101,4387,O=[N+]([O-])CC[N+](=O)[O-],38.2(4),38.2
3102,4388,O=[N+]([O-])C[N+](=O)[O-],<-15,15.0
3103,4389,O=[N+]([O-])c1cc([N+](=O)[O-])c2ccccc2c1,148,148.0
3104,4390,O=[N+]([O-])c1cccc2c([N+](=O)[O-])cccc12,217(2),217.0
3105,4391,O=[N+]([O-])c1cccc2cccc([N+](=O)[O-])c12,172(1),172.0
3106,4392,O=[N+]([O-])c1cc([N+](=O)[O-])c2ccccc2c1O,138(1),138.0
3107,4393,O=[N+]([O-])c1cccc(O)c1[N+](=O)[O-],145.1(2),145.1
3108,4394,O=[N+]([O-])c1ccc(O)c([N+](=O)[O-])c1,114(2),114.0
3109,4395,O=[N+]([O-])c1ccc([N+](=O)[O-])c(O)c1,105.6(2),105.6
3110,4396,O=[N+]([O-])c1cccc([N+](=O)[O-])c1O,62.4(8),62.4
3111,4397,O=[N+]([O-])c1ccc(O)cc1[N+](=O)[O-],134.4(10),134.4
3112,4398,CC(=O)Oc1ccc([N+](=O)[O-])cc1[N+](=O)[O-],72.5,72.5
3113,4399,O=[N+]([O-])c1ccc(Nc2ccc(O)cc2)c([N+](=O)[O-])c1,195.5,195.5
3114,4400,O=[N+]([O-])c1ccc(Nc2ccccc2)c([N+](=O)[O-])c1,159(2),159.0
3115,4401,CN(C)C(=S)Sc1ccc([N+](=O)[O-])cc1[N+](=O)[O-],152.5,152.5
3116,4402,NNc1ccc([N+](=O)[O-])cc1[N+](=O)[O-],201.6(4),201.6
3117,4403,CCC([N+](=O)[O-])[N+](=O)[O-],-42(1),42.0
3118,4404,O=[N+]([O-])CCC[N+](=O)[O-],-21.4(2),-21.4
3119,4405,CC(C)([N+](=O)[O-])[N+](=O)[O-],52(2),52.0
3120,4406,O=[N+]([O-])C(CO)(CO)[N+](=O)[O-],142,142.0
3121,4407,O=[N+]([O-])c1ccc2ccc3c([N+](=O)[O-])ccc4ccc1c2c43,309(1),309.0
3122,4408,O=[N+]([O-])c1ccc2ccc3ccc([N+](=O)[O-])c4ccc1c2c34,299(1),299.0
3123,4409,O=NN1CN2CN(C1)CN(N=O)C2,207,207.0
3124,4410,O=NN1CCN(N=O)CC1,155.9(7),155.9
3125,4411,O=[N+]([O-])c1ccc(C=Cc2ccc([N+](=O)[O-])cc2S(=O)(=O)O)c(S(=O)(=O)O)c1,266,266.0
3126,4412,CCC(C)c1cc([N+](=O)[O-])cc([N+](=O)[O-])c1OC(=O)OC(C)C,60,60.0
3127,4417,CCC(C)c1cc([N+](=O)[O-])cc([N+](=O)[O-])c1O,43.3(5),43.3
3128,4418,CCCCCCCCCCCCCCCCCCNCCCCCCCCCCCCCCCCCC,72.9,72.9
3129,4419,CCCCCCCCNCCCCCCCC,20(9),20.0
3130,4420,CCCCCCCCOCCCCCCCC,-7.7(4),-7.7
3131,4421,CCCCCCCCOC(=O)CCCCC(=O)OCCCCCCCC,9.6,9.6
3132,4423,CCCCCCCCOC(=O)c1ccccc1C(=O)OCCCCCCCC,25,25.0
3133,4424,CCCCCCCCOC(=O)CCCCCCCCC(=O)OCCCCCCCC,18,18.0
3134,4427,CC1=CC(=O)OC2(C1)CC1CCC2CN1C,34,34.0
3135,4428,C1COCOC1,-45,45.0
3136,4429,C1COCCO1,11.75(6),11.75
3137,4430,O=C1COC(=O)CO1,83.0(1),83.0
3138,4431,O=C1COCC(=O)O1,92.5,92.5
3139,4432,CCOP(=S)(OCC)SC1OCCOC1SP(=S)(OCC)OCC,-20,20.0
3140,4434,C1COCO1,-97.21(2),-97.21
3141,4435,O=c1occo1,22,22.0
3142,4437,CC(=O)N(C)N(C(=O)C(=O)N(C)C)c1ccccc1,105.5,105.5
3143,4438,OCC(CO)(CO)COCC(CO)(CO)CO,221,221.0
3144,4439,C=C(C)C1CC=C(C)CC1,-95.5,-95.5
3145,4441,CCCCCOCCCCC,-69.2(5),-69.2
3146,4443,CCC(C)(C)OOC(C)(C)CC,-55,55.0
3147,4445,CCCCCSCCCCC,-51.3,-51.3
3148,4446,CCCCCS(=O)CCCCC,58,58.0
3149,4447,CN(C)C(=O)C(c1ccccc1)c1ccccc1,133(2),133.0
3150,4448,OC(CCCN1CCCCC1)(c1ccccc1)c1ccccc1,104.5,104.5
3151,4449,CC(CCC(=O)O)(c1ccc(O)cc1)c1ccc(O)cc1,171.5,171.5
3152,4450,c1ccc(OCCOc2ccccc2)cc1,98,98.0
3153,4451,CC(=O)N(c1ccccc1)c1ccccc1,101.4(6),101.4
3154,4452,C(#Cc1ccccc1)c1ccccc1,62(2),62.0
3155,4453,O=C1c2ccccc2C(=O)C1C(=O)C(c1ccccc1)c1ccccc1,146.5,146.5
3156,4455,O=C(O)c1ccccc1Nc1ccccc1C(=O)O,296 dec,296.0
3157,4457,c1ccc(-c2c3ccccc3c(-c3ccccc3)c3ccccc23)cc1,237.0(2),237.0
3158,4458,Cl[As](c1ccccc1)c1ccccc1,44,44.0
3159,4459,c1ccc(Nc2ccc(Nc3ccccc3)cc2)cc1,150,150.0
3160,4460,OC(Cc1ccccc1)(c1ccccc1)c1ccccc1,89.5,89.5
3161,4461,SC(c1ccccc1)(c1ccccc1)c1ccccc1,105.8,105.8
3162,4462,c1ccc(Nc2ccc(-c3ccc(Nc4ccccc4)cc3)cc2)cc1,247,247.0
3163,4463,C(C=Cc1ccccc1)=Cc1ccccc1,149(4),149.0
3164,4464,C(C#Cc1ccccc1)#Cc1ccccc1,85.9(5),85.9
3165,4465,CCCC(c1ccccc1)c1ccccc1,27,27.0
3166,4467,c1ccc(CCCCc2ccccc2)cc1,52.2(1),52.2
3167,4468,CC(C=Cc1ccccc1)c1ccccc1,47.5,47.5
3168,4469,O=C(C=CC(=O)c1ccccc1)c1ccccc1,111,111.0
3169,4471,O=C(Cl)N(c1ccccc1)c1ccccc1,84.5,84.5
3170,4472,O=C(N=Nc1ccccc1)NNc1ccccc1,157 dec,157.0
3171,4474,O=C(Oc1ccccc1)Oc1ccccc1,78.9(3),78.9
3172,4475,O=C(NNc1ccccc1)NNc1ccccc1,170,170.0
3173,4477,c1ccc([Se][Se]c2ccccc2)cc1,63.5,63.5
3174,4478,c1ccc(SSc2ccccc2)cc1,60.4(5),60.4
3175,4479,CC(c1ccccc1)c1ccccc1,-18.0(1),-18.0
3176,4480,c1ccc(CCc2ccccc2)cc1,51.18(6),51.18
3177,4481,O=C(Nc1ccccc1)C(=O)Nc1ccccc1,254,254.0
3178,4482,c1ccc(NCCNc2ccccc2)cc1,74,74.0
3179,4483,OC(c1ccccc1)C(O)c1ccccc1,122.5,122.5
3180,4484,C=C(c1ccccc1)c1ccccc1,8.2(4),8.2
3181,4487,O=CN(c1ccccc1)c1ccccc1,73.5,73.5
3182,4488,c1ccc(-c2ccc(-c3ccccc3)o2)cc1,91,91.0
3183,4489,NC(=Nc1ccccc1)Nc1ccccc1,147(1),147.0
3184,4490,C(=CC=Cc1ccccc1)C=Cc1ccccc1,202(4),202.0
3185,4491,NN(c1ccccc1)c1ccccc1,50.5,50.5
3186,4492,c1ccc(NNc2ccccc2)cc1,128.7(5),128.7
3187,4493,O=C1NCNC1(c1ccccc1)c1ccccc1,183,183.0
3188,4494,O=C(Oc1ccccc1)c1cccc(C(=O)Oc2ccccc2)c1,138,138.0
3189,4496,O=C(C=CC(=O)Oc1ccccc1)Oc1ccccc1,73,73.0
3190,4498,c1ccc(Cc2ccccc2)cc1,25.22(2),25.22
3191,4499,O=C=Nc1ccc(Cc2ccc(N=C=O)cc2)cc1,40.41(1),40.41
3192,4500,S=C(c1ccccc1)c1ccccc1,53.5,53.5
3193,4501,C(=Nc1ccccc1)Nc1ccccc1,142,142.0
3194,4502,OC(c1ccccc1)c1ccccc1,65(1),65.0
3195,4504,CP(=O)(Oc1ccccc1)Oc1ccccc1,35,35.0
3196,4505,OCCN1CCCCC1C(c1ccccc1)c1ccccc1,106.5,106.5
3197,4506,c1ccc(-c2cnc(-c3ccccc3)o2)cc1,71(3),71.0
3198,4507,O=C(C=Cc1ccccc1)C=Cc1ccccc1,113 dec,113.0
3199,4508,c1ccc(-c2ccnc3c2ccc2c(-c4ccccc4)ccnc23)cc1,220 dec,220.0
3200,4510,O=[P+](Oc1ccccc1)Oc1ccccc1,12,12.0
3201,4512,OC(c1ccccc1)(c1ccccc1)C1CCCCN1,97.5,97.5
3202,4513,c1ccc(CCCc2ccccc2)cc1,6,6.0
3203,4514,CC(C)(c1ccccc1)c1ccccc1,29.1(3),29.1
3204,4515,O=C(CC(=O)c1ccccc1)c1ccccc1,77(3),77.0
3205,4516,O=C(CCc1ccccc1)c1ccccc1,72.5,72.5
3206,4517,CC(=O)C(c1ccccc1)c1ccccc1,46,46.0
3207,4518,O=C(Cc1ccccc1)Cc1ccccc1,34(1),34.0
3208,4519,O=CC=C(c1ccccc1)c1ccccc1,44.8,44.8
3209,4520,CC=C(c1ccccc1)c1ccccc1,49(5),49.0
3210,4521,O=C(C=Cc1ccccc1)c1ccccc1,56(4),56.0
3211,4522,c1ccc(C(CCN2CCCCC2)c2ccccc2)cc1,41.5,41.5
3212,4523,c1ccc(-c2cc(-c3ccccc3)[nH]n2)cc1,200,200.0
3213,4524,O=C1NN(c2ccccc2)C(=O)C1c1ccccc1,233.5,233.5
3214,4525,c1ccc([Se]c2ccccc2)cc1,1.3,1.3
3215,4528,O=C(CCC(=O)Oc1ccccc1)Oc1ccccc1,121,121.0
3216,4529,c1ccc(Sc2ccccc2)cc1,-15.35(5),-15.35
3217,4530,O=S(=O)(c1ccccc1)c1ccccc1,127(3),127.0
3218,4531,O=S(c1ccccc1)c1ccccc1,70.2(2),70.2
3219,4533,c1ccc(N=NNc2ccccc2)cc1,98,98.0
3220,4534,NC(=O)N(c1ccccc1)c1ccccc1,189,189.0
3221,4536,O=C(Cl)OC(Cl)(Cl)Cl,-57,57.0
3222,4537,C1CCN(CCN2CCCCC2)CC1,-0.5,-0.5
3223,4539,C(CC1CCNCC1)CC1CCNCC1,67.1,67.1
3224,4540,COc1c(Cl)c(C)c2c(c1Cl)OC(=O)c1c(C)c(Cl)c(O)c(Cl)c1O2,232,232.0
3225,4544,CCSc1nc(NC(C)C)nc(NC(C)C)n1,105.0(5),105.0
3226,4546,CCCOCOCCC,-97.3,-97.3
3227,4548,CCCNCCC,-63,63.0
3228,4549,CCCN(CCC)S(=O)(=O)c1ccc(C(=O)O)cc1,195,195.0
3229,4553,CCCSSCCC,-85.4(1),-85.4
3230,4556,COC(C)COC(C)CO,-80,80.0
3231,4557,CCCOCCC,-114.8(4),-114.8
3232,4559,CCCOC(=O)CCCCC(=O)OCCC,-15.7,-15.7
3233,4561,CCCOC(=O)C(=O)OCCC,-44.3,-44.3
3234,4562,CCCC1(CCC)OC(=O)NC1=O,42.5,42.5
3235,4563,CCCOC(=O)c1ccccc1C(=O)OCCC,-31.0,-31.0
3236,4564,CCCOC(=O)CCC(=O)OCCC,-5.9,-5.9
3237,4566,CCCSCCC,-102.68(4),-102.68
3238,4567,CCCS(=O)(=O)CCC,28(2),28.0
3239,4568,CCCS(=O)CCC,25(1),25.0
3240,4569,OCCN(CCO)c1nc(N2CCCCC2)c2nc(N(CCO)CCO)nc(N3CCCCC3)c2n1,163,163.0
3241,4570,[O-][n+]1ccccc1SSc1cccc[n+]1[O-],205,205.0
3242,4571,c1c[nH]c(Cc2ccc[nH]2)c1,73,73.0
3243,4573,[Br-].[Br-].c1cc[n+]2c(c1)-c1cccc[n+]1CC2,337,337.0
3244,4575,O=C([O-])CC(O)(CC(=O)O)C(=O)[O-].[Na+].[Na+],149 dec,149.0
3245,4576,Nc1ccc(N)c2c1C(=O)c1c(N)ccc(N)c1C2=O,331,331.0
3246,4577,CCCCCCCCCCCCCCCCCCOC(=O)CCSCCC(=O)OCCCCCCCCCCCCCCCCCC,61,61.0
3247,4578,CCN(CC)C(=S)SSC(=S)N(CC)CC,71.5,71.5
3248,4579,CCOP(=S)(OCC)SCCSCC,-25,25.0
3249,4580,C1CCSSC1,32.5,32.5
3250,4581,C1CSCSC1,54.0(3),54.0
3251,4582,C1CSCCS1,111.4(3),111.4
3252,4583,N#Cc1sc2c(=O)c3ccccc3c(=O)c=2sc1C#N,220,220.0
3253,4584,CCN1C(=CC=CC=Cc2sc3ccccc3[n+]2CC)Sc2ccccc21.[I-],248 dec,248.0
3254,4585,O=C(O)c1ccccc1SSc1ccccc1C(=O)O,289.5,289.5
3255,4586,O=C(O)CCSSCCC(=O)O,156(3),156.0
3256,4587,CC(C)(SSC(C)(C)C(N)C(=O)O)C(N)C(=O)O,204.5,204.5
3257,4588,NC(=S)NNC(N)=S,214,214.0
3258,4589,C1CN(SSN2CCOCC2)CCO1,124.5,124.5
3259,4590,C1CSSC1,77,77.0
3260,4591,C1CSCS1,-50,50.0
3261,4592,S=C1SCCS1,35,35.0
3262,4593,CSC(=O)c1c(C(F)F)nc(C(F)(F)F)c(C(=O)SC)c1CC(C)C,65,65.0
3263,4594,S=C(N=Nc1ccccc1)NNc1ccccc1,167 dec,167.0
3264,4595,Cc1ccc(N=C=Nc2ccc(C)cc2)cc1,58.5,58.5
3265,4596,Cc1ccc(CCc2ccc(C)cc2)cc1,81.8(5),81.8
3266,4597,Cc1ccccc1N=C(N)Nc1ccccc1C,179,179.0
3267,4599,CCCCCCCCCCCOC(=O)c1ccccc1C(=O)OCCCCCCCCCCC,35.5,35.5
3268,4600,CN(C)C(=O)Nc1ccc(Cl)c(Cl)c1,157(1),157.0
3269,4602,C=Cc1cccc(C=C)c1,-52.2(2),-52.2
3270,4603,C=Cc1ccc(C=C)cc1,30(2),30.0
3271,4606,C=COC=C,-101(1),101.0
3272,4607,C=CSC=C,20,20.0
3273,4608,C=CS(=O)(=O)C=C,-26,26.0
3274,4610,C=C[Si](C)(C)O[Si](C)(C)C=C,-99.7,-99.7
3275,4611,NC(CSCSCC(N)C(=O)O)C(=O)O,≈325 dec,325.0
3276,4612,COP(=S)(NC(C)C)Oc1ccc(Cl)cc1Cl,51.8(3),51.8
3277,4613,CCCCCCCCCCCCCCCCCCCCCC,43.8(3),43.8
3278,4614,CCCCCCCCCCCCCCCCCCCCCC(=O)O,80.6(1),80.6
3279,4615,CCCCCCCCCCCCCCCCCCCCCCO,71(1),71.0
3280,4616,CCCCCCCCC=CCCCCCCCCCCCC(N)=O,94,94.0
3281,4617,C=CCCCCCCCCCCCCCCCCCCCC,38,38.0
3282,4618,CCCCCCCCC=CCCCCCCCCCCCC(=O)O,33.0(5),33.0
3283,4621,C[Si]1(C)O[Si](C)(C)O[Si](C)(C)O[Si](C)(C)O[Si](C)(C)O[Si](C)(C)O1,-4.2(2),-4.2
3284,4622,C[Si](C)(C)O[Si](C)(C)O[Si](C)(C)O[Si](C)(C)O[Si](C)(C)C,-80,80.0
3285,4623,CCCCCCCCCCCC=O,44(4),44.0
3286,4624,CCCCCCCCCCCC(N)=O,101(2),101.0
3287,4625,CCCCCCCCCCCC,-9.55(2),-9.55
3288,4626,NCCCCCCCCCCCCN,68(1),68.0
3289,4627,O=C(O)CCCCCCCCCCC(=O)O,126.6(8),126.6
3290,4628,OCCCCCCCCCCCCO,81.3,81.3
3291,4629,CCCCCCCCCCCC#N,4.0(2),4.0
3292,4630,CCCCCCCCCCCCS,-6.7,-6.7
3293,4631,CCCCCCCCCCCC(=O)O,43.82(2),43.82
3294,4632,CCCCCCCCCCCC(=O)OC(=O)CCCCCCCCCCC,41.8,41.8
3295,4633,CCCCCCCCCCCCO,24.2(3),24.2
3296,4634,CCCCCCCCCCC(C)O,19,19.0
3297,4635,CCCCCCCCCCC(C)=O,21,21.0
3298,4636,CCCCCCCCCCCC(=O)Cl,-17,17.0
3299,4637,C=CCCCCCCCCCC,-35.19(5),-35.19
3300,4638,O=C(O)C=CCCCCCCCCC(=O)O,165.5,165.5
3301,4639,CCCCCCCCCC=CCC1CC(=O)OC1=O,42,42.0
3302,4640,CCCCCCCCCCCCOC(C)=O,1.2(2),1.2
3303,4641,C=CC(=O)OCCCCCCCCCCCC,4,4.0
3304,4642,CCCCCCCCCCCCN,27.8(7),27.8
3305,4643,CC(=O)O.CCCCCCCCCCCCN,69.5,69.5
3306,4644,CCCCCCCCCCCCN.Cl,182(2),182.0
3307,4645,CCCCCCCCCCCCc1ccc(N)cc1,41.5,41.5
3308,4646,CCCCCCCCCCCCc1ccccc1,-2(5),2.0
3309,4649,CCCCCCCCCCCCOC(=O)CS,1.5,1.5
3310,4653,CCCCCCCCCCCCOc1ccc(C(=O)c2ccccc2)c(O)c1,43.5,43.5
3311,4654,CCCCCCCCCCCCc1ccc(O)cc1,66,66.0
3312,4658,CCCCCCCCCCCCOC(=O)c1cc(O)c(O)c(O)c1,96.5,96.5
3313,4659,CCCCCCCCCCCC[N+](C)(C)C.[Cl-],246 dec,246.0
3314,4660,C#CCCCCCCCCCC,-19,19.0
3315,4662,CC(=O)O.CCCCCCCCCCCCN=C(N)N,137.5(5),137.5
3316,4664,CN(C)CCC=C1c2ccccc2CSc2ccccc21,56,56.0
3317,4665,CCCCCCCCCCCCCCCCCCCCCCCCCCCCCCCC,69.7(3),69.7
3318,4667,COc1cccc2c1C(=O)c1c(O)c3c(c(O)c1C2=O)CC(O)(C(=O)CO)CC3OC1CC(N)C(O)C(C)O1,230,230.0
3319,4668,COc1cccc2c1C(=O)c1c(O)c3c(c(O)c1C2=O)CC(O)(C(=O)CO)CC3OC1CC(N)C(O)C(C)O1.Cl,204 dec,204.0
3320,4670,CC1(C)CCCC2(C)C3C(=O)OCC3=CCC12,133,133.0
3321,4671,CCC(=O)OC1CCC2C3CCC4CC(=O)C(C)CC4(C)C3CCC12C,130(1),130.0
3322,4672,O=C(CCCN1CC=C(n2c(=O)[nH]c3ccccc32)CC1)c1ccc(F)cc1,146 (hyd),146.0
3323,4673,CC(=O)C1CCC2C3C=CC4=CC(=O)CCC4(C)C3CCC12C,172(1),172.0
3324,4674,Cn1c(=O)c2c(ncn2CC(O)CO)n(C)c1=O,161.5,161.5
3325,4675,CN1C2CC=C(C(=O)O)C1CC2,228 dec,228.0
3326,4676,CN1C2CCC1C(C(=O)O)C(O)C2,205,205.0
3327,4678,CCc1c(O)c(O)c2c(c1O)C(=O)C(O)=C(O)C2=O,220 dec,220.0
3328,4679,CC=C1C[N+]2(C)CCC34c5ccccc5NC32C(O)CC1C4(CO)C(=O)OC,206,206.0
3329,4680,CC[N+](C)(C)c1cccc(O)c1.[Cl-],162,162.0
3330,4681,CCOC(=O)COc1ccc2c(=O)cc(-c3ccccc3)oc2c1,123.7,123.7
3331,4683,CCCCCCCCCCCCCCCCCCCC,36.48(1),36.48
3332,4684,O=C(O)CCCCCCCCCCCCCCCCCCC(=O)O,125.5,125.5
3333,4685,CCCCCCCCCCCCCCCCCCCC(=O)O,75.06(2),75.06
3334,4686,CCCCCCCCCCCCCCCCCCCCO,63.9(9),63.9
3335,4687,CCCCCC=CCC=CCC=CCC=CCCCC(=O)O,-38(2),38.0
3336,4688,C=CCCCCCCCCCCCCCCCCCC,28.5,28.5
3337,4689,CCCCCCCCCCC=CCCCCCCCC(=O)O,24.5,24.5
3338,4691,CCCCCCCCC=CCCCCCCCCCC(=O)O,24,24.0
3339,4693,C=CC1(C)CCC(C(C)(C)O)CC1C(=C)C,52.5,52.5
3340,4695,CCCCCCCCCCCC1=C(O)C(=O)C=C(O)C1=O,142.5,142.5
3341,4696,CCC1CN2CCc3cc(OC)c(OC)cc3C2CC1CC1NCCc2cc(OC)c(OC)cc21,74,74.0
3342,4697,CCC(C)(CC)OC(N)=O,57,57.0
3343,4698,C=CCC1(C(C)C)C(=O)NC(=O)N(C)C1=O,56.5,56.5
3344,4699,O=S1OCC2C(CO1)C1(Cl)C(Cl)=C(Cl)C2(Cl)C1(Cl)Cl,106,106.0
3345,4700,O=S1(=O)OCC2C(CO1)C1(Cl)C(Cl)=C(Cl)C2(Cl)C1(Cl)Cl,181,181.0
3346,4701,O=C([O-])C1C2CCC(O2)C1C(=O)[O-].[Na+].[Na+],144,144.0
3347,4704,CNC(C)C(O)c1ccccc1,76.5,76.5
3348,4707,CNC(C)C(O)c1ccccc1.Cl,219,219.0
3349,4708,ClCC1CO1,-26,26.0
3350,4709,CNCC(O)c1ccc(O)c(O)c1,211.5,211.5
3351,4710,C=CC1CN2CCC1CC2C(O)c1ccnc2ccc(OC)cc12,113,113.0
3352,4711,CCC1CO1,-150,150.0
3353,4712,C1CC2OC2CC1C1CO1,<-55,55.0
3354,4713,CCCCCCCCCCCCCCC1CO1,24.1,24.1
3355,4714,CCCCCCCCCCCCCCCCC1CO1,26.1,26.1
3356,4718,Oc1ccc(C2COc3cc(O)ccc3C2)cc1,189.5,189.5
3357,4719,CC(C)C1C(=O)N2CCCC2C2(O)OC(NC(=O)C3C=C4c5cccc6[nH]cc(c56)CC4N(C)C3)(C(C)C)C(=O)N12,183 dec,183.0
3358,4721,CC(C)C1(NC(=O)C2C=C3c4cccc5[nH]cc(c45)CC3N(C)C2)OC2(O)C3CCCN3C(=O)C(Cc3ccccc3)N2C1=O,175 dec,175.0
3359,4723,CC(C)CC1C(=O)N2CCCC2C2(O)OC(NC(=O)C3C=C4c5cccc6[nH]cc(c56)CC4N(C)C3)(C(C)C)C(=O)N12,213 dec,213.0
3360,4725,CC(CO)NC(=O)C1C=C2c3cccc4[nH]cc(c34)CC2N(C)C1,196 dec,196.0
3361,4727,CC(C)CC1C(=O)N2CCCC2C2(O)OC(C)(NC(=O)C3C=C4c5cccc6[nH]cc(c56)CC4N(C)C3)C(=O)N12,228 dec,228.0
3362,4728,CC(C)C(C)CCC(C)C1CCC2C3CCC4CCCCC4(C)C3CCC12C,85,85.0
3363,4730,CC(C)C(C)CCC(C)C1CCC2C3CCC4CC(O)CCC4(C)C3CCC12C,144.5,144.5
3364,4731,CC(C)C(C)C=CC(C)C1CCC2C3=CC=C4CC(O)CCC4(C)C3=CCC21C,146,146.0
3365,4732,CC(C)C(C)C=CC(C)C1CCC2C3=CC=C4CC(O)CCC4(C)C3CCC21C,158(1),158.0
3366,4735,CC(C)C(C)CCC(C)C1CCC2C3CC=C4CC(O)CCC4(C)C3CCC12C,157.5,157.5
3367,4736,CC(C)C(C)CCC(C)C1CCC2C3=CCC4CC(O)CCC4(C)C3CCC21C,146,146.0
3368,4737,CC(C)C(C)CCC(C)C1CCC2=C3CCC4CC(O)CCC4(C)C3CCC21C,131,131.0
3369,4738,CN1CC(C(=O)NC2(C)OC3(O)C4CCCN4C(=O)C(Cc4ccccc4)N3C2=O)C=C2c3cccc4[nH]cc(c34)CC21,213 dec,213.0
3370,4739,CN1CC(C(=O)NC2(C)OC3(O)C4CCCN4C(=O)C(Cc4ccccc4)N3C2=O)C=C2c3cccc4[nH]cc(c34)CC21.CN1CC(C(=O)NC2(C)OC3(O)C4CCCN4C(=O)C(Cc4ccccc4)N3C2=O)C=C2c3cccc4[nH]cc(c34)CC21.O=C(O)C(O)C(O)C(=O)O,192 dec,192.0
3371,4741,C[N+](C)(C)C(Cc1c[nH]c(=S)[nH]1)C(=O)[O-],290 dec,290.0
3372,4743,O=C1CC(c2ccc(O)c(O)c2)Oc2cc(O)cc(O)c21,267 dec,267.0
3373,4745,COC1C=CC2=CCN3CCC4=C(CC(=O)OC4)C23C1,99.5,99.5
3374,4746,CCC1OC(=O)C(C)C(OC2CC(C)(OC)C(O)C(C)O2)C(C)C(OC2OC(C)CC(N(C)C)C2O)C(C)(O)CC(C)C(=O)C(C)C(O)C1(C)O,191,191.0
3375,4747,CCOC(=O)CCC(=O)OC1C(OC2C(C)C(OC3CC(C)(OC)C(O)C(C)O3)C(C)C(=O)OC(CC)C(C)(O)C(O)C(C)C(=O)C(C)CC2(C)O)OC(C)CC1N(C)C,222,222.0
3376,4748,CCC1OC(=O)C(C)C(OC2CC(C)(OC)C(O)C(C)O2)C(C)C(OC2OC(C)CC(N(C)C)C2O)C(C)(O)CC(C)C(=O)C(C)C(O)C1(C)O.CCCCCCCCCCCCCCCCCC(=O)O,92,92.0
3377,4749,CNCCOC(=O)C=C1CCC2C(C(O)CC3C(C)(C(=O)OC)CCCC23C)C1C,115,115.0
3378,4755,O=C(CN1CCNCC1)NC1CCCCC1,112,112.0
3379,4756,O=c1ccc2cc(OC3OC(CO)C(O)C(O)C3O)c(O)cc2o1,205 (pentahydrate),205.0
3380,4757,CNC(=O)Oc1ccc2c(c1)C1(C)CCN(C)C1N2C.CNC(=O)Oc1ccc2c(c1)C1(C)CCN(C)C1N2C.O=S(=O)(O)O,141,141.0
3381,4758,CC12CCC3c4ccc(O)cc4CCC3C1CCC2O,221.5,221.5
3382,4761,CC12CCC3c4ccc(OC(=O)c5ccccc5)cc4CCC3C1CCC2O,198(1),198.0
3383,4762,CC12CCC3c4ccc(O)cc4CCC3C1CC(O)C2O,288 dec,288.0
3384,4764,CC12CCC3c4ccc(O)cc4CCC3C1CCC2=O,260.2,260.2
3385,4765,C=C(CC)C(=O)c1ccc(OCC(=O)O)c(Cl)c1Cl,122.5,122.5
3386,4766,C=C(C)CN(CC)c1c([N+](=O)[O-])cc(C(F)(F)F)cc1[N+](=O)[O-],57,57.0
3387,4767,CCC(CO)NCCNC(CC)CO,89,89.0
3388,4768,CC,-182.78(1),-182.78
3389,4769,CC[As](=O)(O)O,99.5,99.5
3390,4770,ON=CC=NO,178 dec,178.0
3391,4771,NCCN,11.14(5),11.14
3392,4773,OCCO,-13(1),13.0
3393,4774,Cc1ccc(S(=O)(=O)OCCOS(=O)(=O)c2ccc(C)cc2)cc1,126.5(5),126.5
3394,4775,CC(=O)OC(C)OC(C)=O,18.9,18.9
3395,4776,CC(=O)OCCOC(C)=O,-31,31.0
3396,4778,O=C(OCCOC(=O)c1ccccc1)c1ccccc1,73.5,73.5
3397,4779,CCCCCCCCCCCC(=O)OCCOC(=O)CCCCCCCCCCC,56.6,56.6
3398,4781,CCCCCCCCCCCCCCCC(=O)OCCOC(=O)CCCCCCCCCCCCCCC,69.1(5),69.1
3399,4782,C=C(C)C(=O)OCCOC(=O)C(=C)C,-40,40.0
3400,4783,O=[N+]([O-])OCCO[N+](=O)[O-],-22.5(6),-22.5
3401,4784,CCCCCCCCCCCCCCCCCC(=O)OCCOC(=O)CCCCCCCCCCCCCCCCC,75.3(5),75.3
3402,4785,CCCCCCCCCCCCCC(=O)OCCOC(=O)CCCCCCCCCCCCC,61.7(5),61.7
3403,4786,N#CSCCSC#N,90,90.0
3404,4788,O=C(OCCO)c1ccccc1,45,45.0
3405,4789,CCCCCCCCCCCCCCCCCC(=O)OCCO,60.5,60.5
3406,4790,O=S1OCCO1,-11,11.0
3407,4791,O=P(O)(O)CCP(=O)(O)O,223,223.0
3408,4792,O=S(=O)(O)CCS(=O)(=O)O,173,173.0
3409,4793,NC(=S)C(N)=S,170 dec,170.0
3410,4794,SCCS,-41.2,-41.2
3411,4796,CCS(=O)(=O)O,-17,17.0
3412,4798,CCS,-147.89(2),-147.89
3413,4799,CC(=N)N,-35,35.0
3414,4800,CC(=N)N.Cl,177.5,177.5
3415,4801,CCO,-114.14(3),-114.14
3416,4802,NCCO,10.4(2),10.4
3417,4803,Cl.NCCO,85,85.0
3418,4804,NCCOS(=O)(=O)O,230 dec,230.0
3419,4805,CCOc1ccc(Cc2nccc3cc(OCC)c(OCC)cc23)cc1OCC,100,100.0
3420,4807,O=P(O)(O)CCCl,76.7(5),76.7
3421,4808,C#CC1(O)CCC2C3CCc4cc(O)ccc4C3CCC21C,186(1),186.0
3422,4809,CCOP(=S)(OCC)SCSP(=S)(OCC)OCC,-13,13.0
3423,4810,CCSCCC(N)C(=O)O,278 dec,278.0
3424,4812,CCCCc1c(C)nc(NCC)[nH]c1=O,161.2(5),161.2
3425,4813,C#CC1(O)CCC2C3CCC4=CC(=O)CCC4(C)C3CCC21C,272,272.0
3426,4814,CCNC(=O)CSP(=S)(OC)OC,67,67.0
3427,4815,CCOC1Oc2ccc(OS(C)(=O)=O)cc2C1(C)C,72.5(5),72.5
3428,4818,CCN1C(=O)NC(c2ccccc2)C1=O,94,94.0
3429,4820,CCOc1ccc(C(C)=O)cc1,39,39.0
3430,4822,CCOc1ccc2nc3cc(N)ccc3c(N)c2c1,226,226.0
3431,4823,CCOc1ccccc1N,<-21,21.0
3432,4825,CCOc1ccc(N)cc1,4.7(2),4.7
3433,4826,CCOc1ccccc1C=O,21,21.0
3434,4827,CCOc1ccc(C=O)cc1,13.5,13.5
3435,4828,CCOc1ccccc1C(N)=O,133,133.0
3436,4829,CCOc1ccccc1,-29.6(4),-29.6
3437,4830,CCOc1ccc(N)c(N)c1,71.5,71.5
3438,4831,CCOc1ccccc1C(=O)O,20.7,20.7
3439,4832,CCOc1ccc(C(=O)O)cc1,199(1),199.0
3440,4833,CCOc1ccc2nc(S(N)(=O)=O)sc2c1,191(1),191.0
3441,4838,CCOC(C(=O)c1ccccc1)c1ccccc1,62,62.0
3442,4840,CCOCCO,-70,70.0
3443,4842,CCOCCOC(C)=O,-61.7,-61.7
3444,4843,C=CC(=O)OCCOCC,-47.3(6),-47.3
3445,4844,CCOc1cccc(C=O)c1O,64.1(4),64.1
3446,4845,CCOc1cc(C=O)ccc1O,76.7(4),76.7
3447,4846,CCOc1ccc(C=O)cc1OC,64.5,64.5
3448,4851,CCOC=C(C#N)C#N,66,66.0
3449,4853,CCOc1cccc2ccccc12,5.5,5.5
3450,4854,CCOc1ccc2ccccc2c1,37.5,37.5
3451,4855,CCOc1ccc([N+](=O)[O-])cc1N,96.5,96.5
3452,4856,CCOc1ccccc1[N+](=O)[O-],1.1,1.1
3453,4857,CCOc1ccc([N+](=O)[O-])cc1,60(1),60.0
3454,4858,CCOc1ccc(NC(C)=O)cc1[N+](=O)[O-],124.0,124.0
3455,4859,CCOc1ccccc1O,29,29.0
3456,4861,CCOc1ccc(O)cc1,66.5,66.5
3457,4862,CCOc1ccccc1NC(C)=O,79,79.0
3458,4863,CCOc1ccc(NC(C)=O)cc1,135(3),135.0
3459,4864,CCOc1ccc(NC(=O)C(C)O)cc1,118,118.0
3460,4865,CCOc1ccc(NC(N)=O)cc1,173.5,173.5
3461,4868,CCOc1ccc(S(=O)(=O)O)c2cccnc12,286 dec,286.0
3462,4870,CCO[Si](c1ccccc1)(c1ccccc1)c1ccccc1,65,65.0
3463,4872,CCOC(C)=O,-83.8(3),-83.8
3464,4873,CCOC(=O)CC(C)=O,-45,45.0
3465,4879,C=CC(=O)OCC,-71(2),71.0
3466,4880,CCN,-81(2),81.0
3467,4881,CCN.Cl,109.5,109.5
3468,4883,CCOC(=O)c1ccccc1N,14.3(2),14.3
3469,4885,CCOC(=O)c1ccc(N)cc1,89.6(3),89.6
3470,4886,CCOC(=O)NC(N)=O,196.5,196.5
3471,4888,CCc1ccccc1N,-47(1),47.0
3472,4889,CCc1cccc(N)c1,-64,64.0
3473,4890,CCc1ccc(N)cc1,-5.1(3),-5.1
3474,4891,CCNc1ccccc1,-63.4(4),-63.4
3475,4892,CCc1ccc2c(c1)C(=O)c1ccccc1C2=O,108.8,108.8
3476,4894,CCNC(=O)c1ccccc1,70.5,70.5
3477,4895,CCc1ccccc1,-94.95(2),-94.95
3478,4896,CCC(C(N)=O)c1ccccc1,86,86.0
3479,4897,CCC(C(=O)O)c1ccccc1,47.5,47.5
3480,4899,CCc1ccc(O)cc1O,98.5,98.5
3481,4903,CCc1nc2ccccc2[nH]1,176.5,176.5
3482,4904,CCOC(=O)c1ccccc1,-34.5(3),-34.5
3483,4905,CCOC(=O)c1ccc2c(c1)OCO2,18.5,18.5
3484,4906,CCOC(=O)CC(=O)c1ccccc1,<0,0.0
3485,4908,CCOC(=O)C(=Cc1ccccc1)C(C)=O,60.5,60.5
3486,4911,CCOC(=O)c1ccc(Br)cc1,-18,18.0
3487,4915,CCOC(=O)CCCCCBr,33,33.0
3488,4924,CCCC(=O)OCC,-97(6),97.0
3489,4925,CCC(CC)C(=O)O,-31.8(5),-31.8
3490,4927,CCC(CC)CO,<-15,15.0
3491,4929,C=C(CC)CC,-132.0(2),-132.0
3492,4933,CCC(CC)COC(C)=O,<-100,100.0
3493,4935,CCC(CC)CN,125,125.0
3494,4936,CCCCNC(=O)OCC,-22,22.0
3495,4938,CCOC(N)=O,48.25(4),48.25
3496,4939,CCn1c2ccccc2c2cc(N)ccc21,99,99.0
3497,4940,CCn1c2ccccc2c2ccccc21,67(1),67.0
3498,4941,CCOC(=O)CCl,-21,21.0
3499,4942,CCOC(=O)CC(=O)CCl,-8,8.0
3500,4946,CCOC(=O)Cl,-80.6,-80.6
3501,4953,CCOC(=O)C=Cc1ccccc1,6.5(5),6.5
3502,4955,CCOC(=O)CC#N,-26.1(1),-26.1
3503,4957,CCOC(=O)C(C#N)=C(c1ccccc1)c1ccccc1,110.5,110.5
3504,4958,CCOC=C(C#N)C(=O)OCC,52,52.0
3505,4961,CCOC(=O)C(C#N)=Cc1ccccc1,51,51.0
3506,4962,CCC1CCC1,-142.9(2),-142.9
3507,4965,CCC1=CCCCC1,-109.9(1),-109.9
3508,4968,CCC1CCCC1,-138.42(2),-138.42
3509,4970,CCC1=CCCC1,-118.8(4),-118.8
3510,4971,CCC1CC1,-149.4(2),-149.4
3511,4973,CCCCCCCCCC(=O)OCC,-20(2),20.0
3512,4974,CCOC(=O)C=[N+]=[N-],-22,22.0
3513,4976,CCOC(=O)C(Br)C(C)Br,58.5,58.5
3514,4987,CC[As](F)F,-38.7,-38.7
3515,4988,CCC(C)C1(CC)C(=O)NC(=S)NC1=O,169,169.0
3516,4989,CCC1CCC(=O)O1,-18,18.0
3517,4991,CCC1(c2ccccc2)C(=O)NCNC1=O,281.5,281.5
3518,4992,CCOC(=O)c1c(C)cc(O)cc1O,132,132.0
3519,4994,CCN(C)C,-140(4),140.0
3520,4995,CCOC(=O)c1ccc(N(C)C)cc1,66.5,66.5
3521,4996,CCc1ccc(C)cc1C,-62.9(2),-62.9
3522,4997,CCc1cc(C)cc(C)c1,-84.3(1),-84.3
3523,4998,CCc1c(C)cccc1C,-16.3(3),-16.3
3524,4999,CCc1cc(C)ccc1C,-53.7(3),-53.7
3525,5000,CCc1cccc(C)c1C,-49.5(3),-49.5
3526,5001,CCc1ccc(C)c(C)c1,-66.9(2),-66.9
3527,5004,CCC(CC)C(C)(C)C,-99.4(1),-99.4
3528,5006,CCC(C(C)C)C(C)C,-122.38(9),-122.38
3529,5007,CCOC(=O)C(C)(C)C,-89.5(2),-89.5
3530,5009,CCc1c(C)c[nH]c1C,0,0.0
3531,5010,CCOC(=O)c1[nH]c(C)cc1C,125,125.0
3532,5011,CCOC(=O)c1c(C)c[nH]c1C,78.5,78.5
3533,5012,CCOC(=O)c1cc(C)[nH]c1C,117.5,117.5
3534,5013,CCOC(=O)c1c[nH]c(C)c1C,111.3,111.3
3535,5014,CCOC(=O)C(=O)CC(C)=O,18,18.0
3536,5015,CCOC(=S)S,-53,53.0
3537,5016,CCCCCCCCCCCC(=O)OCC,-1.8(4),-1.8
3538,5017,C=C,-169.16(2),-169.16
3539,5020,O=C(O)CN(CCN(CC(=O)O)CC(=O)O)CC(=O)O,245 dec,245.0
3540,5021,O.O.O=C([O-])CN(CCN(CC(=O)O)CC(=O)O)CC(=O)[O-].[Na+].[Na+],242 dec,242.0
3541,5022,CCCCCCCCCCCCCCCCCC(=O)NCCNC(=O)CCCCCCCCCCCCCCCCC,149,149.0
3542,5023,C1CN1,-78.0(5),-78.0
3543,5024,CCC1(O)CCC2C3CCC4=CCCCC4C3CCC21C,77,77.0
3544,5028,CCOC(=O)N1c2ccccc2C=CC1OCC,56.5,56.5
3545,5032,CCc1ccccc1Nc1ccccc1CC,29,29.0
3546,5035,CCOC(=O)c1ccc(F)cc1,26,26.0
3547,5037,CCOC=O,-79.6(5),-79.6
3548,5039,CCOC(=O)c1ccco1,34.5,34.5
3549,5040,CCOC(=O)CCC(N)C(=O)O,191,191.0
3550,5042,CCCCC(CC)CC,-114.9,-114.9
3551,5044,CCCCCCC(=O)OCC,-66.2(5),-66.2
3552,5047,CCCCCCCCCCCCCCCC(=O)OCC,24.2(4),24.2
3553,5049,CCCCC(C=O)CC,<-100,100.0
3554,5051,CCCC(O)C(CC)CO,-40,40.0
3555,5052,CCCCCC(=O)OCC,-67.6(4),-67.6
3556,5054,CCCCC(CC)CO,-70,70.0
3557,5058,CCCCC(CC)COC(C)=O,-80,80.0
3558,5059,C=CC(=O)OCC(CC)CCCC,-90,90.0
3559,5068,CCCCC(CC)COC(=O)c1cc(Br)c(Br)c(Br)c1Br,41.9,41.9
3560,5070,CCOC(=O)NN,45.8(4),45.8
3561,5071,CCOC(=O)C=CC(=O)O,70,70.0
3562,5072,CCOC(=O)CCCCC(=O)O,29,29.0
3563,5073,CCOC(=O)CCC(=O)O,8,8.0
3564,5074,CCOO,-100,100.0
3565,5076,CCOC(=O)c1cccc(O)c1,74,74.0
3566,5077,CCOC(=O)c1ccc(O)cc1,117,117.0
3567,5080,CCC(C(=O)O)C1(O)CCCCC1,81.5,81.5
3568,5081,CCN(O)CC,10,10.0
3569,5083,CCOC(=O)c1ccc(O)c(OC)c1,44,44.0
3570,5089,CCOC(=O)NCC(C)C,<-65,65.0
3571,5091,[C-]#[N+]CC,<-66,66.0
3572,5092,CCN1C(=O)c2ccccc2C1=O,79,79.0
3573,5098,CCSC(C)C,-122.2(2),-122.2
3574,5099,CCN=C=S,-5.9,-5.9
3575,5100,CCOC(=O)C(C)O,-26,26.0
3576,5108,CCOC(=O)c1ccc(OC)cc1,7.5,7.5
3577,5109,CCc1ccc(O)c(OC)c1,-7,7.0
3578,5113,C=C(C)CC1(CC)C(=O)NC(=S)NC1=O,160.5,160.5
3579,5115,CCNC.Cl,128,128.0
3580,5116,CCc1cccc(C)c1N,-33,33.0
3581,5117,CCNc1ccccc1C,<-15,15.0
3582,5122,CCNS(=O)(=O)c1ccc(C)cc1,64,64.0
3583,5123,CCn1c(C)nc2ccccc21,51,51.0
3584,5124,CCOC(=O)c1ccccc1C,<-10,10.0
3585,5126,CCOC(=O)CC(C)C,-99.3,-99.3
3586,5127,CCC(C)(CC)C(=O)O,<-20,20.0
3587,5131,CCCC(C)C1(CC)C(=O)NC(=O)NC1=O,130(1),130.0
3588,5133,CCOC(=O)OC,-14,14.0
3589,5134,CCC1CCC(C)CC1,-80.8,-80.8
3590,5135,CCC1(C)CCCC1,-143.8(2),-143.8
3591,5136,CCC1CCCC1C,-105.9(1),-105.9
3592,5140,CCC1(C)CC1,-130.2(2),-130.2
3593,5142,CCOC,-113,113.0
3594,5148,CCOC(=O)CC(=O)C(C)C,-9,9.0
3595,5149,CCC(CC)C(C)C,-115.0(1),-115.0
3596,5150,CCC(C)(CC)CC,-90.8(1),-90.8
3597,5152,C=C(C)C(CC)CC,-112.9(1),-112.9
3598,5155,CCC1(C)CC(=O)NC(=O)C1,126.5,126.5
3599,5156,CCOC(=O)C(C)C,-97.8(4),-97.8
3600,5160,CCC1(C)CC(=O)NC1=O,64.5,64.5
3601,5161,CCSC,-105.89(10),-105.89
3602,5164,CCc1cccc2ccccc12,-13.9(2),-13.9
3603,5165,CCc1ccc2ccccc2c1,-7.4(9),-7.4
3604,5166,CCOC(=O)Cc1cccc2ccccc12,88.5,88.5
3605,5167,CCO[N+](=O)[O-],-94.51(10),-94.51
3606,5170,CCc1ccccc1[N+](=O)[O-],-12.2(2),-12.2
3607,5171,CCc1ccc([N+](=O)[O-])cc1,-12.3,-12.3
3608,5172,CCOC(=O)c1cccc([N+](=O)[O-])c1,47,47.0
3609,5173,CCOC(=O)c1ccc([N+](=O)[O-])cc1,57,57.0
3610,5174,CCOP(=S)(Oc1ccc([N+](=O)[O-])cc1)c1ccccc1,39.2(3),39.2
3611,5175,CCC(CO)(CO)[N+](=O)[O-],57.5,57.5
3612,5177,CCN(N=O)C(N)=O,100 dec,100.0
3613,5178,CCCCCCCCC(=O)OCC,-44.4(3),-44.4
3614,5180,CCCCCC=CCC=CCCCCCCCC(=O)OCC,-55(5),55.0
3615,5181,CCCCCCCCCCCCCCCCCC(=O)OCC,33.1(7),33.1
3616,5183,CCCCCCCCC=CCCCCCCCC(=O)OCC,-21(2),21.0
3617,5187,CCCCCCCC(=O)OCC,-44.7(3),-44.7
3618,5192,CCOC(=O)C(C)=O,-50,50.0
3619,5193,CCC(CC)CC,-118.55(1),-118.55
3620,5195,CCCCC(=O)OCC,-91.2,-91.2
3621,5196,CCC(O)(CC)CC,-13(2),13.0
3622,5198,C=CC(CC)CC,-127.51(9),-127.51
3623,5202,CCc1ccccc1O,18,18.0
3624,5203,CCc1cccc(O)c1,0(8),0.0
3625,5204,CCc1ccc(O)cc1,45.0(3),45.0
3626,5206,CCN(C(C)=O)c1ccccc1,55,55.0
3627,5207,CCOC(=O)Cc1ccccc1,-29.4,-29.4
3628,5209,CCOC(=O)Nc1ccccc1,53(1),53.0
3629,5211,CCOC(=O)CNc1ccccc1,58,58.0
3630,5215,CCS(=O)(=O)c1ccccc1,42,42.0
3631,5216,CCP(=O)(O)O,61.5,61.5
3632,5225,CCC(C(=O)O)C(=O)O,112(2),112.0
3633,5226,CCOC(=O)CC,-73.6(5),-73.6
3634,5227,CCCOCC,-127.5(1),-127.5
3635,5229,CCC(CC)c1ccncc1,125.5,125.5
3636,5230,CCCSCC,-117.03(5),-117.03
3637,5233,CCc1ccccn1,-63.0(5),-63.0
3638,5234,CCc1cccnc1,-76.9(5),-76.9
3639,5235,CCc1ccncc1,-90.5(5),-90.5
3640,5236,CCc1cc(C(N)=S)ccn1,163,163.0
3641,5237,CCOC(=O)c1ccccn1,1,1.0
3642,5238,CCOC(=O)c1cccnc1,8.5,8.5
3643,5239,CCOC(=O)c1ccncc1,23,23.0
3644,5240,CC[n+]1ccccc1.[Br-],111.5,111.5
3645,5242,CCN1C(=O)C=CC1=O,45.5,45.5
3646,5244,CCN(CC)c1ccc(N=Nc2ccccc2C(=O)O)cc1,135,135.0
3647,5245,CCOC(=O)c1ccccc1O,45,45.0
3648,5246,CCO[Si](OCC)(OCC)OCC,-82.2(1),-82.2
3649,5247,C=Cc1ccccc1CC,-75.6(5),-75.6
3650,5248,C=Cc1cccc(CC)c1,-101.3(6),-101.3
3651,5249,C=Cc1ccc(CC)cc1,-49.7(5),-49.7
3652,5252,CC[n+]1ccc(-c2cccc(S(=O)(=O)[O-])c2)o1,207 dec,207.0
3653,5253,CCOC(=O)C(O)C(O)C(=O)O,90,90.0
3654,5254,CCCCCCCCCCCCCC(=O)OCC,12.3(8),12.3
3655,5256,CCc1nnc(N)s1,200.8,200.8
3656,5258,CCSCC(=O)O,-8.5,-8.5
3657,5260,CCSC#N,-85.5(5),-85.5
3658,5261,CCSCCO,-100,100.0
3659,5265,CCN1C(=O)CSC1=S,35.5,35.5
3660,5266,CCc1ccccc1C,-80.7(4),-80.7
3661,5267,CCc1cccc(C)c1,-95.7(2),-95.7
3662,5269,CCOS(=O)(=O)c1ccc(C)cc1,33(4),33.0
3663,5272,CCOC(=O)CC(=O)C(F)(F)F,-39.1,-39.1
3664,5274,CCOC(=O)c1cc(O)c(O)c(O)c1,163.0,163.0
3665,5276,CCc1cc(C)c(C)cc1C,-13.4(7),-13.4
3666,5277,CCc1c(C)cc(C)cc1C,-15.5(3),-15.5
3667,5279,CCc1c(C)[nH]c(C)c1C,66.5,66.5
3668,5280,CCC12COP(OC1)OC2,53.7,53.7
3669,5281,CCCCCCCCCCC(=O)OCC,-16(6),16.0
3670,5282,C=CCCCCCCCCC(=O)OCC,-38,38.0
3671,5283,CCNC(N)=O,94(2),94.0
3672,5284,C=COCC,-115.8(4),-115.8
3673,5286,C#CC(O)c1ccccc1,22,22.0
3674,5287,C#CC(OC(N)=O)c1ccccc1,86.5,86.5
3675,5289,C#CC1(O)CCCCC1,31(3),31.0
3676,5290,C#CC1(OC(N)=O)CCCCC1,97,97.0
3677,5291,C#CC1(O)CCCC1,27,27.0
3678,5292,C#CC(C)(O)c1ccccc1,52(3),52.0
3679,5294,CCC1=C(C)c2cc3[nH]c(cc4[nH]c(cc5nc(cc1n2)C(C)=C5CC)c(C)c4CC)c(C)c3CC,362,362.0
3680,5295,Cn1c(=O)c2c(ncn2CCO)n(C)c1=O,158,158.0
3681,5296,C(COCCOCC1CO1)OCCOCC1CO1,-13,13.0
3682,5297,COc1cc(C2c3cc4c(cc3C(OC3OC5COC(C)OC5C(O)C3O)C3COC(=O)C23)OCO4)cc(OC)c1O,≈243,243.0
3683,5298,CCOc1cc(OP(=S)(OC)OC)nc(CC)n1,-1.7,-1.7
3684,5299,CC12CCC(CC1)C(C)(C)O2,1.4(3),1.4
3685,5300,C=C(C)c1cc2cc(C(C)=O)c(O)cc2o1,121.5,121.5
3686,5302,CN1c2ccccc2C(=O)N2CCc3c([nH]c4ccccc34)C21,28,28.0
3687,5303,NC(N)=Nc1nc(CSCCC(N)=NS(N)(=O)=O)cs1,170.6(6),170.6
3688,5304,COP(=S)(OC)Oc1ccc(S(=O)(=O)N(C)C)cc1,57(2),57.0
3689,5311,Oc1ccccc1-c1nnco1,112,112.0
3690,5312,CCOP(=O)(NC(C)C)Oc1ccc(SC)c(C)c1,49,49.0
3691,5313,OC(c1ccc(Cl)cc1)(c1cncnc1)c1ccccc1Cl,118,118.0
3692,5314,N#CC(CCc1ccc(Cl)cc1)(Cn1cncn1)c1ccccc1,125,125.0
3693,5315,CC(C)(C[Sn](CC(C)(C)c1ccccc1)(CC(C)(C)c1ccccc1)O[Sn](CC(C)(C)c1ccccc1)(CC(C)(C)c1ccccc1)CC(C)(C)c1ccccc1)c1ccccc1,145.8(5),145.8
3694,5317,CC12CCC(C1)C(C)(C)C2O,41.5(2),41.5
3695,5318,CC12CCC(C1)C(C)(C)C2=O,6.1,6.1
3696,5321,CCOC(=O)C(C)Oc1ccc(Oc2nc3ccc(Cl)cc3o2)cc1,85,85.0
3697,5322,CCOC(=O)NCCOc1ccc(Oc2ccccc2)cc1,53,53.0
3698,5323,CC1(C)C(C(=O)OC(C#N)c2cccc(Oc3ccccc3)c2)C1(C)C,49.3(4),49.3
3699,5325,CCC(=O)N(c1ccccc1)C1CCN(CCc2ccccc2)CC1,85.2(5),85.2
3700,5326,COP(=S)(OC)Oc1ccc(SC)c(C)c1,7.5,7.5
3701,5328,CN(C)C(=S)[S-].CN(C)C(=S)[S-].CN(C)C(=S)[S-].[Fe+3],180 dec,180.0
3702,5329,[Fe+2].c1cc[cH-]c1.c1cc[cH-]c1,175(1),175.0
3703,5332,CC(C)C1CCC2C(CCC3C(C)CCCC32C)C1,46,46.0
3704,5333,CC(C)(C)NC(=O)C1CCC2C3CCC4NC(=O)C=CC4(C)C3CCC12C,252(1),252.0
3705,5334,O=c1c(O)c(-c2ccc(O)c(O)c2)oc2cc(O)ccc12,330,330.0
3706,5336,O=C(O)CCC(=O)c1ccc2c(c1)-c1cccc3cccc-2c13,208,208.0
3707,5337,CCCCOC(=O)C(C)Oc1ccc(Oc2ccc(C(F)(F)F)cn2)cc1,5,5.0
3708,5338,FC(F)(F)N=C1SC(=Nc2ccccc2)N(c2ccccc2)C1=NC(F)(F)F,119,119.0
3709,5339,CCCN(CCCl)c1c([N+](=O)[O-])cc(C(F)(F)F)cc1[N+](=O)[O-],47.7(5),47.7
3710,5341,CC12CCC(=O)C=C1CCC1C3CCC(O)(C(=O)CO)C3(C)CC(O)C12F,261 dec,261.0
3711,5342,NS(=O)(=O)c1cc2c(cc1C(F)(F)F)NC=NS2(=O)=O,306,306.0
3712,5343,CC1(C)OC2CC3C4CC(F)C5=CC(=O)C=CC5(C)C4(F)C(O)CC3(C)C2(C(=O)CO)O1,266 dec,266.0
3713,5344,c1ccc2c(c1)-c1cccc3cccc-2c13,110.2(2),110.2
3714,5345,Nc1ccc2c(c1)Cc1ccccc1-2,130.3,130.3
3715,5346,c1ccc2c(c1)Cc1ccccc1-2,114.76(3),114.76
3716,5347,O=C(O)C1c2ccccc2-c2ccccc21,230(1),230.0
3717,5348,Nc1ccc2c(c1)Cc1cc(N)ccc1-2,166,166.0
3718,5349,OCC1c2ccccc2-c2ccccc21,103.42(8),103.42
3719,5350,OC1c2ccccc2-c2ccccc21,154(2),154.0
3720,5351,O=C1c2ccccc2-c2ccccc21,84(1),84.0
3721,5352,O=C1OC2(c3ccc(O)cc3Oc3cc(O)ccc32)c2ccccc21,315 dec,315.0
3722,5354,NC(=O)CF,108,108.0
3723,5355,O=C(O)CF,35.2,35.2
3724,5357,C#CF,-196,196.0
3725,5358,Nc1ccccc1F,-29(1),29.0
3726,5360,Nc1ccc(F)cc1,-1.9(5),-1.9
3727,5361,O=Cc1ccccc1F,-44.5,-44.5
3728,5363,O=Cc1ccc(F)cc1,-10,10.0
3729,5364,Fc1ccccc1,-42.18(5),-42.18
3730,5365,O=C(O)Cc1ccc(F)cc1,94(3),94.0
3731,5367,N#CCc1ccc(F)cc1,86.0,86.0
3732,5369,OCc1ccc(F)cc1,23,23.0
3733,5370,O=S(=O)(Cl)c1ccc(F)cc1,30,30.0
3734,5371,O=C(O)c1ccccc1F,124.2(8),124.2
3735,5372,O=C(O)c1cccc(F)c1,123.6(4),123.6
3736,5373,O=C(O)c1ccc(F)cc1,183.9(6),183.9
3737,5375,N#Cc1ccc(F)cc1,34.8,34.8
3738,5376,O=C(Cl)c1ccccc1F,2.0,2.0
3739,5377,O=C(Cl)c1cccc(F)c1,-30,30.0
3740,5378,O=C(Cl)c1ccc(F)cc1,9,9.0
3741,5379,Fc1ccccc1-c1ccccc1,73.5,73.5
3742,5380,Fc1ccc(-c2ccccc2)cc1,74.2,74.2
3743,5381,CCCCF,-134,134.0
3744,5382,CCC(C)F,-121.4,-121.4
3745,5385,Nc1[nH]c(=O)ncc1F,296 dec,296.0
3746,5386,CCCCCCCCCCF,-35,35.0
3747,5387,O=[N+]([O-])c1ccc(Oc2ccc(C(F)(F)F)cc2[N+](=O)[O-])cc1,91.7(5),91.7
3748,5388,O=[N+]([O-])c1ccc(F)c([N+](=O)[O-])c1,25.8,25.8
3749,5389,CCF,-143.15,-143.15
3750,5390,OCCF,-26.4,-26.4
3751,5391,C=CF,-160.5,-160.5
3752,5392,CCCCCCCF,-73,73.0
3753,5393,CCCCCCF,-103,103.0
3754,5394,Fc1ccccc1I,-41.5,-41.5
3755,5395,Fc1ccc(I)cc1,-27,27.0
3756,5397,Fc1ccc(N=C=S)cc1,27,27.0
3757,5398,CF,-143.33,-143.33
3758,5399,COc1ccccc1F,-39,39.0
3759,5400,COc1cccc(F)c1,-35,35.0
3760,5401,COc1ccc(F)cc1,-45,45.0
3761,5402,Cc1cc(F)ccc1N,14.2,14.2
3762,5403,FCc1ccccc1,-35,35.0
3763,5404,Cc1ccc([N+](=O)[O-])c(F)c1,53.2,53.2
3764,5406,Fc1cccc2ccccc12,-14.0(2),-14.0
3765,5407,Fc1ccc2ccccc2c1,58(1),58.0
3766,5408,O=[N+]([O-])c1ccccc1F,-6,6.0
3767,5409,O=[N+]([O-])c1cccc(F)c1,41,41.0
3768,5410,O=[N+]([O-])c1ccc(F)cc1,26.5(5),26.5
3769,5411,CCCCCCCCF,-64,64.0
3770,5412,CCCCCF,-120,120.0
3771,5413,Oc1ccccc1F,16.1(5),16.1
3772,5414,Oc1cccc(F)c1,14(1),14.0
3773,5415,Oc1ccc(F)cc1,48(1),48.0
3774,5416,O=C(CF)c1ccccc1,29,29.0
3775,5417,CC(=O)c1ccc(F)cc1,-45,45.0
3776,5418,CCCF,-159,159.0
3777,5422,CC=CF,≈-20,20.0
3778,5427,Cc1ccccc1F,-62.5(5),-62.5
3779,5428,Cc1cccc(F)c1,-89.2(4),-89.2
3780,5429,Cc1ccc(F)cc1,-56.6(1),-56.6
3781,5432,Fc1cccc(C(F)(F)F)c1,-81.5,-81.5
3782,5433,Fc1ccc(C(F)(F)F)cc1,-41.7,-41.7
3783,5435,O=c1[nH]cc(F)c(=O)[nH]1,284(4),284.0
3784,5437,CC1(O)CCC2C3CCC4=CC(=O)CCC4(C)C3(F)C(O)CC21C,270,270.0
3785,5439,CC12C=CC(=O)C=C1C(F)CC1C2C(O)CC2(C)C1CCC2(O)C(=O)CO,210,210.0
3786,5440,CC1(C)OC2CC3C4CC(F)C5=CC(=O)CCC5(C)C4C(O)CC3(C)C2(C(=O)CO)O1,251,251.0
3787,5441,CCN(CC)CCN1C(=O)CN=C(c2ccccc2F)c2cc(Cl)ccc21,80,80.0
3788,5442,Cn1cc(-c2ccccc2)c(=O)c(-c2cccc(C(F)(F)F)c2)c1,155,155.0
3789,5443,Nc1c(Cl)c(F)nc(OCC(=O)O)c1Cl,232,232.0
3790,5445,Nc1nc2ncc(CNc3ccc(C(=O)NC(CCC(=O)O)C(=O)O)cc3)nc2c(=O)[nH]1,250 dec,250.0
3791,5446,Nc1nc2c(c(=O)[nH]1)N(C=O)C(CNc1ccc(C(=O)NC(CCC(=O)O)C(=O)O)cc1)CN2,245 dec,245.0
3792,5447,O=C1c2ccccc2C(=O)N1SC(Cl)(Cl)Cl,181.0(6),181.0
3793,5448,CS(=O)(=O)NC(=O)c1cc(Oc2ccc(C(F)(F)F)cc2Cl)ccc1[N+](=O)[O-],220,220.0
3794,5449,c1ccc(OCc2ccc(CCCN3CCOCC3)cc2)cc1,53,53.0
3795,5451,C=O,-92,92.0
3796,5452,C=NO,1.3,1.3
3797,5453,NC=O,2.57(2),2.57
3798,5454,N=C(N)S(=O)O,144 dec,144.0
3799,5455,CNC(=O)Oc1cccc(N=CN(C)C)c1.Cl,201 dec,201.0
3800,5456,O=CO,8.3(2),8.3
3801,5457,NC=NC(CCC(=O)O)C(=O)O,90,90.0
3802,5458,COc1ccc(-c2coc3cc(O)ccc3c2=O)cc1,256.5,256.5
3803,5459,COP(=S)(OC)SCC(=O)N(C)C=O,25.5,25.5
3804,5460,O=Cc1ccccc1C(=O)O,100.5(2),100.5
3805,5461,O=Cc1cccc(C(=O)O)c1,175.0(2),175.0
3806,5462,O=Cc1ccc(C(=O)O)cc1,249.8(5),249.8
3807,5463,N#Cc1cccc(C=O)c1,76.5,76.5
3808,5464,N#Cc1ccc(C=O)cc1,100.5,100.5
3809,5465,COc1ccc(C=O)c(C(=O)O)c1OC,150,150.0
3810,5467,O=CF,-142.2,-142.2
3811,5468,CC(=O)Nc1ccc(C=O)cc1,158.0,158.0
3812,5469,CCOP(=O)=O.CCOP(=O)=O.CCOP(=O)=O.[Al+3],>300,300.0
3813,5471,COc1cc2ccc(=O)oc2c(OC2OC(CO)C(O)C(O)C2O)c1O,205,205.0
3814,5472,CC(=O)N1CCSC1c1ccccc1OCc1ccccc1,130,130.0
3815,5473,O=C(CO)C(O)C(O)C(O)CO,102,102.0
3816,5474,OCC1OC(O)(CO)C(O)C1O,103 dec,103.0
3817,5476,Cl.N=C1C=CC(=C(c2ccc(N)cc2)c2ccc(N)cc2)C=C1,269 dec,269.0
3818,5477,CC(=O)OC1CC(C)(C)C(=C=CC(C)=CC=CC(C)=CC=CC=C(C)C=CC=C(C)C(=O)CC23OC2(C)CC(O)CC3(C)C)C(C)(O)C1,168,168.0
3819,5480,O=C(O)C=CC(=O)O,289.4(5),289.4
3820,5481,COC1=C(O)C(=O)C(C)=CC1=O,116,116.0
3821,5482,c1ccoc1,-85.58(5),-85.58
3822,5483,O=C(O)Cc1ccco1,68.5,68.5
3823,5485,O=C(Cl)c1ccco1,-1.0,-1.0
3824,5487,O=C(O)c1ccco1,130(3),130.0
3825,5488,O=C(O)c1ccoc1,121.7(6),121.7
3826,5489,O=C(O)c1ccc(C(=O)O)o1,342,342.0
3827,5491,CC(=O)OC(OC(C)=O)c1ccco1,52(1),52.0
3828,5495,CC(=O)C=Cc1ccco1,39.5,39.5
3829,5496,CC(=O)c1ccco1,28.5(4),28.5
3830,5498,O=C(C=Cc1ccco1)c1ccccc1,47,47.0
3831,5499,CCC(=O)c1ccco1,28,28.0
3832,5500,CC(=O)Cc1ccco1,29,29.0
3833,5501,O=CC=Cc1ccco1,52(1),52.0
3834,5502,N#CC=Cc1ccco1,38,38.0
3835,5503,O=C(O)C=Cc1ccco1,141(3),141.0
3836,5504,O=C1OCCN1N=Cc1ccc([N+](=O)[O-])o1,255,255.0
3837,5505,CCOC(=O)C1(c2ccccc2)CCN(CCOCC2CCCO2)CC1,28,28.0
3838,5506,O=Cc1ccco1,-38.3(8),-38.3
3839,5507,OCc1ccco1,-14.5(2),-14.5
3840,5509,O=C(c1ccco1)C(O)c1ccco1,135(3),135.0
3841,5510,CC(=NNC(=O)c1ccncc1)c1ccco1,202.3,202.3
3842,5511,NS(=O)(=O)c1cc(C(=O)O)c(NCc2ccco2)cc1Cl,204 dec,204.0
3843,5512,CC(=C(CCO)SSCC1CCCO1)N(C=O)Cc1cnc(C)nc1N,132 dec,132.0
3844,5513,NC(=O)C(=Cc1ccc([N+](=O)[O-])o1)c1ccco1,154,154.0
3845,5514,CC(=O)OC1C(O)C2OC3C=C(C)C(=O)C(O)C3(CO)C1(C)C21CO1,182,182.0
3846,5515,O=C(O)C(O)C(O)C(O)C(O)C(=O)O,255 dec,255.0
3847,5516,OCC(O)C(O)C(O)C(O)CO,187.2(4),187.2
3848,5517,O=C1OC(C(O)CO)C(O)C1O,112,112.0
3849,5518,OCC1OC(O)C(O)C(O)C1O,167,167.0
3850,5521,O=CC(O)C(O)C(O)C(O)C(=O)O,166 (β),166.0
3851,5522,COc1ccc2c3c1OC1CC(O)C=CC31CCN(C)C2,126.5,126.5
3852,5523,COc1ccc(CCc2cc(OC)c3ccccc3n2)cc1OC,115.5,115.5
3853,5524,CC[N+](CC)(CC)CCOc1cccc(OCC[N+](CC)(CC)CC)c1OCC[N+](CC)(CC)CC.[I-].[I-].[I-],147.5,147.5
3854,5525,O=C1OC2(c3ccccc31)c1ccc(O)c(O)c1Oc1c2ccc(O)c1O,>300,300.0
3855,5526,Nc1nc2c(ncn2COC(CO)CO)c(=O)[nH]1,250 dec,250.0
3856,5527,C=CC12CN(C)C3C4COC(CC41)C1(C(=O)Nc4ccccc41)C32,178,178.0
3857,5528,C=CC12CN(C)C3C4COC(CC41)C1(C(=O)Nc4ccccc41)C32.Cl,326,326.0
3858,5529,O=c1c(-c2ccc(O)cc2)coc2cc(O)cc(O)c12,301 dec,301.0
3859,5530,O=CC(O)C(O)C(O)C(O)COC1OC(CO)C(O)C(O)C1O,192,192.0
3860,5531,CC(C)=CCCC(C)=CCO,<-15,15.0
3861,5534,CC1CCC2N(C1)CC1C(C(O)C(O)C3(O)C1CC14OC5(O)C(O)CCC1(C)C5CC(O)C34)C2(C)O,220,220.0
3862,5535,C=C1CC23CC1(O)CCC2C12C=CC(O)C(C)(C(=O)O1)C2C3C(=O)O,234,234.0
3863,5536,CC12CCC(O)CC1CCC1C2CCC2(C)C(C3=CC(=O)OC3)C(O)CC12O,234,234.0
3864,5537,CC1OC(OC2C(O)CC(OC3C(O)CC(OC4CCC5(C)C(CCC6C5CCC5(C)C(C7=CC(=O)OC7)C(O)CC65O)C4)OC3C)OC2C)CC(O)C1O,285 dec,285.0
3865,5538,COc1cc2c(cc1OC)-c1c(OC)c(OC)cc3c1C(C2)N(C)CC3,120,120.0
3866,5541,CC(=O)OCC(OC(C)=O)C(OC(C)=O)C(OC(C)=O)C(COC(C)=O)OC(C)=O,98(3),98.0
3867,5542,O=C(O)C(O)C(O)C(O)C(O)CO,131(2),131.0
3868,5545,O=Cc1ccccc1OC1OC(CO)C(O)C(O)C1O,175,175.0
3869,5546,O=c1ccc2ccc(OC3OC(CO)C(O)C(O)C3O)cc2o1,220,220.0
3870,5547,CC(C)(C#N)OC1OC(CO)C(O)C(O)C1O,145,145.0
3871,5548,CC(=O)c1ccc(OC2OC(CO)C(O)C(O)C2O)cc1,195.5,195.5
3872,5550,CC(=O)OCC1OC(OC(C)=O)C(OC(C)=O)C(OC(C)=O)C1OC(C)=O,132.0(5),132.0
3873,5554,O=CC(O)C1OC(=O)C(O)C1O,177.5,177.5
3874,5555,NC(CCC(=O)O)C(=O)O,199 dec,199.0
3875,5558,Cl.NC(CCC(=O)O)C(=O)O,214 dec,214.0
3876,5559,NC(=O)CCC(N)C(=O)O,182(3),182.0
3877,5560,O=C1CCCC(=O)O1,56.3,56.3
3878,5561,NC(CCC(=O)NC(CS)C(=O)NCC(=O)O)C(=O)O,195,195.0
3879,5562,NC(CCC(=O)NC(CSSCC(NC(=O)CCC(N)C(=O)O)C(=O)NCC(=O)O)C(=O)NCC(=O)O)C(=O)O,179,179.0
3880,5563,CCC1(c2ccccc2)CCC(=O)NC1=O,85(1),85.0
3881,5564,OCC(O)CO,18.2(4),18.2
3882,5569,O=[N+]([O-])OCC(O)CO[N+](=O)[O-],26,26.0
3883,5570,CCCCCCCCC=CCCCCCCCC(=O)OCC(O)COC(=O)CCCCCCCC=CCCCCCCCC,50.1,50.1
3884,5571,CCCCCCCCC=CCCCCCCCC(=O)OCC(O)CO,35,35.0
3885,5573,CC(=O)OCC(COC(C)=O)OC(C)=O,-78,78.0
3886,5574,O=C(OCC(COC(=O)c1ccccc1)OC(=O)c1ccccc1)c1ccccc1,76(3),76.0
3887,5575,CCCCCCCCCC(=O)OCC(COC(=O)CCCCCCCCC)OC(=O)CCCCCCCCC,31(1),31.0
3888,5577,CCCCCC(=O)OCC(COC(=O)CCCCC)OC(=O)CCCCC,-60,60.0
3889,5580,CCCCCCCC(=O)OCC(COC(=O)CCCCCCC)OC(=O)CCCCCCC,9.6(6),9.6
3890,5581,CCCCCCCCC=CCCCCCCCC(=O)OCC(COC(=O)CCCCCCCC=CCCCCCCCC)OC(=O)CCCCCCCC=CCCCCCCCC,5.3(6),5.3
3891,5582,CCCCCCCCCCCCCCCC(=O)OCC(COC(=O)CCCCCCCCCCCCCCC)OC(=O)CCCCCCCCCCCCCCC,66(2),66.0
3892,5585,CCCCCCCCCCCCCC(=O)OCC(COC(=O)CCCCCCCCCCCCC)OC(=O)CCCCCCCCCCCCC,57.0(2),57.0
3893,5587,NCC(=O)O,290 dec,290.0
3894,5588,CCOC(=O)CN.Cl,144,144.0
3895,5589,Cl.NCC(=O)O,200.5,200.5
3896,5590,CC(CCC(=O)NCC(=O)O)C1CCC2C3C(O)CC4CC(O)CCC4(C)C3CC(O)C12C,166.5,166.5
3897,5592,O=CCO,97,97.0
3898,5593,O=C(O)CO,79.5,79.5
3899,5594,O=C(CO)NC1C(O)CC(O)(C(=O)O)OC1C(O)C(O)CO,186,186.0
3900,5595,C[N+]1(C)CCC(OC(=O)C(O)(c2ccccc2)C2CCCC2)C1.[Br-],192.5,192.5
3901,5596,CC(N)C(=O)NCC(=O)O,237 dec,237.0
3902,5597,NCC(=O)NC(CC(N)=O)C(=O)O,216,216.0
3903,5598,NCC(=O)NCC(=O)O,220(1),220.0
3904,5599,NCC(=O)NCC(=O)NCC(=O)O,246 dec,246.0
3905,5600,CC(C)CC(NC(=O)CN)C(=O)O,256 dec,256.0
3906,5601,NCC(=O)NC(Cc1ccccc1)C(=O)O,267.0(5),267.0
3907,5602,NCC(=O)NC(CO)C(=O)O,198 dec,198.0
3908,5603,CC1(C(=O)O)CCC2(C)CCC3(C)C(=CC(=O)C4C5(C)CCC(OC6OC(C(=O)O)C(O)C(O)C6OC6OC(C(=O)O)C(O)C(O)C6O)C(C)(C)C5CCC43C)C2C1,220 dec,220.0
3909,5605,O=CC=O,15,15.0
3910,5606,Oc1ccccc1N=CC=Nc1ccccc1O,202,202.0
3911,5607,O=CC(=O)O,98,98.0
3912,5608,O=C(O)CNCP(=O)(O)O,230 dec,230.0
3913,5611,CC(=O)OC1C2CCC3C(C)(O)C4CC(O)C(C)(C)C4(O)C(O)CC13CC2(C)O,268,268.0
3914,5612,COC1=CC(=O)CC(C)C12Oc1c(Cl)c(OC)cc(OC)c1C2=O,220,220.0
3915,5613,CC1CCC(C(C)(C)O)CC2=C1CCC2C,91,91.0
3916,5614,NC(N)=NN=Cc1c(Cl)cccc1Cl,228 dec,228.0
3917,5615,NC(N)=NCC1COC2(CCCCC2)O1.O=S(=O)(O)O,214,214.0
3918,5616,NC(N)=NCCN1CCCCCCC1,226,226.0
3919,5617,N=C(N)N,50,50.0
3920,5618,Cl.N=C(N)N,184(1),184.0
3921,5619,N=C(N)N.O=[N+]([O-])O,214.5(6),214.5
3922,5620,N=C(N)N.N=C(N)N.O=S(=O)([O-])[O-],292 dec,292.0
3923,5621,NC(N)=NCC(=O)O,282,282.0
3924,5622,NC(N)=NCCS(=O)(=O)O,227,227.0
3925,5623,NC(N)=NCCC(=O)O,210,210.0
3926,5624,Nc1nc2nc[nH]c2c(=O)[nH]1,360 dec,360.0
3927,5625,Nc1nc2c(ncn2C2OC(CO)C(O)C2O)c(=O)[nH]1,239 dec,239.0
3928,5627,Nc1nc2c(ncn2C2OC(COP(=O)(O)O)C(O)C2O)c(=O)[nH]1,190 dec,190.0
3929,5628,Nc1nc2c(ncn2C2OC(COP(=O)([O-])[O-])C(O)C2O)c(=O)[nH]1.[Na+].[Na+],195 dec,195.0
3930,5632,O=C(CCCN1CCC(O)(c2ccc(Cl)cc2)CC1)c1ccc(F)cc1,151.5,151.5
3931,5633,COc1ccc2c3c([nH]c2c1)C(C)=NCC3,230,230.0
3932,5634,Cc1nccc2c1[nH]c1ccccc12,236.5,236.5
3933,5635,COc1ccc2c(c1)[nH]c1c(C)nccc12,273,273.0
3934,5636,CNc1ccc(N(CCO)CCO)cc1[N+](=O)[O-],100,100.0
3935,5637,O=[N+]([O-])c1cc(N(CCO)CCO)ccc1NCCO,110,110.0
3936,5638,CCCCCCCCCCCCCCCCCCCCCCCCCCCCCCCCCCCCCCCCCCCCCCCCCCCCCCCCCCCCCCCCCCCCCCCCCCCCCCCCCCCCCCCCCCCCCCCCCCCC,115.2(4),115.2
3937,5639,CC1(C)CCC2(C(=O)O)CCC3(C)C(=CCC4C5(C)CCC(O)C(C)(CO)C5CCC43C)C2C1,333,333.0
3938,5640,C=C1C(=O)OC2CC(C)C3C=CC(=O)C3(C)C(O)C12,226,226.0
3939,5641,CC1=C(C=O)C2C(C(C)C)CCC1(C)C2C=O,58,58.0
3940,5642,CC(=O)OC1CC2(C)C(CCC3C4(C)C=CC(=O)C(C)C4C(OC(C)=O)C(=O)C32C)C1=C(CCC=C(C)C)C(=O)O,212 dec,212.0
3941,5643,O=C1C=CC2=C3c4cc(O)c(O)cc4CC3(O)COC2=C1O,250 dec,250.0
3942,5644,C=CC1=C(C)c2cc3[n-]c(cc4nc(cc5[n-]c(cc1n2)c(C)c5C=C)C(C)=C4CCC(=O)O)c(CCC(=O)O)c3C.O.[Fe+2],>200,200.0
3943,5645,CC1=C(CCC(=O)O)c2cc3nc(cc4[nH]c(cc5[nH]c(cc1n2)c(C)c5C(C)O)c(C)c4C(C)O)C(C)=C3CCC(=O)O,172.5,172.5
3944,5646,Oc1cc2c(cc1O)C1c3ccc(O)c(O)c3OCC1(O)C2,140,140.0
3945,5647,C=CC1=C(C)c2cc3[n-]c(cc4[n-]c(cc5nc(cc1n2)C(C)=C5C=C)c(C)c4CCC(=O)O)c(CCC(=O)O)c3C.[Cl-].[Fe+3],>300,300.0
3946,5648,CCCCCCCCCCCCCCCCCCCCC,40.4(3),40.4
3947,5650,CCCCCCCCCCCCCCCCCCCCCCCCCCCCCCC,68(1),68.0
3948,5651,ClC1=C(Cl)C2(Cl)C3C(Cl)C=CC3C1(Cl)C2(Cl)Cl,95.8(3),95.8
3949,5652,ClC1=C(Cl)C2(Cl)C3C4OC4C(Cl)C3C1(Cl)C2(Cl)Cl,162.8(3),162.8
3950,5653,Clc1ccc(-c2c(Cl)cc(Cl)c(Cl)c2Cl)c(Cl)c1Cl,122.2(5),122.2
3951,5654,ClC(C(Cl)(Cl)Cl)C(Cl)(Cl)Cl,11,11.0
3952,5655,CCCCCCCCCCCCCCCCCCCCCCCCCCCCCCCCCCCCCCCCCCCCCCCCCCCCCCCCCCCCCCCCCCCCCC,106(4),106.0
3953,5656,CCCCCCCCCCCCCCCCCCCCCCCCCCC,58.8(1),58.8
3954,5657,CCCCCCCCCCCCCCCCC=O,36(3),36.0
3955,5658,CCCCCCCCCCCCCCCCCN,49(1),49.0
3956,5659,CCCCCCCCCCCCCCCCC,21.97(5),21.97
3957,5660,CCCCCCCCCCCCCCCCC#N,34.0(7),34.0
3958,5661,CCCCCCCCCCCCCCCCC(=O)O,61.08(4),61.08
3959,5662,CCCCCCCCCCCCCCCCCO,53(1),53.0
3960,5663,CCCCCCCCCCCCCCCC(C)=O,48.2(3),48.2
3961,5664,CCCCCCCCC(=O)CCCCCCCC,50.7(2),50.7
3962,5665,C=CCCCCCCCCCCCCCCC,10.7(6),10.7
3963,5666,CCCCCCCCCCCCCCCCCc1ccccc1,19.7(4),19.7
3964,5667,O=C(O)C(F)(F)C(F)(F)C(F)(F)C(F)(F)C(F)(F)C(F)(F)C(F)(F)C(F)(F)F,65.5,65.5
3965,5670,C#CCCCC#C,-84.8(6),-84.8
3966,5671,O=C(O)C(F)(F)C(F)(F)C(F)(F)F,-17.5,-17.5
3967,5672,O=C(OC(=O)C(F)(F)C(F)(F)C(F)(F)F)C(F)(F)C(F)(F)C(F)(F)F,-43,43.0
3968,5675,CC(C)(C)C(=O)CC(=O)C(F)(F)C(F)(F)C(F)(F)F,38,38.0
3969,5677,COC(F)(F)C(F)(F)C(F)(F)F,-122.50,-122.5
3970,5678,FC(C(F)(F)F)C(F)(F)F,-126.80,-126.8
3971,5681,CCCCCCC=O,-43.94(2),-43.94
3972,5682,CCCCCCC=NO,57.5,57.5
3973,5685,CCCCCCC,-90.549(2),-90.549
3974,5686,NCCCCCCCN,25.3(4),25.3
3975,5687,N#CCCCCCC#N,-31.4(4),-31.4
3976,5688,O=C(O)CCCCCC(=O)O,104.4(3),104.4
3977,5689,OCCCCCCCO,21.9(2),21.9
3978,5693,CCCCCCC#N,-63.8(4),-63.8
3979,5694,CCCCCCCS,-43.22(2),-43.22
3980,5695,CC(=O)CC(=O)CC(C)=O,49,49.0
3981,5696,CCCCCCC(=O)O,-7.17(5),-7.17
3982,5697,CCCCCCC(=O)OC(=O)CCCCCC,-12.4(5),-12.4
3983,5698,CCCCCCCO,-33.2(1),-33.2
3984,5700,CCCCC(O)CC,-70,70.0
3985,5701,CCCC(O)CCC,-41.2,-41.2
3986,5702,CCCCCC(C)=O,-34.7(4),-34.7
3987,5703,CCCCC(=O)CC,-37.2(4),-37.2
3988,5704,CCCC(=O)CCC,-32.1(8),-32.1
3989,5705,CCCCCCC(=O)Cl,-83.8,-83.8
3990,5707,C=CCCCCC,-118.83(6),-118.83
3991,5709,CC=CCCCC,-109.47(9),-109.47
3992,5710,CCC=CCCC,-136.6,-136.6
3993,5712,C=CCCCCC(=O)O,-6.5,-6.5
3994,5715,CCCCCCCOC(C)=O,-50.3(6),-50.3
3995,5716,CCCCCCCN,-23.0(6),-23.0
3996,5717,CCCCCCCc1ccccc1,-48,48.0
3997,5718,CCCCCCCOC(=O)CCC,-57.5(5),-57.5
3998,5720,CCCCCCCC1CCCC1,-61.0(2),-61.0
3999,5723,CCCCCCCOC(=O)CCCC,-46.4(5),-46.4
4000,5724,CCCCCCCC1CCCC(=O)O1,-12,12.0
4001,5725,C#CCCCCC,-80.9(2),-80.9
4002,5727,CCC#CCCC,-130.5,-130.5
4003,5728,COc1ccc(C2CC(=O)c3c(O)cc(O)cc3O2)cc1O,226(2),226.0
4004,5729,COc1ccc(C2CC(=O)c3c(O)cc(OC4OC(COC5OC(C)C(O)C(O)C5O)C(O)C(O)C4O)cc3O2)cc1O,262,262.0
4005,5730,Brc1c(Br)c(Br)c(Br)c(Br)c1Br,327,327.0
4006,5731,Brc1cc(Br)c(-c2cc(Br)c(Br)cc2Br)cc1Br,160,160.0
4007,5732,BrC1CCC(Br)C(Br)CCC(Br)C(Br)CCC1Br,167,167.0
4008,5734,CCCC[Sn](CCCC)(CCCC)O[Sn](CCCC)(CCCC)CCCC,-45,45.0
4009,5735,c1ccc2cc3cc4cc5cc6ccccc6cc5cc4cc3cc2c1,380,380.0
4010,5736,O=C(C(Cl)(Cl)Cl)C(Cl)(Cl)Cl,-1.0,-1.0
4011,5737,Clc1c(Cl)c(Cl)c(Cl)c(Cl)c1Cl,230(3),230.0
4012,5738,Clc1ccc(-c2ccc(Cl)c(Cl)c2Cl)c(Cl)c1Cl,151.7(5),151.7
4013,5739,Clc1cc(Cl)c(-c2c(Cl)cc(Cl)cc2Cl)c(Cl)c1,113.7(5),113.7
4014,5740,Clc1ccc(Cl)c(-c2c(Cl)ccc(Cl)c2Cl)c1Cl,112.0(5),112.0
4015,5741,Clc1cc(Cl)c(-c2cc(Cl)c(Cl)cc2Cl)cc1Cl,103.5,103.5
4016,5742,ClC(Cl)=C(Cl)C(Cl)=C(Cl)Cl,-21,21.0
4017,5747,ClC1=C(Cl)C(Cl)(Cl)C(Cl)=C1Cl,-9,9.0
4018,5748,Clc1cc2c(c(Cl)c1Cl)Oc1cc(Cl)c(Cl)c(Cl)c1O2,285,285.0
4019,5749,Clc1cc2c(c(Cl)c1Cl)Oc1c(cc(Cl)c(Cl)c1Cl)O2,243,243.0
4020,5750,ClC(Cl)(Cl)C(Cl)(Cl)Cl,186.25,186.25
4021,5751,Oc1c(Cl)cc(Cl)c(Cl)c1Cc1c(O)c(Cl)cc(Cl)c1Cl,165.0(3),165.0
4022,5752,ClC(Cl)=C(Cl)C(Cl)(Cl)Cl,-72.9,-72.9
4023,5753,CCCCCCCCCCCCCCCCCCCCCCCCCCCCCCCCCCCCCCCCCCCCCCCCCCCCCCCCCCCC,100(2),100.0
4024,5754,CCCCCCCCCCCCCCCCCCCCCCCCCC,56.09(4),56.09
4025,5755,CCCCCCCCCCCCCCCCCCCCCCCCCC(=O)O,87.7(5),87.7
4026,5756,CCCCCCCCCCCCCCCCCCCCCCCCCCO,80(1),80.0
4027,5757,C[Si](C)(C)O[Si](C)(C)O[Si](C)(C)O[Si](C)(C)O[Si](C)(C)O[Si](C)(C)O[Si](C)(C)C,-78,78.0
4028,5758,CCCCCCCCCCCCCCCC=O,36(5),36.0
4029,5759,CCCCCCCCCCCCCCCC(N)=O,105(3),105.0
4030,5760,CCCCCCCCCCCCCCCC,18.18(2),18.18
4031,5761,O=C(O)CCCCCCCCCCCCCCC(=O)O,122(1),122.0
4032,5762,CCCCCCCCCCCCCCCC#N,31.4(4),31.4
4033,5763,CCCCCCCCCCCCCCCCS,19,19.0
4034,5764,CCCCCCCCCCCCCCCC(=O)O,62.49(2),62.49
4035,5765,CCCCCCCCCCCCCCCC(=O)OC(=O)CCCCCCCCCCCCCCC,64,64.0
4036,5766,CCCCCCCCCCCCCCCCO,49.30(1),49.3
4037,5767,CCCCCCCCCCCCCC(=O)CC,43,43.0
4038,5768,CCCCCCCCCCCCCCCC(=O)Cl,12,12.0
4039,5769,C=CCCCCCCCCCCCCCC,4.2(1),4.2
4040,5770,CCCCCCC=CCCCCCCCC(=O)O,2(2),2.0
4041,5771,CCCCCCCCCCCCCCCCOC(C)=O,-18.5,-18.5
4042,5772,CCCCCCCCCCCCCCCCN,46(2),46.0
4043,5773,CCCCCCCCCCCCCCCCc1ccccc1,26.4(4),26.4
4044,5775,CCCCCCCCCCCCCCCCOC(=O)CCCCCCCCCCCCCCC,43.9(2),43.9
4045,5776,CCCCCCCCCCCCCCCCOC(=O)c1cc2ccccc2cc1O,72.5,72.5
4046,5777,CCCCCCCCCCCCCCCCOC(=O)C(C)O,41(1),41.0
4047,5778,C=C(C)C(=O)OCCCCCCCCCCCCCCCC,24,24.0
4048,5779,CCCCCCCCCCCCCCCCOCC(O)CO,64,64.0
4049,5780,CCCCCCCCCCCCCCCC[n+]1ccccc1.[Br-],61,61.0
4050,5781,CCCCCCCCCCCCCCCC[n+]1ccccc1.[Cl-],81(3),81.0
4051,5782,CCCCCCCCCCCCCCCCCC(=O)OCCCCCCCCCCCCCCCC,56.8(5),56.8
4052,5784,C=COCCCCCCCCCCCCCCCC,16,16.0
4053,5785,C#CCCCCCCCCCCCCCC,15(2),15.0
4054,5786,CC=CC=CC=O,-16.5,-16.5
4055,5789,C=CC=CCC,-102.4(6),-102.4
4056,5791,C=CCC=CC,-138.7,-138.7
4057,5792,C=CCCC=C,-140.7(1),-140.7
4058,5794,CC=CC=CC,-96.1(4),-96.1
4059,5796,CC=CC=CC(=O)O,134.5,134.5
4060,5797,CC=CC=CCO,29(2),29.0
4061,5799,C=CC#CC=C,-88,88.0
4062,5800,C#CCCC#C,-5.5(2),-5.5
4063,5801,CC#CC#CC,64.67(1),64.67
4064,5802,CCc1c(CC)c(CC)c(CC)c(CC)c1CC,129(1),129.0
4065,5804,CCOP(=O)(OCC)OP(=O)(OCC)OP(=O)(OCC)OP(=O)(OCC)OCC,-40,40.0
4066,5805,C[N+](C)(CCCCCC[N+](C)(C)C1c2ccccc2-c2ccccc21)C1c2ccccc2-c2ccccc21.[Br-].[Br-],188,188.0
4067,5807,Fc1c(F)c(F)c(F)c(F)c1F,5.10(1),5.1
4068,5808,FC(F)=C(F)C(F)=C(F)F,-132,132.0
4069,5809,FC(F)(F)C#CC(F)(F)F,-117.4,-117.4
4070,5810,FC1=C(F)C(F)(F)C1(F)F,-60,60.0
4071,5811,FC(F)(F)C(F)(F)F,-100.05(2),-100.05
4072,5812,FC(F)C(F)C(F)(F)F,-146.45,-146.45
4073,5813,FC(F)(F)CC(F)(F)F,-93.55,-93.55
4074,5814,OC(C(F)(F)F)C(F)(F)F,-2.0,-2.0
4075,5815,FC(F)=C(F)C(F)(F)F,-155.50,-155.5
4076,5817,C1CNCCNC1,40.5,40.5
4077,5818,O=CC12CC=CCC1C1CC=CCC1O2,-80,80.0
4078,5821,O=C1OC(=O)C2CCCCC12,32,32.0
4079,5824,O=[N+]([O-])N1CN([N+](=O)[O-])CN([N+](=O)[O-])C1,203.4(9),203.4
4080,5825,c1ccc(N2CN(c3ccccc3)CN(c3ccccc3)C2)cc1,144,144.0
4081,5827,Cc1c(C)c(C)c(C)c(C)c1C,165.6(7),165.6
4082,5828,C[Si]1(C)N[Si](C)(C)N[Si](C)(C)N1,-18.7(2),-18.7
4083,5829,C[Si]1(C)O[Si](C)(C)O[Si](C)(C)O1,63.7(4),63.7
4084,5830,C[Si](C)(C)[Si](C)(C)C,14.4(6),14.4
4085,5833,C[Si](C)(C)O[Si](C)(C)C,-68.2(1),-68.2
4086,5834,NCCCCCCNC(=O)O,150,150.0
4087,5836,C1N2CN3CN1CN(C2)C3,>250,250.0
4088,5837,OCN(CO)c1nc(N(CO)CO)nc(N(CO)CO)n1,137,137.0
4089,5838,CN(C)P(=O)(N(C)C)N(C)C,7.2,7.2
4090,5840,CC(C)CCCC(C)CCCC(C)CCCCC(C)CCCC(C)CCCC(C)C,-38,38.0
4091,5841,CC1COCc2cc3c(cc21)C(C)(C)C(C)C3(C)C,-5.00,-5.0
4092,5842,CCCCCC=O,-58.2(2),-58.2
4093,5843,CCCCCC(N)=O,101(1),101.0
4094,5844,CCCCCC,-95.27(2),-95.27
4095,5845,O=CCCCCC=O,-8,8.0
4096,5846,NC(=O)CCCCC(N)=O,225.9(4),225.9
4097,5847,NCCCCCCN,38.8(6),38.8
4098,5848,N#CCCCCC#N,2.2(4),2.2
4099,5849,O=C(O)CCCCC(=O)O,151.5(6),151.5
4100,5850,NNC(=O)CCCCC(=O)NN,181.8,181.8
4101,5851,CCCCC(O)CO,45,45.0
4102,5852,OCCCCCCO,41.5(5),41.5
4103,5853,CC(O)CCC(C)O,43,43.0
4104,5857,CC(=O)CCC(C)=O,-5.5,-5.5
4105,5858,CCC(=O)C(=O)CC,-10,10.0
4106,5860,SCCCCCCS,-21,21.0
4107,5861,CCCCCC#N,-80.3,-80.3
4108,5862,CCCCCCS,-80.52(2),-80.52
4109,5863,CCCCC(C)S,-147.0(4),-147.0
4110,5865,CCCCCC(=O)O,-4.1(7),-4.1
4111,5866,CCCCCC(=O)OC(=O)CCCCC,-41,41.0
4112,5867,CCCCCCO,-46.4(9),-46.4
4113,5870,CCCCC(C)=O,-55.45(5),-55.45
4114,5871,CCCC(=O)CC,-55.4(2),-55.4
4115,5872,CCCCCC(=O)Cl,-87,87.0
4116,5873,CCCCCCCCCCCCCCCCCCCCCCCCCCCCCCCCCCCC,75.81(4),75.81
4117,5874,C=CC=CC=C,-12,12.0
4118,5876,CN(C)c1nc(=O)n(C2CCCCC2)c(=O)n1C,117.2(5),117.2
4119,5879,C=CCCCC,-139.76(5),-139.76
4120,5880,CC=CCCC,-141.12(4),-141.12
4121,5882,CCC=CCC,-138.7(7),-138.7
4122,5884,N#CCC=CCC#N,76,76.0
4123,5885,CCCC=CC(=O)O,36.5,36.5
4124,5886,CCC=CCC(=O)O,12,12.0
4125,5887,C=CCCCC(=O)O,-37,37.0
4126,5900,CCC(c1ccc(O)cc1)C(CC)c1ccc(O)cc1,186.5,186.5
4127,5901,CN1C(=O)NC(=O)C(C)(C2=CCCCC2)C1=O,145(1),145.0
4128,5902,COS(=O)(=O)[O-].C[N+]1(C)CCN(CC(O)(c2ccccc2)C2CCCCC2)CC1,205,205.0
4129,5903,CCCCCCOC(C)=O,-61.0(2),-61.0
4130,5905,C=CC(=O)OCCCCCC,-45,45.0
4131,5906,CCCCCCN,-21(1),21.0
4132,5907,CCCCCCc1ccccc1,-63.4(2),-63.4
4133,5908,CCCCCCc1ccc(O)cc1O,68.3(2),68.3
4134,5910,CCCCCCOC(=O)CCC,-78.0(5),-78.0
4135,5912,CCCCCCC1CCCC1,-73,73.0
4136,5914,CCCCCCOC=O,-62.6(4),-62.6
4137,5915,CCCCCCOC(=O)CCCCC,-55.2(4),-55.2
4138,5919,CCCCCCc1cccc2ccccc12,-18,18.0
4139,5920,CCCCCCCC(=O)OCCCCCC,-31(1),31.0
4140,5921,CCCCCCOc1ccc(C(=O)O)cc1,106,106.0
4141,5922,CCCCCCOCCO,-45.1,-45.1
4142,5923,CCCCCCOC(=O)CCCC,-63.0(5),-63.0
4143,5925,CCCCCCOC(=O)CC,-57.5(5),-57.5
4144,5927,C#CCCCC,-132.1(4),-132.1
4145,5928,CC#CCCC,-89.5(4),-89.5
4146,5929,CCC#CCC,-104(3),104.0
4147,5932,C#CC(O)CCC,-80,80.0
4148,5934,NCCc1cnc[nH]1,83,83.0
4149,5935,NC(Cc1cnc[nH]1)C(=O)O,287 dec,287.0
4150,5936,Cl.NC(Cc1cnc[nH]1)C(=O)O,245 dec,245.0
4151,5937,CN1C2CCC1CC(OC(=O)C(O)c1ccccc1)C2,99.5,99.5
4152,5938,Br.CN1C2CCC1CC(OC(=O)C(O)c1ccccc1)C2,217 dec,217.0
4153,5940,NC(CCS)C(=O)O,272 dec,272.0
4154,5942,NC(CCSSCCC(N)C(=O)O)C(=O)O,264,264.0
4155,5943,NC(CCO)C(=O)O,203 dec,203.0
4156,5945,CC(C)=CCC1=C(O)C(O)(CC=C(C)C)C(=O)C(C(=O)CC(C)C)=C1O,66.5,66.5
4157,5946,NNc1nncc2ccccc12,172,172.0
4158,5947,CC1(C)CN=C(NN=C(C=Cc2ccc(C(F)(F)F)cc2)C=Cc2ccc(C(F)(F)F)cc2)NC1,193.3(5),193.3
4159,5948,COc1ccc2c(c1OC)C(=O)OC2C1c2cc3c(cc2CCN1C)OCO3,132,132.0
4160,5949,CN1CCc2cc3c(cc2C1O)OCO3,116.5,116.5
4161,5950,NNC(N)=S,183,183.0
4162,5951,NNC=O,54,54.0
4163,5952,NNC(N)=O,96,96.0
4164,5954,O=CNNC=O,161.0,161.0
4165,5955,NC(=O)NNC(N)=O,248(1),248.0
4166,5956,NNc1ccc(S(=O)(=O)O)cc1,286,286.0
4167,5957,NNc1ccc(C(=O)O)cc1,221 dec,221.0
4168,5958,NNCCO,-70,70.0
4169,5959,O=C1c2ccccc2C(=O)C1(O)C1(O)C(=O)c2ccccc2C1=O,250 dec,250.0
4170,5960,NS(=O)(=O)c1cc2c(cc1Cl)NCNS2(=O)=O,274,274.0
4171,5961,CCC1CN2CCC1CC2C(O)c1ccnc2ccccc12,229,229.0
4172,5963,COc1ccc2c3c1OC1C(=O)CCC4C(C2)N(C)CCC314,198,198.0
4173,5964,CC12CCC(=O)C=C1CCC1C2C(O)CC2(C)C1CCC2(O)C(=O)CO,220,220.0
4174,5965,CC(=O)OCC(=O)C1(O)CCC2C3CCC4=CC(=O)CCC4(C)C3C(O)CC21C,223 dec,223.0
4175,5966,COc1c2c(cc3c1OCO3)CCN(C)C2,56,56.0
4176,5967,NS(=O)(=O)c1cc2c(cc1C(F)(F)F)NCNS2(=O)=O,270.5,270.5
4177,5968,C(=NC(N=Cc1ccco1)c1ccco1)c1ccco1,117,117.0
4178,5969,C#N,-13.28(9),-13.28
4179,5970,CN1CCc2cc3c(cc2C1)OCO3,66,66.0
4180,5971,CN1CCC23c4c5ccc(O)c4OC2C(=O)CCC3C1C5,266.5,266.5
4181,5973,CCC1CN2CCC1CC2C(O)c1ccnc2ccc(OC)cc12,168.5,168.5
4182,5976,CC1=C2N=C(C=C3N=C(C(C)=C4[N-]C(C(CC(N)=O)C4(C)CCC(=O)NCC(C)OP(=O)([O-])OC4C(CO)OC(n5cnc6cc(C)c(C)cc65)C4O)C4(C)N=C1C(CCC(N)=O)C4(C)CC(N)=O)C(CCC(N)=O)C3(C)C)C(CCC(N)=O)C2(C)CC(N)=O.[Co+3].[OH-],200 dec,200.0
4183,5977,N#CCO,<-72,72.0
4184,5978,O=C(CO)c1ccccc1,90,90.0
4185,5979,CC12CCC3C(CCC4CC(=O)CCC43C)C1CCC2O,181,181.0
4186,5980,CC12CCC3C(CCC4CC(O)CCC43C)C1CCC2=O,185,185.0
4187,5982,CC12CCC(=O)C=C1CCC1C2CCC2(C)C(O)CCC12,151.0(3),151.0
4188,5983,O=C1c2ccccc2C(=O)c2c(O)cccc21,193.8,193.8
4189,5984,O=C1c2ccccc2C(=O)c2cc(O)ccc21,306,306.0
4190,5985,O=Cc1cccc(O)c1,106.0(2),106.0
4191,5986,O=Cc1ccc(O)cc1,116.0(2),116.0
4192,5987,Oc1ccccc1C=NN=Cc1ccccc1O,214,214.0
4193,5988,NC(=O)c1ccccc1O,140(2),140.0
4194,5989,O=C(NO)c1ccccc1,131 exp,131.0
4195,5990,O=C(O)C(O)c1ccccc1,118.6(10),118.6
4196,5991,O=C(O)Cc1ccccc1O,147(3),147.0
4197,5992,O=C(O)Cc1cccc(O)c1,132,132.0
4198,5993,O=C(O)Cc1ccc(O)cc1,150.2(8),150.2
4199,5994,N#CC(O)c1ccccc1,-10,10.0
4200,5995,Oc1ccccc1C(=S)S,49,49.0
4201,5996,O=C(O)c1ccc(O)c(C(=O)O)c1,310,310.0
4202,5998,O=S(=O)(O)c1ccc(O)c(S(=O)(=O)O)c1,>100 dec,100.0
4203,5999,OCCc1ccc(O)cc1,90(3),90.0
4204,6000,OCc1ccccc1O,87,87.0
4205,6001,OCc1cccc(O)c1,73,73.0
4206,6002,OCc1ccc(O)cc1,124.5,124.5
4207,6003,O=C(O)CCc1ccc(O)cc1,129.3(5),129.3
4208,6004,O=C(O)C(O)Cc1ccccc1,98,98.0
4209,6007,O=C(O)c1ccccc1O,158.6(5),158.6
4210,6008,O=C(O)c1cccc(O)c1,201.3(2),201.3
4211,6009,O=C(O)c1ccc(O)cc1,213(2),213.0
4212,6010,NNC(=O)c1ccccc1O,148,148.0
4213,6011,N#Cc1ccccc1O,98,98.0
4214,6012,N#Cc1cccc(O)c1,82.8,82.8
4215,6013,N#Cc1ccc(O)cc1,113,113.0
4216,6014,O=C(c1ccccc1)c1ccc(O)cc1,135,135.0
4217,6015,O=c1cc(O)c2ccccc2o1,213.5,213.5
4218,6016,O=c1ccc2ccc(O)cc2o1,230.5,230.5
4219,6017,On1nnc2ccccc21,157.8,157.8
4220,6018,O=C(Cl)c1ccccc1O,19,19.0
4221,6020,Oc1ccccc1-c1ccccc1,57.6(7),57.6
4222,6021,Oc1cccc(-c2ccccc2)c1,78,78.0
4223,6022,Oc1ccc(-c2ccccc2)cc1,170.0(5),170.0
4224,6024,CCC(O)C(=O)O,44.2,44.2
4225,6025,CC(O)CC(=O)O,49,49.0
4226,6026,O=C(O)CCCO,<-17,17.0
4227,6028,CC(=O)C(C)O,15,15.0
4228,6031,NC(=O)CCCO,52,52.0
4229,6032,CC12CCC(C(O)C1=O)C2(C)C,205.5,205.5
4230,6033,CC(CCC(=O)O)C1CCC2C3CCC4CC(O)CCC4(C)C3CCC12C,188(4),188.0
4231,6034,COc1ccc2c3c1OC1C(=O)C=CC4(O)C(C2)N(C)CCC314,275 dec,275.0
4232,6035,O=C1CCCCCCCCC1O,38.5,38.5
4233,6036,O=c1cccccc1O,50(1),50.0
4234,6037,N#CC1(O)CCCCC1,35,35.0
4235,6041,O=C(O)c1cc(I)cc(I)c1O,235.5,235.5
4236,6042,O=C(O)c1cc(I)c(O)c(I)c1,237,237.0
4237,6043,N#Cc1cc(I)c(O)c(I)c1,215.8(5),215.8
4238,6044,O=C(O)C(Cc1cc(I)c(O)c(I)c1)c1ccccc1,164,164.0
4239,6045,COc1cc(O)c(C=O)c(OC)c1,70,70.0
4240,6046,COc1cc(C=O)cc(OC)c1O,113,113.0
4241,6047,COc1cc(C(=O)O)cc(OC)c1O,204.5,204.5
4242,6049,CC(C)(C=O)CO,89.5,89.5
4243,6050,O=C(O)c1cc([N+](=O)[O-])cc([N+](=O)[O-])c1O,182,182.0
4244,6052,CC(O)(P(=O)(O)O)P(=O)(O)O,105,105.0
4245,6053,CC12CCc3c(ccc4cc(O)ccc34)C1CCC2=O,258.5,258.5
4246,6054,CC12CCC3C(=CCc4cc(O)ccc43)C1CCC2=O,239,239.0
4247,6056,CCCCCCCCCCCC(=O)NCCO,88.5,88.5
4248,6057,O=C(O)CN(CCO)CCN(CC(=O)O)CC(=O)O,165 dec,165.0
4249,6058,O=C(OCCO)c1ccccc1O,37,37.0
4250,6060,O=C1c2ccccc2C(=O)N1CCO,130.3,130.3
4251,6061,O=C1CCCN1CCO,20,20.0
4252,6062,O=C1C=C2C(=CCOC2O)O1,111,111.0
4253,6063,O=C(O)CCCCCCCCCCCCCCCO,96.5,96.5
4254,6064,CCCCC(O)C(=O)O,60,60.0
4255,6066,CC(CO)(CO)C(=O)O,195.5(5),195.5
4256,6067,O=c1cc(CO)occ1O,153.5,153.5
4257,6068,O=S(=O)(O)c1cc(I)c(O)c2ncccc12,260 dec,260.0
4258,6069,O=C1c2ccccc2C(=O)N1O,232,232.0
4259,6070,CC(C)c1cccc(O)c(=O)c1,51(2),51.0
4260,6071,O=C1CCCC2C3CC(CN12)C1CC(O)CCN1C3,169.5,169.5
4261,6072,CNO,87.5,87.5
4262,6073,COc1cccc(C=O)c1O,40.5(4),40.5
4263,6074,COc1ccc(C=O)c(O)c1,42.0,42.0
4264,6075,COc1ccc(O)c(C=O)c1,4,4.0
4265,6076,COc1ccc(C=O)cc1O,117(3),117.0
4266,6077,COc1cc(C=O)ccc1O,81(1),81.0
4267,6078,COc1cc(CC(=O)O)ccc1O,143.5,143.5
4268,6079,COc1cc(CO)ccc1O,115,115.0
4269,6080,COc1cc(CCCO)ccc1O,65,65.0
4270,6081,COc1ccc(O)c(C(=O)O)c1,142,142.0
4271,6082,COc1cc(C(=O)O)ccc1O,212(1),212.0
4272,6083,COc1cc2ccc(=O)oc2cc1O,204,204.0
4273,6084,COc1cc(CCC(C)=O)ccc1O,40.5,40.5
4274,6085,COc1ccc(C(C)=O)c(O)c1,52.5,52.5
4275,6086,COc1cc(C(C)=O)ccc1O,115,115.0
4276,6087,COc1ccc(C(=O)c2ccccc2)c(O)c1,65.5,65.5
4277,6088,COc1cc(C=CC=O)ccc1O,84,84.0
4278,6089,CNO.Cl,83.5,83.5
4279,6090,CNCC(O)c1ccc(O)cc1,184.5,184.5
4280,6091,CC12CCC(=O)CC1CCC1C2CCC2(C)C1CCC2(C)O,192.5,192.5
4281,6092,Cc1ccc(NO)cc1,96,96.0
4282,6093,Cc1ccc(O)c(C=O)c1,55.1(2),55.1
4283,6094,O=C(O)C(CO)c1ccccc1,118,118.0
4284,6095,CC(O)(C(=O)O)c1ccccc1,94,94.0
4285,6096,Cc1cc(CO)c(O)c(CO)c1,130.5,130.5
4286,6097,OCc1cc(O)ccc1O,100,100.0
4287,6098,Cc1cccc(C(=O)O)c1O,167.0(2),167.0
4288,6099,Cc1ccc(C(=O)O)c(O)c1,177.8(2),177.8
4289,6100,Cc1ccc(O)c(C(=O)O)c1,152.5(2),152.5
4290,6101,Cc1cc(=O)oc2cc(O)ccc12,194.5,194.5
4291,6102,CC(C)(O)CC(=O)O,<-32,32.0
4292,6104,CC1=C(O)C(=O)CC1,104.8,104.8
4293,6105,Nc1[nH]c(=O)ncc1CO,>300 dec,300.0
4294,6106,O=Cc1ccc(CO)o1,31.5,31.5
4295,6107,Cc1ccc(C(C)C)c(O)c1C(=O)O,127,127.0
4296,6108,CC1=C(O)C(=O)C(C(C)C)CC1,83,83.0
4297,6109,CC(CO)(CO)CO,199(2),199.0
4298,6110,CC1=C(O)c2ccccc2C(=O)C1=O,173.5,173.5
4299,6111,CC1=CC(=O)c2c(O)cccc2C1=O,78.5,78.5
4300,6112,O=[N+]([O-])C(CO)(CO)CO,165,165.0
4301,6113,CC(C)CC(O)C(=O)O,81.5,81.5
4302,6114,CC(=O)c1ccc(C)cc1O,21,21.0
4303,6115,CC(=O)c1cc(C)ccc1O,50,50.0
4304,6116,OCc1ccccc1OC1OC(CO)C(O)C(O)C1O,207,207.0
4305,6117,CCC(=O)c1cc(C)ccc1O,1.0,1.0
4306,6118,O=C1c2ccccc2C(=O)N1CO,141.5,141.5
4307,6120,CC(C)(O)C(=O)O,80(3),80.0
4308,6122,C=CC(=O)NCO,76,76.0
4309,6123,Cc1cc(O)cc(=O)o1,189 dec,189.0
4310,6124,Cc1occc(=O)c1O,161.5,161.5
4311,6125,Cc1ncc(CO)c(CO)c1O,160,160.0
4312,6126,Cn1c(=O)cc(O)c2ccccc21,265,265.0
4313,6128,CC(N)(Cc1ccc(O)c(O)c1)C(=O)O,300 dec,300.0
4314,6129,NC(=O)NCO,111,111.0
4315,6130,O=Cc1c(O)ccc2ccccc12,83,83.0
4316,6131,O=C(O)c1c(O)ccc2ccccc12,157.3,157.3
4317,6132,O=C(O)c1ccc2ccccc2c1O,195,195.0
4318,6133,O=C(O)c1cc2ccccc2cc1O,222.5,222.5
4319,6134,O=C1C=C(O)c2ccccc2C1=O,195 dec,195.0
4320,6135,O=C1C=CC(=O)c2c(O)cccc21,155,155.0
4321,6138,O=C(O)CCc1ccc2cc(O)ccc2c1,180.5,180.5
4322,6139,O=S(=O)(O)c1ccc(O)c2ccccc12,170 dec,170.0
4323,6141,O=S(=O)(O)c1ccc2ccccc2c1O,>250,250.0
4324,6142,O=S(=O)(O)c1ccc2cc(O)ccc2c1,125,125.0
4325,6144,CC(=O)Nc1c(O)ccc2ccccc12,235 dec,235.0
4326,6145,CC(=O)c1ccc2ccccc2c1O,98.6(2),98.6
4327,6146,O=Cc1cccc([N+](=O)[O-])c1O,109.5,109.5
4328,6147,O=Cc1cc([N+](=O)[O-])ccc1O,127.0,127.0
4329,6148,O=C(O)c1cccc([N+](=O)[O-])c1O,148,148.0
4330,6149,O=C(O)c1cc([N+](=O)[O-])ccc1O,229.5,229.5
4331,6150,CCCCCCCCCCCCCCCCC(C(=O)O)C(O)(CC(=O)O)C(=O)O,142 dec,142.0
4332,6151,CCCCCCC(O)CCCCCCCCCCC(=O)O,82,82.0
4333,6152,CCCCCCC(O)CC=CCCCCCCCC(=O)O,-8.28(2),-8.28
4334,6153,CCCCCCC(O)C(=O)O,70,70.0
4335,6154,CCCC(=O)C(O)CCC,-10,10.0
4336,6155,CCCCCCCCOc1ccc(C(=O)c2ccccc2)c(O)c1,48.5,48.5
4337,6156,O=C(O)C(=O)CO,81 dec,81.0
4338,6157,O=C(O)c1cc(=O)c(O)c(C(=O)O)o1,120 dec,120.0
4339,6158,CCCC(O)C(=O)O,34,34.0
4340,6161,CC(=O)Nc1ccccc1O,209,209.0
4341,6162,CC(=O)Nc1cccc(O)c1,148.5,148.5
4342,6163,CC(=O)Nc1ccc(O)cc1,168.0(5),168.0
4343,6164,O=C(O)c1ccccc1N=Nc1ccc(O)cc1,206,206.0
4344,6165,O=C(Nc1ccccc1)c1ccccc1O,136.5,136.5
4345,6166,O=C(c1ccccc1)N(O)c1ccccc1,121(1),121.0
4346,6167,O=C(O)C(O)(c1ccccc1)c1ccccc1,149(2),149.0
4347,6168,O=c1c(O)c(-c2ccccc2)oc2ccccc12,169.5,169.5
4348,6169,CCCC(=O)Nc1ccc(O)cc1,139.5,139.5
4349,6170,CC(=O)CCc1ccc(O)cc1,82.5,82.5
4350,6171,CC(=O)c1ccccc1O,2.5,2.5
4351,6172,CC(=O)c1cccc(O)c1,94(3),94.0
4352,6173,CC(=O)c1ccc(O)cc1,108.2(5),108.2
4353,6174,OCC1OC(Oc2ccc(O)cc2)C(O)C(O)C1O,199.5,199.5
4354,6175,NC(C(=O)O)c1ccc(O)cc1,240 dec,240.0
4355,6176,O=C(O)CNc1ccc(O)cc1,246 dec,246.0
4356,6177,CC(C)(c1ccc(O)cc1)c1ccccc1O,111,111.0
4357,6178,Oc1ccccc1C=Nc1ccccc1O,185,185.0
4358,6179,ON(Cc1ccccc1)Cc1ccccc1,122.5,122.5
4359,6180,CCCCCCCCCCCCCCCCCC(=O)Nc1ccc(O)cc1,133.8,133.8
4360,6181,O=C(O)C(=O)Cc1ccc(O)cc1,220 dec,220.0
4361,6182,O=C(c1ccccc1)c1ccccc1O,35(3),35.0
4362,6183,O=C(C=Cc1ccccc1)c1ccccc1O,90,90.0
4363,6186,CCC(=O)c1ccc(O)cc1,149,149.0
4364,6187,O=C(O)C=Cc1ccc(O)cc1,212(11),212.0
4365,6188,O=C(O)c1c(O)c(-c2ccccc2)nc2ccccc12,206 dec,206.0
4366,6189,ON1CCCCC1,39.3,39.3
4367,6190,CC(=O)C1CCC2C3CCC4CC(O)CCC4(C)C3CCC12C,177,177.0
4368,6194,CC12CCC(=O)C=C1CCC1C2CCC2(C)C(C(=O)CO)CCC12,141.5,141.5
4369,6195,CC12CCC(=O)C=C1CCC1C2C(=O)CC2(C)C(C(=O)CO)CCC12,183.5,183.5
4370,6196,O=C(O)C1CC(O)CN1,239.5,239.5
4371,6199,O=C(O)C(O)C(=O)O,157,157.0
4372,6200,CC(O)C#N,-40.0(5),-40.0
4373,6201,N#CCCO,-46,46.0
4374,6203,CC(=O)CO,-17,17.0
4375,6204,COc1cc(C=CCO)ccc1O,74,74.0
4376,6206,CC(O)C[N+](C)(C)C.[Cl-],165,165.0
4377,6207,O=c1[nH]cccc1O,245 dec,245.0
4378,6208,O=C1CCC(=O)N1O,96.3,96.3
4379,6209,O=C(O)c1cc(=O)c2ccccc2[nH]1,282.5,282.5
4380,6210,O=S(=O)(O)c1ccc(O)c2ncccc12,322.5,322.5
4381,6211,O=c1cc(O)c2ccccc2[nH]1,353(4),353.0
4382,6212,CC1CCC2(OC1)OC1CC3C4CCC5CC(O)CCC5(C)C4CC(=O)C3(C)C1C2C,266.5,266.5
4383,6213,C=Cc1ccc(O)cc1,72(2),72.0
4384,6214,O=C(O)c1cc(S(=O)(=O)O)ccc1O,120,120.0
4385,6216,CC1(C)CC(O)CC(C)(C)N1,130,130.0
4386,6218,NC(Cc1c[nH]c2ccc(O)cc12)C(=O)O,300 dec,300.0
4387,6219,NC(=O)NO,141,141.0
4388,6221,CCOP(=S)(OCC)Oc1ccc2c(C)cc(=O)oc2c1,38,38.0
4389,6224,C=C1CC1CC(N)C(=O)O,282,282.0
4390,6225,O=c1[nH]cnc2nc[nH]c12,150 dec,150.0
4391,6226,CC(C)Cc1ccc(C(C)C(=O)O)cc1,75(1),75.0
4392,6230,C=CCOC(Cn1ccnc1)c1ccc(Cl)cc1Cl,50.2(5),50.2
4393,6231,CC(C)C1(C)N=C(c2ncccc2C(=O)O)NC1=O,171,171.0
4394,6232,CC(C)C1(C)N=C(c2nc3ccccc3cc2C(=O)O)NC1=O,221,221.0
4395,6233,CCc1cnc(C2=NC(C)(C(C)C)C(=O)N2)c(C(=O)O)c1,173,173.0
4396,6234,c1c[nH]cn1,89.52(4),89.52
4397,6235,O=C(O)c1nc[nH]c1C(=O)O,290 dec,290.0
4398,6236,Cl.Cl.NCCc1cnc[nH]1,251.3,251.3
4399,6237,O=C1CNC(=O)N1,220,220.0
4400,6238,S=C1NCCN1,203,203.0
4401,6239,O=C1NC(=O)C(=O)N1,247(3),247.0
4402,6240,O=C1NCCN1,131.7(5),131.7
4403,6241,NC(=O)NC(N)=O,190 dec,190.0
4404,6242,N#CCCNCCC#N,-6(1),6.0
4405,6243,O=C(O)CNCC(=O)O,247.5,247.5
4406,6244,N#CCNCC#N,78,78.0
4407,6246,CN(C)CCCN1c2ccccc2CCc2ccccc21.Cl,174.5,174.5
4408,6247,CC(C)=CCOc1c2occc2cc2ccc(=O)oc12,102,102.0
4409,6248,CCN1CC2(COC)C(O)CC(OC)C34C5CC6(O)C(OC)CC(OC(C)=O)(C5C6OC(=O)c5ccccc5)C(C(OC)C23)C14,202 dec,202.0
4410,6250,c1ccc2c(c1)CCC2,-51.34(2),-51.34
4411,6252,c1ccc2[nH]ncc2c1,146.1(6),146.1
4412,6253,O=c1[nH][nH]c2ccccc12,252.5,252.5
4413,6254,C1=Cc2ccccc2C1,-1.45(2),-1.45
4414,6255,O=C1CC(=O)c2ccccc21,129(3),129.0
4415,6256,O=C1c2ccccc2C(=O)C1(O)O,242 dec,242.0
4416,6257,c1ccc2c(c1)-c1ccc3ccc4cccc5cc-2c1c3c45,164(2),164.0
4417,6258,O=C1C(c2[nH]c3ccccc3c2O)=Nc2ccccc21,390 dec,390.0
4418,6260,CC1(C)C(=CC=CC=CC=CC2=[N+](CCCCS(=O)(=O)[O-])c3ccc4ccccc4c3C2(C)C)N(CCCCS(=O)(=O)[O-])c2ccc3ccccc3c21.[Na+],244 dec,244.0
4419,6261,Nc1ccc2[nH]ccc2c1,132,132.0
4420,6262,c1ccc2[nH]ccc2c1,52.3(6),52.3
4421,6263,O=C(O)Cc1c[nH]c2ccccc12,168.5,168.5
4422,6264,N#CCc1c[nH]c2ccccc12,36,36.0
4423,6265,O=C(O)CCCc1c[nH]c2ccccc12,124.5,124.5
4424,6266,O=Cc1c[nH]c2ccccc12,197.8,197.8
4425,6267,O=C1Nc2ccccc2C1=O,201(1),201.0
4426,6268,NC(=S)N=Nc1c(O)[nH]c2ccccc12,283,283.0
4427,6269,Cl.NCCc1c[nH]c2ccccc12,255,255.0
4428,6270,OCCc1c[nH]c2ccccc12,59,59.0
4429,6271,O=C(O)C(O)Cc1c[nH]c2ccccc12,100,100.0
4430,6272,O=C(O)CCc1c[nH]c2ccccc12,134.5,134.5
4431,6273,c1ccn2cccc2c1,75,75.0
4432,6274,CC(=O)Oc1c[nH]c2ccccc12,129,129.0
4433,6275,CC(=O)c1c[nH]c2ccccc12,192.3,192.3
4434,6276,CC(=O)Cc1c[nH]c2ccccc12,116,116.0
4435,6277,O=C(O)C=Cc1c[nH]c2ccccc12,185 dec,185.0
4436,6278,COc1ccc2c(c1)c(CC(=O)O)c(C)n2C(=O)c1ccc(Cl)cc1,160(1),160.0
4437,6279,O=c1[nH]cnc2c1ncn2C1OC(CO)C(O)C1O,218 dec,218.0
4438,6281,OC1C(O)C(O)C(O)C(O)C1O,223.8(4),223.8
4439,6282,CC(=O)N(CC(C)C(=O)O)c1c(I)cc(I)c(N)c1I,225,225.0
4440,6283,O=C(CCCCC(=O)Nc1c(I)cc(I)c(C(=O)O)c1I)Nc1c(I)cc(I)c(C(=O)O)c1I,307 dec,307.0
4441,6284,NC(=O)CI,93.0,93.0
4442,6285,O=C(O)CI,82.5,82.5
4443,6289,Nc1ccccc1I,56.5(4),56.5
4444,6290,Nc1cccc(I)c1,33,33.0
4445,6291,Nc1ccc(I)cc1,62.9(4),62.9
4446,6292,O=Cc1ccccc1I,37,37.0
4447,6293,O=Cc1ccc(I)cc1,77.5,77.5
4448,6294,Ic1ccccc1,-30.7(5),-30.7
4449,6295,OCc1ccccc1I,92,92.0
4450,6296,O=S(=O)(Cl)c1ccc(I)cc1,85,85.0
4451,6297,O=C(O)c1ccccc1I,161.6(5),161.6
4452,6298,O=C(O)c1cccc(I)c1,186.7(8),186.7
4453,6299,O=C(O)c1ccc(I)cc1,270.6(3),270.6
4454,6300,N#Cc1ccc(I)cc1,127.5,127.5
4455,6301,O=C(Cl)c1ccccc1I,38.3,38.3
4456,6302,O=C(Cl)c1ccc(I)cc1,64.5(8),64.5
4457,6304,Ic1cccc(-c2ccccc2)c1,26.5,26.5
4458,6305,Ic1ccc(-c2ccccc2)cc1,113.5,113.5
4459,6306,CCCCI,-103.5(4),-103.5
4460,6307,CCC(C)I,-104.2(4),-104.2
4461,6310,CCCCCCCCCCI,-16.3,-16.3
4462,6312,Cc1cccc(C)c1I,11.2(4),11.2
4463,6315,CCCCCCCCCCCCI,0.3,0.3
4464,6316,CCI,-111.0(4),-111.0
4465,6321,COP(=S)(OC)Oc1cc(Cl)c(I)cc1Cl,76,76.0
4466,6322,CCCCCCCI,-48.2,-48.2
4467,6324,CCCCCCCCCCCCCCCCI,20(3),20.0
4468,6325,CCCCCCI,-74.1(6),-74.1
4469,6326,CI,-66(2),66.0
4470,6329,COc1ccc(I)cc1,53,53.0
4471,6331,Cc1cccc(I)c1,-27.2,-27.2
4472,6332,ICc1ccccc1,26.3(2),26.3
4473,6336,CC(C)(C)I,-33.6(4),-33.6
4474,6337,[SiH3]CI,-109.5,-109.5
4475,6338,Ic1cccc2ccccc12,7(1),7.0
4476,6339,Ic1ccc2ccccc2c1,54.3(5),54.3
4477,6340,O=[N+]([O-])c1ccccc1I,50(1),50.0
4478,6341,O=[N+]([O-])c1cccc(I)c1,36(1),36.0
4479,6342,O=[N+]([O-])c1ccc(I)cc1,173(2),173.0
4480,6343,CCCCCCCCCI,-20,20.0
4481,6344,CCCCCCCCCCCCCCCCCCI,34(2),34.0
4482,6345,CCCCCCCCI,-45.7(5),-45.7
4483,6347,CCCCCI,-85.6,-85.6
4484,6349,Oc1ccccc1I,43,43.0
4485,6350,Oc1cccc(I)c1,118,118.0
4486,6351,Oc1ccc(I)cc1,93.5,93.5
4487,6353,CC(=O)c1ccc(I)cc1,86,86.0
4488,6354,CCCI,-101.4(4),-101.4
4489,6355,CC(C)I,-90.4(9),-90.4
4490,6356,O=C(O)CCI,85,85.0
4491,6358,C=CCI,-98(2),98.0
4492,6360,O=C1CCC(=O)N1I,200.5,200.5
4493,6361,O=Ic1ccccc1,210 exp,210.0
4494,6362,Ic1cccs1,-40,40.0
4495,6363,Cc1ccc(I)cc1,33.6(2),33.6
4496,6364,NC(Cc1ccc(O)c(I)c1)C(=O)O,205 dec,205.0
4497,6365,O=c1[nH]cc(I)c(=O)[nH]1,275 dec,275.0
4498,6368,CCC(Cc1c(I)cc(I)c(N)c1I)C(=O)O,156,156.0
4499,6370,CN(C)C=Nc1c(I)cc(I)c(CCC(=O)O)c1I,168,168.0
4500,6371,CC(C)NC(=O)N1CC(=O)N(c2cc(Cl)cc(Cl)c2)C1=O,136,136.0
4501,6372,CC1CCC2C(C)C(=O)OCC12,61,61.0
4502,6377,[C-]#[O+].[C-]#[O+].[C-]#[O+].[C-]#[O+].[C-]#[O+].[Fe],-20,20.0
4503,6378,CC(=O)C=C(C)[O-].CC(=O)C=C(C)[O-].CC(=O)C=C(C)[O-].[Fe+3],188(1),188.0
4504,6379,C=CCCCCC#CC#CCCCCCCCC(=O)O,39.5,39.5
4505,6380,CC=C1CC(C)C(O)(CO)C(=O)OCC2=CC[N+]3([O-])CCC(OC1=O)C23,145,145.0
4506,6381,CC(C)Nc1ncccn1,28,28.0
4507,6383,ClC1=C(Cl)C2(Cl)C3C(Cl)OC(Cl)C3C1(Cl)C2(Cl)Cl,122.2(3),122.2
4508,6384,O=C1OCc2ccccc21,75,75.0
4509,6385,CC1(C)[C@H]2CC[C@@]1(C)[C@H](O)C2,212,212.0
4510,6387,Cc1cc(O)c(C2CC3CCC2(C)C3(C)C)cc1C,95,95.0
4511,6388,CC(C)C=O,-72.1(2),-72.1
4512,6389,CC(C)C,-159.42,-159.42
4513,6390,C=C(C)C,-140.7(2),-140.7
4514,6391,CC(=O)OCC(C)C,-97.1(5),-97.1
4515,6392,C=CC(=O)OCC(C)C,-61,61.0
4516,6393,C=CCN1C(=O)C(CC(C)C)NC1=S,210.5,210.5
4517,6394,CC(C)CN,-86(1),86.0
4518,6395,CC(C)COC(=O)c1ccc(N)cc1,64.5,64.5
4519,6396,CC(C)Cc1ccccc1,-51.6(2),-51.6
4520,6399,CC(C)COC(N)=O,67,67.0
4521,6404,CC(C)CC1CCCC1,-115.2(1),-115.2
4522,6406,CC(C)COC=O,-95.5(7),-95.5
4523,6408,CC(C)COC(=O)c1ccccc1O,5.9,5.9
4524,6409,CC(C)COC(=O)C(C)C,-80.6(2),-80.6
4525,6419,CCC(=O)OCC(C)C,-71.4(4),-71.4
4526,6420,CCCCCCCCCCCCCCCCCC(=O)OCC(C)C,28.9,28.9
4527,6421,CC(C)CSC#N,-58.9(5),-58.9
4528,6423,C=COCC(C)C,-112,112.0
4529,6424,O=C(O)CC(C(=O)O)C(O)C(=O)O,105,105.0
4530,6425,COc1cc2c(cc1O)C1C(C)c3ccc(OC)c(OC)c3CN1CC2,187.5,187.5
4531,6426,COc1ccc2c(c1O)-c1c(OC)c(OC)cc3c1C(C2)N(C)CC3,185,185.0
4532,6434,O=C=Nc1ccccc1[N+](=O)[O-],41,41.0
4533,6435,O=C=Nc1cccc([N+](=O)[O-])c1,51,51.0
4534,6436,O=C=Nc1ccc([N+](=O)[O-])cc1,57,57.0
4535,6440,[C-]#[N+]C,-45(3),45.0
4536,6443,C=CC(=O)OCCCCCCCC(C)C,-100,100.0
4537,6448,CCOP(=S)(NC(C)C)Oc1ccccc1C(=O)OC(C)C,<-12,12.0
4538,6450,Nc1[nH]c(=O)nc2nc[nH]c12,>360,360.0
4539,6451,O=C1NC(=O)c2ccccc21,238(1),238.0
4540,6453,CCC(C)C(N)C(=O)O,292 dec,292.0
4541,6456,CN1CC(C(=O)O)C=C2c3cccc4[nH]cc(c34)CC21,218 dec,218.0
4542,6457,OCC1OC(OCC2OC(O)C(O)C(O)C2O)C(O)C(O)C1O,120,120.0
4543,6458,NNC(=O)c1ccncc1,171.4,171.4
4544,6459,CCC(C)C,-159.8(2),-159.8
4545,6460,CC(=O)OCCC(C)C,-78.5,-78.5
4546,6463,CC(C)CCOC=O,-93.5,-93.5
4547,6475,CC1=CC(=O)CC(C)(C)C1,-8.1,-8.1
4548,6476,CC1(C)CC(N=C=O)CC(C)(CN=C=O)C1,60,60.0
4549,6477,O=C(O)c1cccc(C(=O)O)c1,348.0(2),348.0
4550,6478,Cn1cncc1CC1COC(=O)C1C(O)c1ccccc1,187,187.0
4551,6480,CC(C)[N+](C)(CCC(C(N)=O)(c1ccccc1)c1ccccc1)C(C)C.[I-],190,190.0
4552,6481,C=C(C)OC(C)=O,-92.9,-92.9
4553,6482,C=C(C)c1ccccc1,-22.36(5),-22.36
4554,6483,C=C(C)c1ccc(C(C)C)cc1,-30.6,-30.6
4555,6485,CC(C)Oc1ccc(Nc2ccccc2)cc1,83,83.0
4556,6488,CC(=O)OC(C)C,-73.4,-73.4
4557,6490,CC(C)N,-95.119(1),-95.119
4558,6491,CC(C)N.Cl,164,164.0
4559,6492,CC(C)NCCO,128.5,128.5
4560,6497,CC(C)c1ccccc1,-96.01(5),-96.01
4561,6499,CC(C)c1ccc(CO)cc1,28,28.0
4562,6502,CC(C)c1ccc(C(=O)O)cc1,117(2),117.0
4563,6504,CC(C)OC(N)=O,93,93.0
4564,6510,CC(C)C1CCCC1,-111.5(1),-111.5
4565,6511,CC(C)C1CC1,-113.00(9),-113.0
4566,6512,CC(C)OC(=O)COc1ccc(Cl)cc1Cl,5,5.0
4567,6513,CC(C)NC1CCC(c2ccccc2)(c2ccccc2)CC1,70,70.0
4568,6526,Cc1ccc(C(C)C)cc1N,-16,16.0
4569,6527,Cc1ccccc1C(C)C,-71.5(1),-71.5
4570,6528,Cc1cccc(C(C)C)c1,-63.8(1),-63.8
4571,6529,Cc1ccc(C(C)C)cc1,-68.1(3),-68.1
4572,6534,CC1=CC(=O)C(C(C)C)=CC1=O,45.5,45.5
4573,6538,CC1CCC(C(C)C)C(O)C1,-22,22.0
4574,6542,CC1CCC(C(C)C)C(=O)C1,-6,6.0
4575,6547,CC1=CC(=O)C(C(C)C)CC1,-19,19.0
4576,6551,CC(C)C12CCC(C)(CC1)O2,1,1.0
4577,6552,Cc1cccc2c1ccc1cc(C(C)C)ccc12,95.4(7),95.4
4578,6553,Cc1ccc(O)c(C(C)C)c1,36(1),36.0
4579,6554,Cc1ccc(C(C)C)cc1O,2.5(2),2.5
4580,6556,Cc1cc(=O)[nH]c(C(C)C)n1,173,173.0
4581,6557,CSC(C)C,-101.47(6),-101.47
4582,6558,CC(C)c1cccc2ccccc12,-15.6(2),-15.6
4583,6559,CC(C)c1ccc2ccccc2c1,15.0(4),15.0
4584,6563,CC(C)N(N=O)C(C)C,48,48.0
4585,6564,CC(=O)CC(=O)OC(C)C,-27.3,-27.3
4586,6565,CCCCCCCCCCCCCCCC(=O)OC(C)C,12.8(5),12.8
4587,6567,CC(C)c1ccccc1O,17(1),17.0
4588,6568,CC(C)c1cccc(O)c1,25.7(5),25.7
4589,6569,CC(C)c1ccc(O)cc1,62(2),62.0
4590,6570,CC(C)Nc1ccc(Nc2ccccc2)cc1,72.5,72.5
4591,6571,CC(C)OC(=O)Nc1ccccc1,85(2),85.0
4592,6574,C=CC(=O)NC(C)C,64.5,64.5
4593,6577,CC(C)c1ccncc1,-54.9(5),-54.9
4594,6580,CCCCCCCCCCCCCCCCCC(=O)OC(C)C,24.1(5),24.1
4595,6581,C=Cc1ccc(C(C)C)cc1,-44.7,-44.7
4596,6586,C=COC(C)C,-140,140.0
4597,6587,CC(C)NCC(O)c1ccc(O)c(O)c1,170.5,170.5
4598,6588,O=c1ccc2ccc3occc3c2o1,139,139.0
4599,6589,Nc1nccc2ccccc12,123,123.0
4600,6590,Nc1cc2ccccc2cn1,178.5,178.5
4601,6591,c1ccc2cnccc2c1,26.46(1),26.46
4602,6592,Oc1ccc2ccncc2c1,230,230.0
4603,6593,OC1COC2C(O)COC12,63,63.0
4604,6594,O=[N+]([O-])OC1COC2C(O[N+](=O)[O-])COC12,52,52.0
4605,6596,COc1cc2c3c(c1O)-c1c(cccc1OC)CC3N(C)CC2,203.5,203.5
4606,6598,CCC(C)(N)C(=O)O,≈300,300.0
4607,6599,CCC(C)(CC)c1cc(NC(=O)c2c(OC)cccc2OC)on1,173,173.0
4608,6601,CC(COc1ccccc1)NC(C)C(O)c1ccc(O)cc1,103.0,103.0
4609,6602,CC1CC2(OC2C)C(=O)OC2CCN3CC=C(COC(=O)C1(C)O)C23,228,228.0
4610,6603,COC1=CC(=O)c2c(O)c(C)c(CC(C)=O)c(O)c2C1=O,208 dec,208.0
4611,6604,CC1=C2C(=O)C3C(CC=C4CC(O)CCC43C)C2CCC12OC1CC(C)CNC1C2C,243 dec,243.0
4612,6605,O=c1c(O)c(-c2ccc(O)cc2)oc2cc(O)cc(O)c12,277,277.0
4613,6606,C=C(C)C1CNC(C(=O)O)C1CC(=O)O,253 dec,253.0
4614,6608,O=C1C2(Cl)C3(Cl)C4(Cl)C(Cl)(Cl)C5(Cl)C3(Cl)C1(Cl)C5(Cl)C24Cl,350 dec,350.0
4615,6609,CNC1(c2ccccc2Cl)CCCCC1=O,92.5,92.5
4616,6610,C=C=O,-151,151.0
4617,6611,COc1c2occc2c(OC)c2c(=O)cc(C)oc12,154 dec,154.0
4618,6612,Nc1ccccc1C(=O)CC(N)C(=O)O,194 dec,194.0
4619,6613,CC(CCc1ccccc1)NCC(O)c1ccc(O)c(C(N)=O)c1,164,164.0
4620,6614,CC(O)C(=O)O,16.9(2),16.9
4621,6617,CCOC(=O)C(C)OC(=O)c1cc(Oc2ccc(C(F)(F)F)cc2Cl)ccc1[N+](=O)[O-],93,93.0
4622,6621,O.OCC1OC(OC2C(CO)OC(O)C(O)C2O)C(O)C(O)C1O,201 dec,201.0
4623,6622,OCC1OC(OC2C(CO)OC(O)(CO)C2O)C(O)C(O)C1O,169,169.0
4624,6623,OC[C@H]1O[C@@H](O[C@H]2[C@H](O)[C@@H](CO)OC(O)[C@@H]2O)[C@H](O)[C@@H](O)[C@@H]1O,205,205.0
4625,6624,CC(C)=CCCC(C)C1CCC2(C)C3=C(CCC12C)C1(C)CCC(O)C(C)(C)C1CC3,140.5,140.5
4626,6625,CC=C(C)C(=O)OC1CC(C)(C)CC2C3=CCC4C5(C)CCC(=O)C(C)(C)C5CCC4(C)C3(C)CCC12C(=O)O,297,297.0
4627,6626,CC(C)=CC(=O)OC1CC(C)(C)CC2C3=CCC4C5(C)CCC(=O)C(C)(C)C5CCC4(C)C3(C)CCC12C(=O)O,302,302.0
4628,6627,NC(CSCC(N)C(=O)O)C(=O)O,294 dec,294.0
4629,6628,CC(C)=CCC1=C(O)c2ccccc2C(=O)C1=O,139.5,139.5
4630,6629,CCN1CC2(OC(=O)c3ccccc3NC(C)=O)CCC(OC)C34C1C(CC23)C1(O)CC(OC)C2CC4C1(O)C2OC,217.5,217.5
4631,6630,CC=C(C)C(=O)OC1CCN2CC=C(COC(=O)C(O)(C(C)OC)C(C)(C)O)C12,95.5,95.5
4632,6631,COc1ccc(CC2c3cc(OC)c(OC)cc3CCN2C)cc1O,184.5,184.5
4633,6633,COc1ccc(CC2c3cc(OC)c(OC)cc3CCN2C)cc1OC,89,89.0
4634,6634,COc1ccc2c(c1)-c1c3c(cc4c1C(C2)N(C)CC4)OCO3,114,114.0
4635,6635,CCCCCCCCCCCCN1CCCCCC1=O,-7,7.0
4636,6636,CN(C)C(=S)S[Pb]SC(=S)N(C)C,258,258.0
4637,6637,CC1CCC2C1C1C(CCC2(C)O)C1(C)C,105,105.0
4638,6638,O=c1[nH]c2c(c(=O)n1C1CCCCC1)CCC2,290,290.0
4639,6639,COP(=S)(Oc1cc(Cl)c(Br)cc1Cl)c1ccccc1,74.0(5),74.0
4640,6640,CC(C)CC(N)C(=O)O,293,293.0
4641,6643,CC(C)CC(N)C(=O)NCC(=O)O,248 dec,248.0
4642,6645,CCC12CN3CCc4c([nH]c5ccccc45)C(C(=O)OC)(c4cc5c(cc4OC)N(C)C4C(O)(C(=O)OC)C(OC(C)=O)C6(CC)C=CCN7CCC54C76)CC(C3)C1O2,203,203.0
4643,6646,C=CCN1CCC23CCCCC2C1Cc1ccc(O)cc13,181,181.0
4644,6647,NC(Cc1ccc(O)c(O)c1)C(=O)O,277(2),277.0
4645,6648,CC(C)C1=CCC2C(=C1)CCC1C(C)(C(=O)O)CCCC21C,150,150.0
4646,6649,CN1CCC23CCCCC2C1Cc1ccc(O)cc13,198,198.0
4647,6655,CON(C)C(=O)Nc1ccc(Cl)c(Cl)c1,92.9(10),92.9
4648,6656,NC(Cc1cc(I)c(Oc2ccc(O)c(I)c2)c(I)c1)C(=O)O,236 dec,236.0
4649,6657,NC(=O)CCCCC1CCSS1,128,128.0
4650,6658,NCCCCC(NC(CCc1ccccc1)C(=O)O)C(=O)N1CCCC1C(=O)O.O.O,159,159.0
4651,6660,CN1C(CC(O)c2ccccc2)CCCC1CC(O)c1ccccc1,150,150.0
4652,6661,CN1C(CC(=O)c2ccccc2)CCCC1CC(=O)c1ccccc1,99,99.0
4653,6662,CN1C(CC(=O)c2ccccc2)CCCC1CC(O)c1ccccc1,130.5,130.5
4654,6663,Fc1ccc(NC(=S)Nc2cc(Cl)cc(Cl)c2)cc1,163.5,163.5
4655,6665,CCOC(=O)N1CCC(=C2c3ccc(Cl)cc3CCc3cccnc32)CC1,132,132.0
4656,6666,CCC(C)C(=O)OC1CC(C)C=C2C=CC(C)C(CCC3CC(O)CC(=O)O3)C21,179(1),179.0
4657,6667,O=C(Oc1ccccc1)n1c(C(F)(F)F)nc2cc(Cl)c(Cl)cc21,103,103.0
4658,6668,CN1CCN(C2=Nc3ccccc3Oc3ccc(Cl)cc32)CC1,109.5,109.5
4659,6669,CC(C(=O)O)c1ccc(CC2CCCC2=O)cc1,110,110.0
4660,6670,C=C1C2CC3(C1O)C1CC4C5(C)CCC(O)C4(C1N(CC)C5)C3CC2O,149,149.0
4661,6672,C=C(C)C1CCC2(CO)CCC3(C)C(CCC4C5(C)CCC(O)C(C)(C)C5CCC43C)C12,256(2),256.0
4662,6673,C=C(C)C1CCC2(C)CCC3(C)C(CCC4C5(C)CCC(O)C(C)(C)C5CCC43C)C12,216,216.0
4663,6674,CC(C)=CCC1=C(O)C(CC=C(C)C)(CC=C(C)C)C(=O)C(C(=O)CC(C)C)=C1O,93,93.0
4664,6675,O=c1cc(-c2ccc(O)c(O)c2)oc2cc(O)cc(O)c12,328(1),328.0
4665,6676,Cc1cc(O)c2c(c1O)C(=O)C13C(=C2O)C(=O)C2C(O)C1C1C(O)C3C(=O)C3=C(O)c4c(O)cc(C)c(O)c4C(=O)C321,278 dec,278.0
4666,6677,CC1CC2Cc3ncccc3C3(C1)NCCCC23,99,99.0
4667,6678,NC(=O)CNC(CNC(CC(=O)O)C(=O)O)C(=O)O,228 dec,228.0
4668,6679,OC1C=C2CCN3Cc4cc5c(cc4C(C1O)C23)OCO5,280,280.0
4669,6680,CN1CC(C(N)=O)C=C2c3cccc4[nH]cc(c34)CC21,137.5,137.5
4670,6682,CCN(CC)C(=O)C1C=C2c3cccc4[nH]cc(c34)CC2N(C)C1,82.5,82.5
4671,6683,NCCCCC(N)C(=O)O,224,224.0
4672,6686,Cl.NCCCCC(N)C(=O)O,263 dec,263.0
4673,6689,O=C(c1ccc(O)c(O)c1)c1c(O)cc(O)cc1O,222.5,222.5
4674,6690,CC1=CC(=C(c2ccc(N)cc2)c2ccc(N)cc2)C=CC1=N,186 dec,186.0
4675,6691,CC1=CC(=C(c2ccc(N)cc2)c2ccc(N)cc2)C=CC1=N.Cl,200 dec,200.0
4676,6692,CCCCCCCCCCCCCCCCCC(=O)[O-].CCCCCCCCCCCCCCCCCC(=O)[O-].[Mg+2],132,132.0
4677,6695,CCOC(=O)CC(SP(=S)(OC)OC)C(=O)OCC,3.0(4),3.0
4678,6697,O=C1C=CC(=O)O1,52.56(4),52.56
4679,6699,O=C(O)CC(O)C(=O)O,132,132.0
4680,6700,O=CCC=O,73,73.0
4681,6701,O=C(O)CC(=O)O,135(1),135.0
4682,6702,N#CCC#N,31.83(2),31.83
4683,6703,O=CC(O)C(O)C(OC1OC(CO)C(OC2OC(CO)C(OC3OC(CO)C(OC4OC(CO)C(O)C(O)C4O)C(O)C3O)C(O)C2O)C(O)C1O)C(O)CO,78 (hyd),78.0
4684,6706,OCC1OC(OC2C(CO)OC(OC3C(CO)OC(OC4C(CO)OC(O)C(O)C4O)C(O)C3O)C(O)C2O)C(O)C(O)C1O,170 dec,170.0
4685,6707,COc1cc(-c2[o+]c3cc(O)cc(O)c3cc2O)cc(OC)c1O.[Cl-],>300,300.0
4686,6708,N#CC(OC1OC(CO)C(O)C(O)C1O)c1ccccc1,122,122.0
4687,6709,S=C([S-])NCCNC(=S)[S-].[Mn+2],200 dec,200.0
4688,6710,CC(=O)[O-].CC(=O)[O-].[Mn+2],210,210.0
4689,6711,[C-]#[O+].[C-]#[O+].[C-]#[O+].[C-]#[O+].[C-]#[O+].[C-]#[O+].[C-]#[O+].[C-]#[O+].[C-]#[O+].[C-]#[O+].[Mn].[Mn],154,154.0
4690,6712,[C-]#[O+].[C-]#[O+].[C-]#[O+].[Mn].c1cc[cH-]c1,77(2),77.0
4691,6713,C[c-]1cccc1.[C-]#[O+].[C-]#[O+].[C-]#[O+].[Mn],1.5,1.5
4692,6715,O=[N+]([O-])OCC(O[N+](=O)[O-])C(O[N+](=O)[O-])C(O[N+](=O)[O-])C(CO[N+](=O)[O-])O[N+](=O)[O-],111(1),111.0
4693,6719,OC1(c2ccc(Cl)cc2)c2ccccc2C2=NCCN21,198,198.0
4694,6720,COC(=O)Nc1nc2ccc(C(=O)c3ccccc3)cc2[nH]1,288.5,288.5
4695,6721,CN1CCc2c(c3ccccc3n2Cc2ccccc2)C1,95,95.0
4696,6724,CC(=O)C1(O)CCC2C3CC(C)C4=CC(=O)CCC4(C)C3CCC21C,214.5,214.5
4697,6725,Cc1cccc(Nc2ccccc2C(=O)O)c1C,230 dec,230.0
4698,6726,OC(c1cc(C(F)(F)F)nc2c(C(F)(F)F)cccc12)C1CCCCN1,178.2,178.2
4699,6727,CC(=O)Nc1cc(NS(=O)(=O)C(F)(F)F)c(C)cc1C,184.3(5),184.3
4700,6728,OCC1OC(OC2C(O)C(CO)OC2(CO)OC2OC(CO)C(O)C(O)C2O)C(O)C(O)C1O,153,153.0
4701,6730,CCCCCC=CCC=CCCCCCCCC(=O)NC(C)c1ccccc1,<4,4.0
4702,6731,NC(Cc1ccc(N(CCCl)CCCl)cc1)C(=O)O,183 dec,183.0
4703,6732,CC(C)=CCCC(C)=CCCC(C)=CCCC(C)=CCCC(C)=CCCC(C)=CCCC(C)=CCC1=C(C)C(=O)c2ccccc2C1=O,54,54.0
4704,6733,COP(=S)(OC)SCc1nc(N)nc(N)n1,160,160.0
4705,6739,CCOC(=O)C1(c2ccccc2)CCN(C)CC1,30,30.0
4706,6740,CCC1(c2ccccc2)NC(=O)N(C)C1=O,136,136.0
4707,6741,CCC1(c2ccccc2)C(=O)NC(=O)N(C)C1=O,176,176.0
4708,6743,C[N+]1(C)CCCCC1.[Cl-],223,223.0
4709,6744,Cc1cccc(C)c1NC(=O)C1CCCCN1C,150.5,150.5
4710,6745,Cc1cccc(C)c1NC(=O)C1CCCCN1C.Cl,263,263.0
4711,6747,O=C(O)c1ccccc1S,168.5,168.5
4712,6748,c1ccc2sc(SSc3nc4ccccc4s3)nc2c1,180,180.0
4713,6750,CC(C)(S)C(=O)O,47,47.0
4714,6751,O=C(CS)Nc1ccc2ccccc2c1,111.5,111.5
4715,6752,Oc1ccccc1S,5.5,5.5
4716,6753,Oc1ccc(S)cc1,29.5,29.5
4717,6755,O=C(O)CCS,16.5(5),16.5
4718,6756,CC(C)(S)C(N)C(=O)O,198.5,198.5
4719,6757,O=C([O-])c1ccccc1.O=C([O-])c1ccccc1.[Hg+2],≈125,125.0
4720,6759,CC(=O)O[Hg]c1ccccc1,153,153.0
4721,6760,CCCCSP(SCCCC)SCCCC,100,100.0
4722,6761,CC(=O)C=C(C)C,-52.8(4),-52.8
4723,6763,C#CC1(O)CCC2C3CCc4cc(OC)ccc4C3CCC21C,154(1),154.0
4724,6764,c1cc2cc(c1)CCc1cccc(c1)CC2,131(1),131.0
4725,6765,COCC(=O)N(c1c(C)cccc1C)C(C)C(=O)OC,73.0(5),73.0
4726,6766,CC1OC(C)OC(C)OC(C)O1,246,246.0
4727,6769,Cc1cc(C)cc(OCC2CNC(=O)O2)c1,122,122.0
4728,6770,CC(=O)OC(C)C[N+](C)(C)C.[Cl-],172,172.0
4729,6771,C=C(C)C(=O)O,14.6(8),14.6
4730,6773,C=C1c2cccc(O)c2C(O)=C2C(=O)C3(O)C(O)=C(C(N)=O)C(=O)C(N(C)C)C3C(O)C12,205 dec,205.0
4731,6774,CCC(=O)C(CC(C)N(C)C)(c1ccccc1)c1ccccc1.Cl,235,235.0
4732,6775,CCC(c1ccc2cc(OC)ccc2c1)C(C)(C)C(=O)O,139,139.0
4733,6776,COP(N)(=O)SC,46.7(5),46.7
4734,6778,CNC(C)Cc1ccccc1.Cl,174(1),174.0
4735,6779,CC12C=CC(=O)C=C1CCC1C2CCC2(C)C1CCC2(C)O,166,166.0
4736,6780,C,-182.475(5),-182.475
4737,6781,C[As](=O)(O)O,160.5,160.5
4738,6782,O=S(=O)(O)CS(=O)(=O)O,98,98.0
4739,6783,CS(=O)(=O)O,20,20.0
4740,6786,CS,-122.98(9),-122.98
4741,6787,N=CN,81,81.0
4742,6788,CC(=O)O.N=CN,161.5,161.5
4743,6789,CO,-97.5(1),-97.5
4744,6790,CC[N+](C)(CC)CCOC(=O)C1c2ccccc2Oc2ccccc21.[Br-],174.5,174.5
4745,6792,CCC1(CC)C(=O)NC(=O)N(C)C1=O,150.5,150.5
4746,6793,CC(=O)N=c1sc(S(N)(=O)=O)nn1C,213 dec,213.0
4747,6794,Cn1c(=O)on(-c2ccc(Cl)c(Cl)c2)c1=O,123.9(5),123.9
4748,6795,C=CC[N+]12CN3CN(CN(C3)C1)C2.[I-],148 dec,148.0
4749,6796,CCC(c1ccc(O)c(C)c1)C(CC)c1ccc(O)c(C)c1,145,145.0
4750,6797,COc1nn(CSP(=S)(OC)OC)c(=O)s1,42.5(5),42.5
4751,6798,CNC(=O)Oc1cc(C)c(SC)c(C)c1,121.5(4),121.5
4752,6799,CSCCC(N)C(=O)O,281 dec,281.0
4753,6800,COc1ccccc1OCC(O)COC(N)=O,93,93.0
4754,6801,CNC(=O)ON=C(C)SC,79(2),79.0
4755,6803,COCCCNc1nc(NC(C)C)nc(SC)n1,69,69.0
4756,6804,CN(Cc1cnc2nc(N)nc(N)c2n1)c1ccc(C(=O)NC(CCC(=O)O)C(=O)O)cc1,190 dec,190.0
4757,6805,COc1ccc(OC)c(C(O)C(C)N)c1.Cl,214,214.0
4758,6806,COc1c2occc2cc2ccc(=O)oc12,148,148.0
4759,6811,COc1ccccc1N,6.2,6.2
4760,6812,COc1cccc(N)c1,-1,1.0
4761,6813,COc1ccc(N)cc1,57.8(9),57.8
4762,6814,COc1ccccc1N.Cl,225,225.0
4763,6815,COc1cccc2c1C(=O)c1ccccc1C2=O,170.3,170.3
4764,6816,COc1ccccc1C=O,37.5(5),37.5
4765,6818,COc1ccc(C=O)cc1,0,0.0
4766,6819,COc1ccc(C(N)=O)cc1,166.5,166.5
4767,6821,COc1ccccc1CC(=O)O,124,124.0
4768,6822,COc1ccc(CC(=O)O)cc1,84.9(5),84.9
4769,6824,COc1ccc(N)c(N)c1,51,51.0
4770,6825,COc1ccc(N)cc1N,67.5,67.5
4771,6826,COc1cc(N)ccc1N,107,107.0
4772,6827,COc1cccc(O)c1O,42.8,42.8
4773,6829,COc1ccc(CCO)cc1,29,29.0
4774,6833,COc1cccc(CO)c1,30,30.0
4775,6834,COc1ccc(CO)cc1,17(2),17.0
4776,6835,COc1ccc(S(=O)(=O)Cl)cc1,42.5,42.5
4777,6838,COc1ccccc1C(=O)O,100.9(5),100.9
4778,6839,COc1cccc(C(=O)O)c1,107,107.0
4779,6840,COc1ccc(C(=O)O)cc1,184(2),184.0
4780,6841,COc1ccccc1C#N,24.5,24.5
4781,6843,COc1ccc(C#N)cc1,59.5(6),59.5
4782,6844,COc1ccc2ccc(=O)oc2c1,118.3,118.3
4783,6845,COc1ccc2nc(N)sc2c1,166,166.0
4784,6846,COc1ccc(C(=O)c2ccccc2C(=O)O)cc1,146,146.0
4785,6848,COc1ccc(C(=O)Cl)cc1,21(3),21.0
4786,6849,COc1ccc(COC(C)=O)cc1,84,84.0
4787,6850,COc1ccccc1-c1ccccc1,29,29.0
4788,6851,COc1ccc(-c2ccccc2)cc1,90,90.0
4789,6856,COc1ccc(C(c2ccc(OC)cc2)C(Cl)(Cl)Cl)cc1,89(1),89.0
4790,6858,COc1ccc([N+](=O)[O-])cc1[N+](=O)[O-],95.9(5),95.9
4791,6859,COc1cc([N+](=O)[O-])cc([N+](=O)[O-])c1,105.3,105.3
4792,6860,COC(C(=O)c1ccccc1)c1ccccc1,49.5,49.5
4793,6861,COCCO,-85.1,-85.1
4794,6864,COCCOC(C)=O,-70,70.0
4795,6867,COCC[Hg]OC(C)=O,42,42.0
4796,6870,COc1c2ccccc2nc2occc12,133.5,133.5
4797,6871,CCC1CC2CC3c4[nH]c5ccc(OC)cc5c4CCN(C2)C13,148,148.0
4798,6872,COc1ccc2[nH]cc(CCN)c2c1,121.5,121.5
4799,6873,COc1ccc2[nH]cc(CCNC(C)=O)c2c1,117,117.0
4800,6875,COc1ccc(Nc2ccc(OC)cc2)cc1,103,103.0
4801,6877,COc1ccc(C)cc1N,53,53.0
4802,6878,COc1ccc(N)c(C)c1,29.5,29.5
4803,6884,C=C(C)C(=O)C(=CC(=O)O)OC,83,83.0
4804,6886,COc1cc(C)ccc1O,5.5,5.5
4805,6887,COc1cccc2ccccc12,<-10,10.0
4806,6888,COc1ccc2ccccc2c1,73.5,73.5
4807,6889,COC1=CC(=O)c2ccccc2C1=O,183.0,183.0
4808,6890,COc1ccc(O)c2ccccc12,129.8,129.8
4809,6891,COc1cc([N+](=O)[O-])ccc1N,141.0,141.0
4810,6892,COc1ccc([N+](=O)[O-])cc1N,118(1),118.0
4811,6893,COc1ccc(N)c([N+](=O)[O-])c1,129,129.0
4812,6894,COc1ccc(N=NC(C(C)=O)C(=O)Nc2ccccc2OC)c([N+](=O)[O-])c1,181,181.0
4813,6895,COc1ccccc1O,28.3(6),28.3
4814,6896,COc1cccc(O)c1,<-17,17.0
4815,6897,COc1ccc(O)cc1,54(3),54.0
4816,6898,COc1ccccc1OC(=O)c1ccccc1,57.5,57.5
4817,6899,COc1ccccc1OC(=O)Oc1ccccc1OC,89,89.0
4818,6900,COc1ccccc1OP(=O)(Oc1ccccc1OC)Oc1ccccc1OC,91,91.0
4819,6901,COc1ccccc1OCC1CNC(=O)O1,144,144.0
4820,6902,COc1ccccc1OCC(O)CO,78.5,78.5
4821,6903,COc1ccccc1NC(C)=O,87.5,87.5
4822,6904,COc1cccc(NC(C)=O)c1,81,81.0
4823,6905,COc1ccc(NC(C)=O)cc1,127.2(5),127.2
4824,6906,COc1ccccc1OC(C)=O,31.5,31.5
4825,6907,COc1ccc(C=CC(C)=O)cc1,74.0,74.0
4826,6908,COCC(=O)c1ccccc1,8,8.0
4827,6909,COc1cccc(C(C)=O)c1,95.5,95.5
4828,6910,COc1ccc(C2C(=O)c3ccccc3C2=O)cc1,156.5,156.5
4829,6913,COc1ccc(NC(=O)CC(C)=O)cc1,117.3,117.3
4830,6915,COc1ccc(N=Nc2ccccc2)cc1,56,56.0
4831,6916,COc1ccc(Nc2ccc(N)cc2)cc1,102,102.0
4832,6917,COc1ccc(Nc2ccc(N)cc2)cc1.Cl,245 dec,245.0
4833,6918,COc1ccc(C(=O)c2ccccc2)cc1,61.5,61.5
4834,6919,COc1ccc(C=CC(=O)c2ccccc2)cc1,79,79.0
4835,6920,CCC(=O)c1ccc(OC)cc1,25.5,25.5
4836,6921,COc1ccc(CC(C)=O)cc1,<-15,15.0
4837,6922,COc1ccc(C=CC(=O)O)cc1,174.2(5),174.2
4838,6923,COc1ccc(C=Cc2ccccc2)cc1,136.5,136.5
4839,6933,CC=Cc1ccc(OC)cc1,22.5,22.5
4840,6936,CC=Cc1ccc(O)c(OC)c1,33.5,33.5
4841,6940,COc1c2ccoc2cc2oc(=O)ccc12,188,188.0
4842,6941,COc1ccc(N)cn1,30,30.0
4843,6945,COc1ccc2ncccc2c1,26.5,26.5
4844,6946,COc1ccc2nccc(C(=O)O)c2c1,285 dec,285.0
4845,6947,COc1c([N+](=O)[O-])cc([N+](=O)[O-])cc1[N+](=O)[O-],67.6(3),67.6
4846,6949,C[N+]1(C)C2CC(OC(=O)C(CO)c3ccccc3)CC1C1OC12.[Br-],215 dec,215.0
4847,6950,CN1C(CCl)Nc2cc(Cl)c(S(N)(=O)=O)cc2S1(=O)=O,225,225.0
4848,6952,CNC(C)=O,30.6(1),30.6
4849,6953,CC(=O)Nc1ccc(C)cc1,151(1),151.0
4850,6954,COC(C)=O,-98.2(2),-98.2
4851,6955,COC(=O)CC(C)=O,27.5,27.5
4852,6956,CC(=O)c1ccc(C)cc1,28,28.0
4853,6957,COC(=O)c1ccccc1OC(C)=O,51.5,51.5
4854,6958,C=CC(=O)OC,-75.6(3),-75.6
4855,6959,C=C(C)C#N,-35.8,-35.8
4856,6961,CN,-93.42(9),-93.42
4857,6962,CN.Cl,227.5,227.5
4858,6963,CNc1cccc2c1C(=O)c1ccccc1C2=O,171.0,171.0
4859,6964,COC(=O)c1ccccc1N,24.4(2),24.4
4860,6965,COC(=O)c1cccc(N)c1,39,39.0
4861,6966,COC(=O)c1ccc(N)cc1,111.8(7),111.8
4862,6967,CNc1ccccc1C(=O)O,180.5,180.5
4863,6968,CNc1cccc(C(=O)O)c1,127,127.0
4864,6969,CNc1ccc(C(=O)O)cc1,168,168.0
4865,6971,CNC(=O)NC(C)=O,180.5,180.5
4866,6973,CNCCS(=O)(=O)O,241.5,241.5
4867,6974,CNCCc1ccc(O)c(O)c1,188.5,188.5
4868,6975,COC(=O)c1ccc(O)c(N)c1,143,143.0
4869,6976,CNc1ccc(O)cc1.O=S(=O)(O)O,260 dec,260.0
4870,6978,CNC(C)Cc1ccc(O)cc1,161,161.0
4871,6979,Cc1ccccc1N,-14.41(2),-14.41
4872,6980,Cc1cccc(N)c1,-30.8(5),-30.8
4873,6981,Cc1ccc(N)cc1,43.3(8),43.3
4874,6982,CNc1ccccc1,-57(1),57.0
4875,6983,Cc1ccccc1N.Cl,215,215.0
4876,6984,Cc1ccc(N)cc1.Cl,244.5,244.5
4877,6985,COc1ccccc1C,-34.1(3),-34.1
4878,6986,COc1cccc(C)c1,-55.5(8),-55.5
4879,6987,COc1ccc(C)cc1,-31.6(9),-31.6
4880,6988,Cc1cccc2cc3ccccc3cc12,85.5,85.5
4881,6989,Cc1ccc2cc3ccccc3cc2c1,209,209.0
4882,6990,Cc1c2ccccc2cc2ccccc12,81.7(5),81.7
4883,6991,Cc1ccc2c(c1)C(=O)c1ccccc1C2=O,176.2(4),176.2
4884,6992,C[AsH2],-143,143.0
4885,6993,CN1C2CCCC1CC(=O)C2,54,54.0
4886,6995,CN1C2CCC1CC(=O)C2,43,43.0
4887,7001,Cc1ccccc1C(N)=O,147,147.0
4888,7002,Cc1ccc(C(N)=O)cc1,162.5,162.5
4889,7003,CNC(=O)c1ccccc1,74.3(4),74.3
4890,7004,Cc1c2ccccc2cc2c1ccc1ccccc12,141,141.0
4891,7005,Cc1cccc2cc3c(ccc4ccccc43)cc12,156.5,156.5
4892,7006,Cc1ccc2cc3c(ccc4ccccc43)cc2c1,152.5,152.5
4893,7007,Cc1ccc2cc3ccc4ccccc4c3cc2c1,184,184.0
4894,7008,Cc1c2ccccc2cc2ccc3ccccc3c12,150.5,150.5
4895,7010,Cc1ccc(CC=O)cc1,40,40.0
4896,7012,Cc1ccccc1CC(=O)O,89,89.0
4897,7013,Cc1cccc(CC(=O)O)c1,62,62.0
4898,7014,Cc1ccc(CC(=O)O)cc1,93,93.0
4899,7015,CC(C(=O)O)c1ccccc1,<-20,20.0
4900,7016,Cc1ccc(CC#N)cc1,18,18.0
4901,7018,Cc1ccc(N)cc1N,99,99.0
4902,7020,Cc1cccc(N)c1N,63.5,63.5
4903,7021,Cc1ccc(N)c(N)c1,89.5,89.5
4904,7022,Cc1c(N)cccc1N,106,106.0
4905,7023,Cc1cc(N)ccc1N,64,64.0
4906,7024,Cc1cccc(O)c1O,68,68.0
4907,7025,Cc1ccc(O)c(O)c1,65,65.0
4908,7026,Cc1c(O)cccc1O,120,120.0
4909,7027,Cc1ccc(O)cc1O,105,105.0
4910,7028,Cc1cc(O)cc(O)c1,107,107.0
4911,7029,Cc1cc(O)ccc1O,125,125.0
4912,7030,Cc1ccc(S)c(S)c1,29,29.0
4913,7033,Cc1ccccc1CCO,1.0,1.0
4914,7035,Cc1ccccc1CN,-30,30.0
4915,7037,Cc1ccc(CN)cc1,12.5,12.5
4916,7039,CC(O)c1ccccc1,15(2),15.0
4917,7040,Cc1ccccc1CO,38,38.0
4918,7041,Cc1cccc(CO)c1,<-20,20.0
4919,7042,Cc1ccc(CO)cc1,58.72(4),58.72
4920,7045,CC(N)CCc1ccccc1,143,143.0
4921,7046,CC(CC(=O)O)c1ccccc1,46.5,46.5
4922,7048,Cc1ccc(S(=O)O)cc1,86.5,86.5
4923,7049,Cc1ccc(S(=O)Cl)cc1,57,57.0
4924,7050,Cc1ccccc1S(N)(=O)=O,156.3(5),156.3
4925,7051,Cc1ccc(S(N)(=O)=O)cc1,138,138.0
4926,7052,COS(=O)(=O)c1ccccc1,4.5,4.5
4927,7053,Cc1ccccc1S(=O)(=O)O,67.5,67.5
4928,7054,Cc1ccccc1S(=O)(=O)Cl,11(1),11.0
4929,7055,Cc1ccccc1S,15,15.0
4930,7056,Cc1cccc(S)c1,-20,20.0
4931,7057,Cc1ccc(S)cc1,43,43.0
4932,7058,Cn1cnc2ccccc21,66,66.0
4933,7059,Cc1nc2ccccc2[nH]1,178.3(3),178.3
4934,7060,COC(=O)c1ccccc1,-12.35(6),-12.35
4935,7061,COC(=O)c1ccc2c(c1)OCO2,53,53.0
4936,7063,Cc1ccccc1C#N,-10.5(3),-10.5
4937,7064,Cc1cccc(C#N)c1,-23,23.0
4938,7065,Cc1ccc(C#N)cc1,28(1),28.0
4939,7066,Cc1ccc2oc(=O)ccc2c1,76.5,76.5
4940,7067,Cc1ccc2ccc(=O)oc2c1,128,128.0
4941,7069,Cc1ccc2nc(N)sc2c1,142,142.0
4942,7070,Cc1nc2ccccc2s1,14,14.0
4943,7071,Cn1c(=S)sc2ccccc21,90,90.0
4944,7072,Cc1ccc2nc(-c3ccc(N)cc3)sc2c1,194.8,194.8
4945,7073,Cn1nnc2ccccc21,64.5,64.5
4946,7074,Cn1c(=O)oc(=O)c2ccccc21,180,180.0
4947,7075,Cc1nc2ccccc2o1,9.5,9.5
4948,7077,COC(=O)c1ccccc1C(=O)c1ccccc1,52,52.0
4949,7078,Cc1ccc(C(=O)c2ccccc2C(=O)O)cc1,140.2(4),140.2
4950,7080,Cc1cccc(C(=O)Cl)c1,-23,23.0
4951,7081,Cc1ccc(C(=O)Cl)cc1,-1.5,-1.5
4952,7082,COC(=O)c1ccccc1OC(=O)c1ccccc1,85,85.0
4953,7083,CC(N)c1ccccc1,32,32.0
4954,7086,Cc1ccccc1-c1ccccc1,-0.2(1),-0.2
4955,7087,Cc1cccc(-c2ccccc2)c1,4.5(2),4.5
4956,7088,Cc1ccc(-c2ccccc2)cc1,48.1(10),48.1
4957,7089,Cc1ccc(N(c2ccc(C)cc2)c2ccc(C)cc2)cc1,115(1),115.0
4958,7092,COC(=O)c1cccc(Br)c1,32,32.0
4959,7093,COC(=O)c1ccc(Br)cc1,81,81.0
4960,7099,C=C=C(C)C,-113.61(8),-113.61
4961,7100,C=CC(=C)C,-146.1(5),-146.1
4962,7101,CC(C)CC=O,-51,51.0
4963,7102,CC(C)CC(N)=O,137,137.0
4964,7104,CCC(C)(C)N,-105.0(6),-105.0
4965,7105,CC(C)C(C)N,-50,50.0
4966,7108,CC(C)CC#N,-100.8(3),-100.8
4967,7112,CC(C)C(C)S,-127.09(5),-127.09
4968,7113,CCCC(=O)OC,-85.8,-85.8
4969,7114,CCC(C)C(=O)O,<-80,80.0
4970,7115,CC(C)CC(=O)O,-29.6(7),-29.6
4971,7118,CC(C)CCO,-117.2,-117.2
4972,7119,CCC(C)(C)O,-8.7(6),-8.7
4973,7122,CC(=O)C(C)C,-93.13(5),-93.13
4974,7127,C=C(C)CC,-137.53(2),-137.53
4975,7128,C=CC(C)C,-168.41(2),-168.41
4976,7129,CC=C(C)C,-133.72(2),-133.72
4977,7130,CC(=CC(=O)O)C(=O)O,83.2(6),83.2
4978,7133,CC=CC(=O)OC,-42,42.0
4979,7134,CC=C(C)C(=O)O,45.5,45.5
4980,7136,CC(C)=CC(=O)O,69.5,69.5
4981,7139,C=CC(C)(C)O,-41(4),41.0
4982,7141,C=C(C)C(C)=O,-53.6(3),-53.6
4983,7143,CC(C)=CCN=C(N)N,62.5,62.5
4984,7144,C#CC(=C)C,-113,113.0
4985,7151,COC(C)(C)C,-108.6(1),-108.6
4986,7153,C#CC(C)(C)N,18,18.0
4987,7154,C#CC(C)C,-89.7,-89.7
4988,7155,C#CC(C)(C)O,3.0(3),3.0
4989,7156,COC(N)=O,55.4(6),55.4
4990,7157,Cc1ccc2[nH]c3ccccc3c2c1,204(3),204.0
4991,7158,Cn1c2ccccc2c2ccccc21,89.32(3),89.32
4992,7159,COC(=O)CCl,-32.3(6),-32.3
4993,7162,COC(=O)c1cccc(Cl)c1,21,21.0
4994,7163,COC(=O)c1ccc(Cl)cc1,43.5,43.5
4995,7166,COC(=O)c1cc(Cl)ccc1O,50,50.0
4996,7167,COC(=O)c1cc(Cl)ccc1[N+](=O)[O-],48.5,48.5
4997,7170,Cc1ccc2ccc3c4ccccc4ccc3c2c1,171.9(7),171.9
4998,7171,Cc1cc2ccccc2c2ccc3ccccc3c12,117.5(5),117.5
4999,7172,Cc1cc2c3ccccc3ccc2c2ccccc12,159.4(7),159.4
5000,7173,COC(=O)C=Cc1ccccc1,36.5,36.5
5001,7174,Cc1ccccc1C=CC(=O)O,175,175.0
5002,7175,Cc1cccc(C=CC(=O)O)c1,115,115.0
5003,7176,Cc1ccc(C=CC(=O)O)cc1,198.5,198.5
5004,7177,COC#N,-30,30.0
5005,7178,COC(=O)CC#N,-13.1(2),-13.1
5006,7180,CC1CCC1,-161.5,-161.5
5007,7183,CC1=CC(=O)C=CC1=O,68(2),68.0
5008,7184,CC1CCCCC1,-126.6(4),-126.6
5009,7188,CC1(O)CCCCC1,26.2(1),26.2
5010,7195,CC1CCCCC1=O,-13.9(4),-13.9
5011,7196,CC1CCCC(=O)C1,-73.9(5),-73.9
5012,7197,CC1CCC(=O)CC1,-40.6(5),-40.6
5013,7198,CC1=CCCCC1,-120.4(1),-120.4
5014,7199,CC1C=CCCC1,-123(2),123.0
5015,7200,CC1CC=CCC1,-119(3),119.0
5016,7203,CC1=CC(=O)CCC1,-21,21.0
5017,7206,CC1CCCC1,-142.419(2),-142.419
5018,7207,CC1(O)CCCC1,35.4(3),35.4
5019,7209,CC1CCCC1=O,-75(1),75.0
5020,7211,CC1=CCCC1,-126.6(2),-126.6
5021,7213,CC1CC=CC1,-160.8,-160.8
5022,7216,CC1CC1,-177.2(1),-177.2
5023,7218,CC(O)C1CC1,-32.1(6),-32.1
5024,7219,COC(=O)C(N)CS.Cl,140.5,140.5
5025,7220,Cc1cnc(=O)[nH]c1N,270 dec,270.0
5026,7223,CCCCCCCCC(C)C,-48.83(3),-48.83
5027,7224,CCCCCCCC(C)CC,-79.5(5),-79.5
5028,7225,CCCCCCC(C)CCC,-92.8(5),-92.8
5029,7226,CCCCCCCCCC(=O)OC,-12.8(2),-12.8
5030,7229,COC(=O)C(Cl)Cl,-51.9(2),-51.9
5031,7230,COC(=O)c1cc(Cl)ccc1Cl,38,38.0
5032,7231,COC(=O)COc1ccc(Cl)cc1Cl,119,119.0
5033,7232,COC(=O)Nc1ccc(Cl)c(Cl)c1,109.6(5),109.6
5034,7234,C[As](F)F,-29.7,-29.7
5035,7235,CP(F)F,-110,110.0
5036,7236,COC(=O)c1ccc(O)cc1O,116.5,116.5
5037,7237,COC(=O)c1cc(O)cc(O)c1,165,165.0
5038,7238,COC(=O)c1ccc(OC)c(OC)c1,60.8,60.8
5039,7240,Cc1cccc(N=Nc2ccc(N(C)C)cc2)c1,122,122.0
5040,7241,Cc1ccccc1N(C)C,-61(1),61.0
5041,7245,CSB(C)C,-84,84.0
5042,7246,Cc1c(C(N)=O)cc([N+](=O)[O-])cc1[N+](=O)[O-],181,181.0
5043,7247,Cc1cccc([N+](=O)[O-])c1[N+](=O)[O-],56.6(2),56.6
5044,7248,Cc1ccc([N+](=O)[O-])cc1[N+](=O)[O-],69.6(9),69.6
5045,7249,Cc1cc([N+](=O)[O-])cc([N+](=O)[O-])c1,82.7(9),82.7
5046,7250,Cc1c([N+](=O)[O-])cccc1[N+](=O)[O-],63.8(9),63.8
5047,7251,Cc1cc([N+](=O)[O-])ccc1[N+](=O)[O-],52.5,52.5
5048,7252,Cc1ccc([N+](=O)[O-])c([N+](=O)[O-])c1,58.3(9),58.3
5049,7253,Cc1cc([N+](=O)[O-])cc([N+](=O)[O-])c1O,86(1),86.0
5050,7254,Cc1cc([N+](=O)[O-])c(O)c([N+](=O)[O-])c1,85,85.0
5051,7255,CCCCCCCCN(C)CCCCCCCC,-30.1,-30.1
5052,7256,CC1CCOCO1,-44.5,-44.5
5053,7260,CN(c1ccccc1)c1ccccc1,-7.6(3),-7.6
5054,7263,C[Si](O)(c1ccccc1)c1ccccc1,167,167.0
5055,7264,CC(C)(C(=O)c1cccnc1)c1cccnc1,50.5,50.5
5056,7265,CCCCCCCCCCCCCCCCCCCCCC(=O)OC,53.3(4),53.3
5057,7266,CCCCCCCCC=CCCCCCCCCCCCC(=O)OC,-1.1(5),-1.1
5058,7267,CCCCCCCCCCCC(=O)OC,5.1(2),5.1
5059,7268,CCCCCCCCCCC(C)C(=O)O,22,22.0
5060,7269,CCCCCCCCCCCCCCCCCCCC(=O)OC,46.4(3),46.4
5061,7270,C=NCC#N,129,129.0
5062,7271,C=C(C(=O)O)c1ccccc1,106.5,106.5
5063,7274,CC(C)(C)c1cc(Cc2cc(C(C)(C)C)c(O)c(C(C)(C)C)c2)cc(C(C)(C)C)c1O,154,154.0
5064,7277,C=C1CCC1,-134.52(7),-134.52
5065,7278,C=C1CCCCC1,-104.7(1),-104.7
5066,7282,Nc1ccc(Cc2ccccc2N)cc1,88(1),88.0
5067,7283,O=C(O)c1cc(Cc2ccc(O)c(C(=O)O)c2)ccc1O,243.5,243.5
5068,7289,N#CSCSC#N,102,102.0
5069,7290,CC(C(O)c1ccccc1)N(C)C,87.5,87.5
5070,7291,CCC(CO)NC(=O)C1C=C2c3cccc4[nH]cc(c34)CC2N(C)C1,172,172.0
5071,7299,CC(C)=C1C=CC=C1,1(2),1.0
5072,7300,Cc1cccc2c1Cc1ccccc1-2,87,87.0
5073,7301,CC1c2ccccc2-c2ccccc21,45(1),45.0
5074,7302,COS(=O)(=O)F,-95,95.0
5075,7303,CNC=O,-2.5(7),-2.5
5076,7304,COC=O,-99.71(4),-99.71
5077,7305,COC(=O)c1ccc(C=O)cc1,63,63.0
5078,7306,Cc1ccco1,-91.2(9),-91.2
5079,7310,CC1=CC(=O)OC1=O,6(2),6.0
5080,7314,CC1=CCC(=O)O1,18,18.0
5081,7315,CC1C=CC(=O)O1,<-17,17.0
5082,7316,C[GeH3],-158,158.0
5083,7317,COC1OC(CO)C(O)C(O)C1O,163.8(4),163.8
5084,7320,Cn1cnc2nc(N)[nH]c(=O)c21,370,370.0
5085,7321,CCCCCCCCCCCCCCCCC(=O)OC,29.9(3),29.9
5086,7322,COC(=O)C(F)(F)C(F)(F)C(F)(F)F,-81.7(3),-81.7
5087,7325,CCCCCC(C)C,-109(4),109.0
5088,7326,CCCCC(C)CC,-120.48(9),-120.48
5089,7327,CCCC(C)CCC,-121.0(1),-121.0
5090,7328,CCCCCCC(=O)OC,-55.7(3),-55.7
5091,7330,CCCCC(C)CCO,-90,90.0
5092,7333,CC(C)CCCCCO,-106,106.0
5093,7334,CCCCCC(C)(C)O,-50.4,-50.4
5094,7336,CCCC(C)CC(C)O,-102,102.0
5095,7337,CCC(C)CCC(C)O,-61,61.0
5096,7338,CC(C)CCCC(C)O,-105,105.0
5097,7340,CCCCC(C)(O)CC,-83,83.0
5098,7341,CCCC(C)C(O)CC,-123,123.0
5099,7342,CCC(C)CC(O)CC,-91.2,-91.2
5100,7344,CCCC(O)CC(C)C,-81,81.0
5101,7346,CCCC(C)(O)CCC,-82,82.0
5102,7352,C=C(C)CCCCC,-90.1(2),-90.1
5103,7358,CC(=O)CCC=C(C)C,173.5,173.5
5104,7360,CCCCCCCCCCCCCCCC(=O)OC,29.6(5),29.6
5105,7361,C=CCCC(=C)C,-128.9(4),-128.9
5106,7362,CC=CC=CC(=O)OC,15,15.0
5107,7367,CCCCC(C)C,-118.23(4),-118.23
5108,7368,CCCC(C)CC,-119.4,-119.4
5109,7369,COC(=O)CCCCC(=O)O,9,9.0
5110,7371,CCCCCC(=O)OC,-70(2),70.0
5111,7382,C=C(C)CCCC,-102.82(9),-102.82
5112,7384,C=CCC(C)CC,-141.47(9),-141.47
5113,7386,CCCC=C(C)C,-130.36(9),-130.36
5114,7387,CC=C(C)CCC,-118.5,-118.5
5115,7389,CC=CC(C)CC,-125.70(9),-125.7
5116,7391,CC=CCC(C)C,-124.3(2),-124.3
5117,7393,CCC=CC(C)C,-141.6,-141.6
5118,7399,C#CCCC(C)C,-124.6(5),-124.6
5119,7400,CC#CCC(C)C,-92.6(2),-92.6
5120,7401,CCC#CC(C)C,-116.7(4),-116.7
5121,7403,Cn1cnc(CC(N)C(=O)O)c1,249,249.0
5122,7404,Cn1cncc1CC(N)C(=O)O,250,250.0
5123,7405,CNN,-52.3(1),-52.3
5124,7406,COC(=O)NN,73,73.0
5125,7407,COC(=O)CCC(=O)O,58,58.0
5126,7408,COO,-72,72.0
5127,7410,COC(=O)c1cccc(O)c1,73,73.0
5128,7411,COC(=O)c1ccc(O)cc1,125.2(5),125.2
5129,7412,COC(=O)C(O)(c1ccccc1)c1ccccc1,75.8,75.8
5130,7414,CON.Cl,150.0,150.0
5131,7415,COC(=O)c1ccc(O)c(OC)c1,64,64.0
5132,7416,COC(=O)c1cccc(C)c1O,29,29.0
5133,7417,COC(=O)c1cc(C)ccc1O,-1,1.0
5134,7419,COC(=O)c1cc2ccccc2cc1O,75.5,75.5
5135,7420,COC(=O)C(O)c1ccccc1,58,58.0
5136,7421,Cn1ccnc1,-6,6.0
5137,7422,Cc1ncc[nH]1,145.9(2),145.9
5138,7423,Cc1cnc[nH]1,56,56.0
5139,7424,CN(CC(=O)O)CC(=O)O,226,226.0
5140,7426,CC1=Cc2ccccc2C1,80,80.0
5141,7429,Cc1cc2ccccc2[nH]1,58.6(4),58.6
5142,7430,Cc1c[nH]c2ccccc12,95.1(6),95.1
5143,7431,Cc1ccc2[nH]ccc2c1,61(2),61.0
5144,7432,Cc1cccc2cc[nH]c12,83(2),83.0
5145,7434,COC(=O)c1cccc(I)c1,54.5,54.5
5146,7435,COC(=O)c1ccc(I)cc1,114.8,114.8
5147,7436,Cc1ccc2c(c1)C(=O)OC2=O,93.0,93.0
5148,7437,COC(=O)C(C)C,-84.6(3),-84.6
5149,7438,CN=C=O,-45,45.0
5150,7439,CN1C(=O)c2ccccc2C1=O,134,134.0
5151,7441,Cc1nccc2ccccc12,10,10.0
5152,7442,Cc1cc2ccccc2cn1,63.4(4),63.4
5153,7443,CN=C=S,36,36.0
5154,7444,Cc1cc(N)no1,62,62.0
5155,7450,CC(C(=O)O)C(=O)O,134(1),134.0
5156,7453,C[Hg]N=C(N)NC#N,157,157.0
5157,7454,C=C(C)C(=O)OC,-47.55(2),-47.55
5158,7455,COS(C)(=O)=O,20,20.0
5159,7459,COC(=O)c1ccc(OC)cc1,49,49.0
5160,7460,CNc1c(OC)cccc1C(=O)OC,28,28.0
5161,7463,CNc1ccccc1C(=O)OC,19,19.0
5162,7464,COC(=O)c1ccccc1C,-44.38(4),-44.38
5163,7466,COC(=O)c1ccc(C)cc1,33.35(4),33.35
5164,7468,COC(=O)C=C(C)C,114,114.0
5165,7474,CC(=O)N(C)c1ccccc1C,55.5,55.5
5166,7475,Cc1ccc(Nc2ccc(C)cc2)cc1,79(1),79.0
5167,7476,Cc1ccccc1-n1c(C)nc2ccccc2c1=O,120,120.0
5168,7478,C=C(C)c1ccc(C)cc1,-20,20.0
5169,7479,C=C(C)C1CCC(C)(O)CC1,32.5,32.5
5170,7480,C=C(C)C1CCC(C)CC1O,78,78.0
5171,7481,C=C(C)C1CCC(C)CC1OC(C)=O,85,85.0
5172,7483,CN1CCOCC1,-64.40,-64.4
5173,7485,Cc1cccc2ccccc12,-30.43(7),-30.43
5174,7486,Cc1ccc2ccccc2c1,34.6(4),34.6
5175,7487,COC(=O)c1cccc2ccccc12,59.5,59.5
5176,7488,COC(=O)c1ccc2ccccc2c1,76.8(5),76.8
5177,7489,CC(=O)Oc1cc(C)c(OC(C)=O)c2ccccc12,113,113.0
5178,7490,CC1=CC(=O)c2ccccc2C1=O,103(1),103.0
5179,7491,CNc1cccc2ccccc12,174,174.0
5180,7492,CO[N+](=O)[O-],-82.9(5),-82.9
5181,7493,CON=O,-16(2),16.0
5182,7495,Cc1c(N)cccc1[N+](=O)[O-],92,92.0
5183,7496,Cc1cc([N+](=O)[O-])ccc1N,128(1),128.0
5184,7497,Cc1ccc([N+](=O)[O-])cc1N,105.5,105.5
5185,7498,Cc1cccc([N+](=O)[O-])c1N,96(1),96.0
5186,7499,Cc1ccc(N)c([N+](=O)[O-])c1,117(1),117.0
5187,7500,Cc1ccc(N)cc1[N+](=O)[O-],78(1),78.0
5188,7501,CNc1ccccc1[N+](=O)[O-],38,38.0
5189,7502,CNc1ccc([N+](=O)[O-])cc1,152(1),152.0
5190,7503,Cc1ccc2c(c1[N+](=O)[O-])C(=O)c1ccccc1C2=O,273.0,273.0
5191,7504,Cc1ccc([N+](=O)[O-])cc1S(=O)(=O)O,135.8,135.8
5192,7505,COC(=O)c1ccccc1[N+](=O)[O-],-13,13.0
5193,7506,COC(=O)c1cccc([N+](=O)[O-])c1,78(1),78.0
5194,7507,COC(=O)c1ccc([N+](=O)[O-])cc1,96,96.0
5195,7508,Cc1ncc([N+](=O)[O-])[nH]1,253,253.0
5196,7509,CN(C)[N+](=O)[O-],56(1),56.0
5197,7510,Cc1ccc2ccccc2c1[N+](=O)[O-],81.5,81.5
5198,7512,Cc1cc(O)ccc1[N+](=O)[O-],127.8(2),127.8
5199,7513,Cc1ccc(O)c([N+](=O)[O-])c1,36.5,36.5
5200,7515,CC(C)(C)[N+](=O)[O-],26.2(2),26.2
5201,7516,CC(CO)(CO)[N+](=O)[O-],150.7(5),150.7
5202,7517,CC(C)(CO)[N+](=O)[O-],88.5(5),88.5
5203,7518,Cc1c[n+]([O-])c2ccccc2c1[N+](=O)[O-],179,179.0
5204,7519,CN(N=O)c1ccccc1,14.7,14.7
5205,7520,CN(N=O)C(N)=O,123 dec,123.0
5206,7521,CCCCCCCCCCCCCCCCCCC(=O)OC,38.3(6),38.3
5207,7522,CCCCCCCC(C)C,-74.3(2),-74.3
5208,7523,CCCCCCC(C)CC,-84.7(2),-84.7
5209,7524,CCCCCC(C)CCC,-98.4(2),-98.4
5210,7525,CCCCC(C)CCCC,-86.408(10),-86.408
5211,7528,C=C(C)CCCCCCC,-64.2,-64.2
5212,7530,CCCCCC=CCC=CCCCCCCCC(=O)OC,-36.6(5),-36.6
5213,7531,CCCCCCCCCCCCCCCCCC(=O)OC,38.7(6),38.7
5214,7532,CCC=CCC=CCC=CCCCCCCCC(=O)OC,-49(4),49.0
5215,7533,CCCCCCCCC=CCCCCCCCC(=O)OC,-19.7(5),-19.7
5216,7535,CCCCCCC(C)C,-80.3(3),-80.3
5217,7536,CCCCCC(C)CC,-108.0(2),-108.0
5218,7537,CCCCC(C)CCC,-116(5),116.0
5219,7538,CCCCCCCC(=O)OC,-36.9(4),-36.9
5220,7543,C=C(C)CCCCCC,-77.8(3),-77.8
5221,7555,CC1CO1,-111.9,-111.9
5222,7556,CC(C)C(=O)C(=O)O,31.5,31.5
5223,7557,CCCCCCCCCCCC(=O)N(C)CC(=O)O,44.5,44.5
5224,7559,CC(C)CC(=O)C(=O)O,10,10.0
5225,7561,COP(=S)(OC)Oc1ccc([N+](=O)[O-])cc1,35.8(4),35.8
5226,7562,CSc1c(Cl)c(Cl)c(Cl)c(Cl)c1Cl,95.5,95.5
5227,7563,CCCCCCCCCCCCCCC(=O)OC,19(2),19.0
5228,7564,C=CC(C)=CC,-117.6,-117.6
5229,7567,COC(F)(F)C(F)(F)F,-23.15,-23.15
5230,7570,CCCC(C)C,-153.60(9),-153.6
5231,7571,CCC(C)CC,-162.89(5),-162.89
5232,7572,CC(C#N)CCC#N,-45,45.0
5233,7573,CC(CC(=O)O)CC(=O)O,87,87.0
5234,7574,CC(O)CC(C)(C)O,-50,50.0
5235,7575,CC(C)CCC#N,-51.1(4),-51.1
5236,7579,CCC(C)CC(=O)O,-41.6(8),-41.6
5237,7580,CC(C)CCC(=O)O,-33,33.0
5238,7584,CCCC(C)(C)O,-103,103.0
5239,7586,CC(C)CC(C)O,-90,90.0
5240,7588,CCC(C)(O)CC,-23.6(3),-23.6
5241,7591,CC(=O)CC(C)C,-85(2),85.0
5242,7595,C=C(C)CCC,-135.7(4),-135.7
5243,7596,C=CC(C)CC,-154.5(5),-154.5
5244,7597,C=CCC(C)C,-153.9(2),-153.9
5245,7598,CCC=C(C)C,-135.0(2),-135.0
5246,7599,CC=C(C)CC,-135.1(7),-135.1
5247,7601,CC=CC(C)C,-134.8,-134.8
5248,7603,CCC=C(C)C(=O)O,24.4,24.4
5249,7604,CC(C)C=CC(=O)O,35,35.0
5250,7607,C=C(C)CC(C)=O,-72.6(3),-72.6
5251,7614,CCCCCc1ccc(C)cc1O,24,24.0
5252,7615,CCCCCSC,-94,94.0
5253,7617,C#CCC(C)C,-105.3(4),-105.3
5254,7618,CC#CC(C)C,-110.3(4),-110.3
5255,7619,C#CC(C)(O)CC,30.5,30.5
5256,7621,Cc1cccc2c1ccc1ccccc12,123,123.0
5257,7622,Cc1ccc2ccc3ccccc3c2c1,65,65.0
5258,7623,Cc1cccc2ccc3ccccc3c12,51.76(5),51.76
5259,7625,CN1c2ccccc2Sc2ccccc21,101,101.0
5260,7626,CN1c2ccccc2Sc2ccc(CC(=O)O)cc21,144,144.0
5261,7630,Cc1ccccc1OCC(O)CO,70 dec,70.0
5262,7631,CC(=O)Nc1ccccc1C,110(1),110.0
5263,7632,CC(=O)Nc1cccc(C)c1,65.5,65.5
5264,7633,CC(=O)N(C)c1ccccc1,103,103.0
5265,7635,CC(=O)Oc1cccc(C)c1,12,12.0
5266,7640,Cc1cccc(Nc2ccccc2)c1,30,30.0
5267,7641,Cc1ccc(NC(=O)c2ccccc2)cc1,158,158.0
5268,7643,Cc1ccc(C(O)c2ccccc2)cc1,53(2),53.0
5269,7645,Cc1ccc(S(=O)(=O)Nc2ccccc2)cc1,103.5,103.5
5270,7646,Cc1ccc(OC(=O)c2ccccc2)cc1,71.5,71.5
5271,7647,CN1CCC(N(Cc2ccccc2)c2ccccc2)CC1,115,115.0
5272,7648,CCC(C(=O)OC)c1ccccc1,77.5,77.5
5273,7650,CC(=Cc1ccccc1)CC(N)=O,133,133.0
5274,7651,CN(C(=O)Cl)c1ccccc1,88.5,88.5
5275,7654,CC(C)(c1ccccc1)c1ccc(O)cc1,73.2(2),73.2
5276,7655,CN(C=O)c1ccccc1,14.5,14.5
5277,7656,Cc1ccccc1NC=O,62,62.0
5278,7657,CC(C)CC(=O)C=Cc1ccccc1,43,43.0
5279,7659,CN1C(=O)NC(c2ccccc2)C1=O,164.5,164.5
5280,7661,Cc1ccc(N=Cc2ccccc2)cc1,35,35.0
5281,7664,CC(=O)CC(=O)Nc1ccccc1C,107.5,107.5
5282,7665,CC(=O)CC(=O)Nc1ccc(C)cc1,95,95.0
5283,7666,Cc1ccccc1C(=O)c1ccccc1,<-18,18.0
5284,7667,Cc1cccc(C(=O)c2ccccc2)c1,2,2.0
5285,7668,Cc1ccc(C(=O)c2ccccc2)cc1,54(2),54.0
5286,7670,CC(C)C(=O)c1ccccc1,-0.7,-0.7
5287,7671,CCC(=O)c1ccc(C)cc1,7.2,7.2
5288,7673,COC(=O)C#Cc1ccccc1,18(1),18.0
5289,7674,Cc1cc(N)n(-c2ccccc2)n1,116,116.0
5290,7676,CC1(c2ccccc2)C(=O)NC(=O)NC1=O,220,220.0
5291,7677,CN1C(=O)CC(c2ccccc2)C1=O,72,72.0
5292,7679,CS(=O)(=O)c1ccccc1,88(3),88.0
5293,7680,Cc1ccc(Sc2ccccc2)cc1,15.7,15.7
5294,7681,Cc1ccccc1NC(N)=S,162,162.0
5295,7682,CNC(=S)Nc1ccccc1,112.5,112.5
5296,7685,CP(=O)(O)O,108.5,108.5
5297,7687,CC(C)OP(C)(=O)F,-57,57.0
5298,7688,COP(Cl)Cl,-91,91.0
5299,7690,CC1CNCCN1,62,62.0
5300,7691,CN1CCCCC1,-102.7,-102.7
5301,7692,CC1CCCCN1,-2.5,-2.5
5302,7693,CC1CCCNC1,-27.2(3),-27.2
5303,7696,CN1CCC(O)CC1,29,29.0
5304,7699,CC1CC2C(C(O)CC3(C)C2CCC3(O)C(=O)CO)C2(C)C=CC(=O)C=C12,232,232.0
5305,7700,CC(C)C(N)=O,127.1(4),127.1
5306,7701,CCC(=O)NC,-30.9,-30.9
5307,7704,CC(CO)CO,-91,91.0
5308,7705,CC(C)C#N,-71.5(4),-71.5
5309,7706,CC(C)CS,-144.84(6),-144.84
5310,7707,CC(C)(C)S,1.27(6),1.27
5311,7708,CCC(=O)OC,-87.5(5),-87.5
5312,7709,CC(C)C(=O)O,-46(1),46.0
5313,7710,CC(C)C(=O)OC(=O)C(C)C,-53.5,-53.5
5314,7711,CC(C)CO,-101.96(1),-101.96
5315,7712,CC(C)(C)O,25.81(4),25.81
5316,7713,CC(C)C(=O)Cl,-90.0(7),-90.0
5317,7715,C=C(C)C(N)=O,112.0(4),112.0
5318,7718,CC(C)CC(C)(C)CC(C)(C)CC(C)(C)C,-98,98.0
5319,7720,C=C(C)C(=O)Cl,-60,60.0
5320,7722,CC=C(C)c1ccccc1,-23.5(3),-23.5
5321,7723,CC(C)=Cc1ccccc1,-51.0(2),-51.0
5322,7724,CC(C)=CN1CCOCC1,120,120.0
5323,7727,CCCc1ccccc1C,-60.3(2),-60.3
5324,7728,CCCc1cccc(C)c1,-82.5(2),-82.5
5325,7729,CCCc1ccc(C)cc1,-63.7(2),-63.7
5326,7731,CCCC1CCCC1C,-123(2),123.0
5327,7735,CCCC(C)(CO)CO,62.5,62.5
5328,7736,CCCC(C)(COC(N)=O)COC(N)=O,105(3),105.0
5329,7737,CCCSC,-112.96(6),-112.96
5330,7740,Cc1nccnc1N,174,174.0
5331,7743,Cc1ccn[nH]1,36.5,36.5
5332,7745,CC1=NNC(=O)C1,215,215.0
5333,7746,Cc1ccc2ccc3cccc4ccc1c2c34,74(2),74.0
5334,7747,Cc1cc2ccc3cccc4ccc(c1)c2c34,143,143.0
5335,7748,Cc1cccnn1,184,184.0
5336,7749,Cc1cccnc1N,33.5,33.5
5337,7750,Cc1ccnc(N)c1,100,100.0
5338,7751,Cc1ccc(N)nc1,77.3(2),77.3
5339,7752,Cc1cccc(N)n1,41,41.0
5340,7753,CNc1ccccn1,15,15.0
5341,7754,CNc1ccncc1,118.8,118.8
5342,7757,Cc1ccncc1,3.68(2),3.68
5343,7758,Cc1cccc(C=O)n1,32,32.0
5344,7759,COC(=O)c1cccnc1,39.5(4),39.5
5345,7760,COC(=O)c1ccncc1,10.2(9),10.2
5346,7761,Cc1cccc[n+]1[O-],49.8(5),49.8
5347,7762,Cc1ccc[n+]([O-])c1,41.0(5),41.0
5348,7763,Cc1cc[n+]([O-])cc1,185.8,185.8
5349,7764,Cn1ccccc1=O,31,31.0
5350,7765,CC(=O)c1ccc(C)nc1,17.6,17.6
5351,7766,Cc1ccnc(N)n1,160.3,160.3
5352,7767,Cc1ncccn1,-4,4.0
5353,7768,Cc1ccncn1,32,32.0
5354,7769,Cc1cncnc1,30.5,30.5
5355,7770,Cc1cc(=O)[nH]c(=O)[nH]1,275 dec,275.0
5356,7771,Cn1cccc1,-56.23(1),-56.23
5357,7772,Cc1ccc[nH]1,-35.6(4),-35.6
5358,7773,Cc1cc[nH]c1,-48.4,-48.4
5359,7775,CN1C(=O)CCC1=O,71,71.0
5360,7777,CC1CCC(=O)N1,43,43.0
5361,7778,CN1CCCC1=O,-24.0(6),-24.0
5362,7782,Cc1cc(N)c2ncccc2c1,73,73.0
5363,7783,Cc1ccc2ccccc2n1,-2.67(5),-2.67
5364,7784,Cc1cnc2ccccc2c1,16.5,16.5
5365,7785,Cc1ccnc2ccccc12,9.5(3),9.5
5366,7786,Cc1cccc2ncccc12,19,19.0
5367,7787,Cc1ccc2ncccc2c1,-22,22.0
5368,7788,Cc1ccc2cccnc2c1,39(2),39.0
5369,7789,Cc1cccc2cccnc12,-80,80.0
5370,7790,Cc1ccc2cccc(O)c2n1,73.8,73.8
5371,7791,Cn1c(=O)ccc2ccccc21,74,74.0
5372,7792,Cn1ccc(=O)c2ccccc21,152,152.0
5373,7793,Cc1cnc2ccccc2n1,180.5,180.5
5374,7794,CN(C)c1ccc(N=Nc2ccccc2C(=O)O)cc1,183,183.0
5375,7795,COC1OC(CO)C(O)C1O,80,80.0
5376,7796,COC(=O)c1ccccc1O,-8.5(5),-8.5
5377,7797,C[SiH3],-156.5,-156.5
5378,7798,CO[Si](OC)(OC)OC,-1.0,-1.0
5379,7799,CO[SiH3],-98.5,-98.5
5380,7801,C=Cc1ccccc1C,-68.5(3),-68.5
5381,7802,C=Cc1cccc(C)c1,-86.3(3),-86.3
5382,7803,C=Cc1ccc(C)cc1,-37.8(4),-37.8
5383,7804,CC(CC(=O)O)C(=O)O,114(4),114.0
5384,7805,CC1CC(=O)OC1=O,36.8(8),36.8
5385,7806,COS(=O)(=O)O,<-30,30.0
5386,7807,CS(=O)c1ccccc1,32.0,32.0
5387,7808,CCCCCCCCCCS(C)=O,52.5,52.5
5388,7809,CC1CCS(=O)(=O)C1,1,1.0
5389,7811,COC(=O)c1ccc(C(=O)O)cc1,219.4(4),219.4
5390,7812,CC12CCC(=O)C=C1CCC1C2CCC2(C)C1CCC2(C)O,163.5,163.5
5391,7813,CCCCCCCCCCCCCC(=O)OC,19.0(5),19.0
5392,7816,CN(c1c([N+](=O)[O-])cc([N+](=O)[O-])cc1[N+](=O)[O-])[N+](=O)[O-],128(3),128.0
5393,7817,Cc1csc(N)n1,45.5,45.5
5394,7821,Cc1csc(=S)[nH]1,89.3,89.3
5395,7822,CC1CS1,-91,91.0
5396,7823,CSCC(=O)O,13.0,13.0
5397,7827,CSc1nc2ccccc2s1,52,52.0
5398,7828,CSC#N,-2.5,-2.5
5399,7831,CSCc1ccccc1,-30,30.0
5400,7833,Cc1cccs1,-63.3(2),-63.3
5401,7834,Cc1ccsc1,-68.91(6),-68.91
5402,7836,CSc1ccc(O)cc1,84,84.0
5403,7838,CSCCC(=O)O,21,21.0
5404,7840,CNC(=S)NN,136.5,136.5
5405,7841,Cc1cc(=O)[nH]c(=S)[nH]1,330 dec,330.0
5406,7842,CNC(N)=S,119.2(4),119.2
5407,7843,Cc1cn(C)c(=O)[nH]c1=O,295,295.0
5408,7845,COS(=O)(=O)c1ccc(C)cc1,24.1(2),24.1
5409,7846,CC(=O)O[Si](C)(OC(C)=O)OC(C)=O,40.5,40.5
5410,7847,Cc1n[nH]c(=O)[nH]c1=O,211,211.0
5411,7848,Cc1cc(=O)n2[nH]cnc2n1,>245,245.0
5412,7849,COC(=O)C(Cl)(Cl)Cl,-17.5(4),-17.5
5413,7850,CCCCCCCCCCCCC(=O)OC,5.9(7),5.9
5414,7853,COC(F)(F)F,-149.15,-149.15
5415,7854,COC(=O)c1cc(O)c(O)c(O)c1,202,202.0
5416,7855,COC(=O)c1cc(OC)c(OC)c(OC)c1,83,83.0
5417,7857,COP(=S)(OC)SCSc1ccc(Cl)cc1,-18,18.0
5418,7858,CNC(Cc1c[nH]c2ccccc12)C(=O)O,295 dec,295.0
5419,7859,CNC(Cc1ccc(O)cc1)C(=O)O,293,293.0
5420,7860,COC(=O)C(C)(N)Cc1ccc(O)cc1.Cl,190 dec,190.0
5421,7862,CCCCCCCCCC(C)C,-46.8(2),-46.8
5422,7863,CCCCCCCCC(C)CC,-58.0(5),-58.0
5423,7866,C=CCCCCCCCCC(=O)OC,-27.5,-27.5
5424,7867,CNC(N)=O,101.3(8),101.3
5425,7868,Cc1cn(C2OC(CO)C(O)C2O)c(=O)[nH]c1=O,184,184.0
5426,7869,CC(C)(C)C(N)C(=O)O,248 dec,248.0
5427,7875,C=C(C)C1CC1,-102.3(1),-102.3
5428,7876,C=COC,-122,122.0
5429,7877,CNc1ccc([C+](c2ccc(N(C)C)cc2)c2ccc(N(C)C)cc2)cc1,137 dec,137.0
5430,7878,CCC(CO)NC(=O)C1C=C2c3cccc4c3c(cn4C)CC2N(C)C1,195,195.0
5431,7879,COC1=CC(=O)OC(C=Cc2ccc3c(c2)OCO3)C1,137,137.0
5432,7880,CON(C)C(=O)Nc1ccc(Br)cc1,95.9(4),95.9
5433,7882,Cc1ccccc1N1C(=O)c2cc(S(N)(=O)=O)c(Cl)cc2NC1C,254,254.0
5434,7883,COCCc1ccc(OCC(O)CNC(C)C)cc1.COCCc1ccc(OCC(O)CNC(C)C)cc1.O=C(O)C(O)C(O)C(=O)O,121,121.0
5435,7884,CSc1nnc(C(C)(C)C)c(=O)n1N,126.8(5),126.8
5436,7885,Cc1ncc([N+](=O)[O-])n1CCO,160.5,160.5
5437,7886,COC(=O)c1ccccc1S(=O)(=O)NC(=O)Nc1nc(C)nc(OC)n1,163,163.0
5438,7887,COC(=O)C=C(C)OP(=O)(OC)OC,21,21.0
5439,7888,CNC(=O)Oc1cc(C)c(N(C)C)c(C)c1,88.9(5),88.9
5440,7889,CCCCC(CC)CN1C(=O)C2C3C=CC(C3)C2C1=O,<-20,20.0
5441,7890,CC#CC1(O)CCC2C3CCC4=CC(=O)CCC4=C3C(c3ccc(N(C)C)cc3)CC21C,150,150.0
5442,7891,NC(Cn1ccc(=O)c(O)c1)C(=O)O,228 dec,228.0
5443,7893,N=c1nc(N2CCCCC2)cc(N)n1O,248,248.0
5444,7894,CC(C)NP(=O)(F)NC(C)C,65,65.0
5445,7895,ClC1(Cl)C2(Cl)C3(Cl)C4(Cl)C(Cl)(Cl)C5(Cl)C3(Cl)C1(Cl)C5(Cl)C24Cl,485 dec,485.0
5446,7897,COC(C(=O)C(O)C(C)O)C1Cc2cc3cc(OC4CC(OC5CC(O)C(O)C(C)O5)C(O)C(C)O4)c(C)c(O)c3c(O)c2C(=O)C1OC1CC(OC2CC(OC3CC(C)(O)C(O)C(C)O3)C(O)C(C)O2)C(O)C(C)O1,182,182.0
5447,7898,COC1=C(C)C(=O)C2=C(C1=O)C(COC(N)=O)C1(OC)C3NC3CN21,160 dec,160.0
5448,7900,COC12C(COC(N)=O)C3=C(C(=O)C(C)=C(N)C3=O)N1CC1NC12,360,360.0
5449,7901,Clc1ccc(C(c2ccccc2Cl)C(Cl)Cl)cc1,76.2(3),76.2
5450,7902,CCC1CN2CCc3c([nH]c4cccc(OC)c34)C2CC1C(=COC)C(=O)OC,104,104.0
5451,7904,CCc1c(C)[nH]c2c1C(=O)C(CN1CCOCC1)CC2,180,180.0
5452,7905,[C-]#[O+].[C-]#[O+].[C-]#[O+].[C-]#[O+].[C-]#[O+].[C-]#[O+].[Mo],148,148.0
5453,7906,CCCCOC(=O)c1ccccc1C(=O)O,73.5,73.5
5454,7907,CCCC[Sn](Cl)(Cl)Cl,-63,63.0
5455,7908,CC1C(=O)OC2CCN3CC=C(COC(=O)C(C)(O)C1(C)O)C23,198 dec,198.0
5456,7909,CNC(=O)C=C(C)OP(=O)(OC)OC,55.3(4),55.3
5457,7910,CON(C)C(=O)Nc1ccc(Cl)cc1,80.8(5),80.8
5458,7913,O=C1c2ccccc2N(C(=O)CN2CCOCC2)CN1c1ccccc1,136,136.0
5459,7914,O=c1c(O)c(-c2ccc(O)cc2O)oc2cc(O)cc(O)c12,303.5,303.5
5460,7915,CN1CCC23c4c5ccc(O)c4OC2C(O)C=CC3C1C5,255,255.0
5461,7917,C1COCCN1,-4.8(2),-4.8
5462,7918,O=CN1CCOCC1,21,21.0
5463,7919,NCCN1CCOCC1,25.6,25.6
5464,7920,OCCN1CCOCC1,1.2(4),1.2
5465,7921,NCCCN1CCOCC1,-15,15.0
5466,7922,c1ccc2sc(SN3CCOCC3)nc2c1,86.7(7),86.7
5467,7923,Nc1ccc(N2CCOCC2)cc1,131.6,131.6
5468,7924,c1ccc2sc(SSN3CCOCC3)nc2c1,135,135.0
5469,7925,CC(=O)OC1CC2C3CC=C4CC(O)CCC4(C)C3CCC2(C)C1C(C)C1CCC(C)CN1,210,210.0
5470,7927,NCc1cc(=O)[nH]o1,175 dec,175.0
5471,7928,CCCCC(C#N)(Cn1cncn1)c1ccc(Cl)cc1,65,65.0
5472,7929,COc1c(C)c2c(c(O)c1CC=C(C)CCC(=O)O)C(=O)OC2,141,141.0
5473,7931,C=CCc1cc(OC)c2c(c1)OCO2,<-20,20.0
5474,7933,CC(C)(C)NCC(O)COc1cccc2c1CC(O)C(O)C2,≈130,130.0
5475,7934,COP(=O)(OC)OC(Br)C(Cl)(Cl)Br,27,27.0
5476,7935,CCn1cc(C(=O)O)c(=O)c2ccc(C)nc21,229.5,229.5
5477,7936,C=C1CCC2(O)C3Cc4ccc(O)c5c4C2(CCN3CC2CC2)C1O5,189,189.0
5478,7937,C=CCN1CCC23c4c5ccc(O)c4OC2C(O)C=CC3C1C5,208,208.0
5479,7938,C=CCN1CCC23c4c5ccc(O)c4OC2C(=O)CCC3(O)C1C5,178,178.0
5480,7939,O=C1CCC2(O)C3Cc4ccc(O)c5c4C2(CCN3CC2CC2)C1O5,169,169.0
5481,7940,CC12CCC3C4CCC(=O)C=C4CCC3C1CCC2O,112,112.0
5482,7942,c1ccc2cc3cc4ccccc4cc3cc2c1,354(4),354.0
5483,7943,O=C1c2ccccc2C(=O)c2cc3ccccc3cc21,294(1),294.0
5484,7946,O=C(O)Cc1cccc2ccccc12,132.8(5),132.8
5485,7947,O=C(O)Cc1ccc2ccccc2c1,142(1),142.0
5486,7948,N#CCc1cccc2ccccc12,32.5,32.5
5487,7949,N#Cc1cccc2ccccc12,35(2),35.0
5488,7950,N#Cc1ccc2ccccc2c1,59(2),59.0
5489,7951,O=C(Cl)c1cccc2ccccc12,20,20.0
5490,7952,O=C(Cl)c1ccc2ccccc2c1,51,51.0
5491,7953,O=Cc1cccc2ccccc12,33.5,33.5
5492,7954,O=Cc1ccc2ccccc2c1,62,62.0
5493,7955,O=C(O)c1cccc2ccccc12,160.8(8),160.8
5494,7956,O=C(O)c1ccc2ccccc2c1,185(1),185.0
5495,7957,Cc1cc(N=Nc2c([O-])c(C(=O)O)cc3ccccc23)c(S(=O)(=O)[O-])cc1Cl.[Ca+2],211,211.0
5496,7958,Nc1cccc2c(N)cccc12,189(2),189.0
5497,7959,Nc1cccc2cccc(N)c12,66.7(5),66.7
5498,7960,Nc1cc2ccccc2cc1N,199,199.0
5499,7961,O=C(O)c1cccc2cccc(C(=O)O)c12,260,260.0
5500,7962,O=C(O)c1cc2ccccc2cc1C(=O)O,244.5,244.5
5501,7963,O=C(O)c1ccc2cc(C(=O)O)ccc2c1,>300 dec,300.0
5502,7964,COC(=O)c1ccc2cc(C(=O)OC)ccc2c1,191.3(4),191.3
5503,7965,O=C=Nc1cccc2c(N=C=O)cccc12,127,127.0
5504,7966,Oc1cc(O)c2ccccc2c1,123.5,123.5
5505,7967,Oc1ccc(O)c2ccccc12,192,192.0
5506,7968,Oc1cccc2c(O)cccc12,262 dec,262.0
5507,7969,Oc1ccc2c(O)cccc2c1,138,138.0
5508,7970,Oc1ccc2cccc(O)c2c1,180.5,180.5
5509,7971,Oc1cc2ccccc2cc1O,163.5,163.5
5510,7972,Oc1ccc2cc(O)ccc2c1,220,220.0
5511,7973,Oc1ccc2ccc(O)cc2c1,193,193.0
5512,7974,O=C1C=Cc2ccccc2C1=O,146,146.0
5513,7975,O=C1C=CC(=O)c2ccccc21,125.3(5),125.3
5514,7976,O=S(=O)(O)c1cccc2c(S(=O)(=O)O)cccc12,242 dec,242.0
5515,7977,O=S(=O)(O)c1ccc2c(S(=O)(=O)O)cccc2c1,125 dec,125.0
5516,7978,O=S(=O)(O)c1ccc2ccc(S(=O)(=O)O)cc2c1,199,199.0
5517,7980,OCc1cccc2ccccc12,64,64.0
5518,7981,OCc1ccc2ccccc2c1,81.3,81.3
5519,7982,O=S(=O)(O)c1cccc2ccccc12,140,140.0
5520,7983,O=S(=O)(O)c1ccc2ccccc2c1,91,91.0
5521,7984,O=S(=O)(Cl)c1cccc2ccccc12,68,68.0
5522,7985,O=S(=O)(Cl)c1ccc2ccccc2c1,81,81.0
5523,7986,O=C(O)c1ccc(C(=O)O)c2c(C(=O)O)ccc(C(=O)O)c12,320,320.0
5524,7988,Sc1ccc2ccccc2c1,81,81.0
5525,7989,CC(=O)Nc1cccc2ccccc12,160,160.0
5526,7990,Cl.Cl.NCCNc1cccc2ccccc12,189,189.0
5527,7991,NC(=S)Nc1cccc2ccccc12,198,198.0
5528,7992,O=C1OC(=O)c2cc3ccccc3cc21,246,246.0
5529,7993,Oc1cccc2ccccc12,95.1(6),95.1
5530,7994,Oc1ccc2ccccc2c1,122(1),122.0
5531,7995,CC(=O)Oc1cccc2ccccc12,46.0(4),46.0
5532,7996,CC(=O)Oc1ccc2ccccc2c1,69.0(5),69.0
5533,7997,O=C1C=CC(=C(c2ccccc2)c2ccc(O)c3ccccc23)c2ccccc21,123,123.0
5534,7998,O=C1OC(=O)c2cccc3cccc1c23,272.6(5),272.6
5535,7999,Nc1cccc2ccccc12,48.9(5),48.9
5536,8000,Nc1ccc2ccccc2c1,110(1),110.0
5537,8001,O=C(O)c1ccccc1C(=O)Nc1cccc2ccccc12,185,185.0
5538,8002,O=C(Oc1ccc2ccccc2c1)c1ccccc1,107.8(6),107.8
5539,8004,O=C(Oc1cccc2ccccc12)c1ccccc1O,83,83.0
5540,8005,O=C(Oc1ccc2ccccc2c1)c1ccccc1O,95.5,95.5
5541,8006,ONc1cccc2ccccc12,79,79.0
5542,8007,S=C=Nc1cccc2ccccc12,58,58.0
5543,8008,c1ccc2cc(Nc3ccc4ccccc4c3)ccc2c1,172.2,172.2
5544,8009,O=C(O)COc1ccc2ccccc2c1,156.2(3),156.2
5545,8010,O=P(O)(O)Oc1cccc2ccccc12,160,160.0
5546,8011,c1cnc2cccnc2c1,75,75.0
5547,8012,c1cnc2ccncc2c1,29.5,29.5
5548,8013,CCN(CC)C(=O)C(C)Oc1cccc2ccccc12,73.8(5),73.8
5549,8014,COc1ccc2cc(C(C)C(=O)O)ccc2c1,155(3),155.0
5550,8015,COc1ccc(C(=O)Cc2c(CCN(C)C)cc3c(c2OC)OCO3)c(C(=O)O)c1OC,138,138.0
5551,8016,C=C(Br)CC1(C(C)C)C(=O)NC(=O)N(C)C1=O,115,115.0
5552,8017,O=C1CC(c2ccc(O)cc2)Oc2cc(O)cc(O)c21,250(1),250.0
5553,8019,C=CCC1(CC(C)(C)C)C(=O)NC(=O)NC1=O,156,156.0
5554,8020,CNP(=O)(NC)Oc1ccccc1,103.5,103.5
5555,8021,CC(C)=C1C=C2CCC3C(C)(C(=O)O)CCCC3(C)C2CC1,173,173.0
5556,8023,CC(C)(C)C,-16.37(4),-16.37
5557,8024,COc1ccc2c3c1OC1C(O)CC=C4C(C2)N(C)CCC431,127.5,127.5
5558,8025,CN(C)C(=O)Oc1cccc([N+](C)(C)C)c1.[Br-],167 dec,167.0
5559,8031,O=C(CCNNC(=O)c1ccncc1)NCc1ccccc1,154(1),154.0
5560,8033,CCCCN(CCCC)C(=S)[S-].CCCCN(CCCC)C(=S)[S-].[Ni+2],91,91.0
5561,8034,CC(=O)C=C(C)[O-].CC(=O)C=C(C)[O-].[Ni+2],230,230.0
5562,8035,[C-]#[O+].[C-]#[O+].[C-]#[O+].[C-]#[O+].[Ni],-19.3,-19.3
5563,8036,[Ni+2].c1cc[cH-]c1.c1cc[cH-]c1,173,173.0
5564,8037,O=C(Nc1ccc([N+](=O)[O-])cc1Cl)c1cc(Cl)ccc1O,227,227.0
5565,8038,CC(C)(Oc1ccc(Cl)cc1)C(=O)OCc1cccnc1,49,49.0
5566,8039,COc1cc(OC)nc(NC(=O)NS(=O)(=O)c2ncccc2C(=O)N(C)C)n1,172,172.0
5567,8040,c1cncc(-c2ccnc(-c3cccnc3)c2)c1,148,148.0
5568,8043,CN1CCCC1c1cccnc1,-79,79.0
5569,8044,O=CNNc1nc(-c2ccc([N+](=O)[O-])o2)cs1,215 dec,215.0
5570,8045,CCCN(CCC)c1c([N+](=O)[O-])cc(S(C)(=O)=O)cc1[N+](=O)[O-],151.7(5),151.7
5571,8046,O=C1C(O)=C([N+](=O)[O-])C(=O)C(O)=C1[N+](=O)[O-],170 dec,170.0
5572,8047,Clc1cccc(C(Cl)(Cl)Cl)n1,64.08(1),64.08
5573,8048,O=C(O)CN(CC(=O)O)CC(=O)O,242 dec,242.0
5574,8049,N#CCN(CC#N)CC#N,125.5,125.5
5575,8050,O=C(O)C[N+](=O)[O-],92 dec,92.0
5576,8051,CC(=O)C[N+](=O)[O-],50(4),50.0
5577,8052,Nc1ccccc1[N+](=O)[O-],71(1),71.0
5578,8053,Nc1cccc([N+](=O)[O-])c1,112(2),112.0
5579,8054,Nc1ccc([N+](=O)[O-])cc1,147.7(5),147.7
5580,8055,COc1ccccc1[N+](=O)[O-],9.4(9),9.4
5581,8056,COc1cccc([N+](=O)[O-])c1,38(2),38.0
5582,8057,COc1ccc([N+](=O)[O-])cc1,54(1),54.0
5583,8058,O=[N+]([O-])c1c2ccccc2cc2ccccc12,147.2(7),147.2
5584,8059,O=C1c2ccccc2C(=O)c2c1cccc2[N+](=O)[O-],231.5,231.5
5585,8060,O=Cc1ccccc1[N+](=O)[O-],43.5(2),43.5
5586,8061,O=Cc1cccc([N+](=O)[O-])c1,58.0(2),58.0
5587,8062,O=Cc1ccc([N+](=O)[O-])cc1,105(3),105.0
5588,8063,NC(=O)c1cccc([N+](=O)[O-])c1,142.7,142.7
5589,8064,NC(=O)c1ccc([N+](=O)[O-])cc1,190(2),190.0
5590,8065,O=[N+]([O-])c1ccccc1,5.65(7),5.65
5591,8066,O=C(O)Cc1ccccc1[N+](=O)[O-],138(2),138.0
5592,8067,O=C(O)Cc1cccc([N+](=O)[O-])c1,117(2),117.0
5593,8068,O=C(O)Cc1ccc([N+](=O)[O-])cc1,154,154.0
5594,8069,N#CCc1ccccc1[N+](=O)[O-],84,84.0
5595,8070,N#CCc1ccc([N+](=O)[O-])cc1,117,117.0
5596,8071,Nc1ccc([N+](=O)[O-])cc1N,199.5,199.5
5597,8072,Nc1ccc([N+](=O)[O-])c(N)c1,161,161.0
5598,8073,Nc1cc(N)cc([N+](=O)[O-])c1,143,143.0
5599,8074,Nc1ccc(N)c([N+](=O)[O-])c1,140.0,140.0
5600,8075,O=C(O)c1cccc([N+](=O)[O-])c1C(=O)O,218,218.0
5601,8076,O=C(O)c1ccc([N+](=O)[O-])cc1C(=O)O,164.8,164.8
5602,8077,O=[N+]([O-])c1ccccc1CCO,1.0,1.0
5603,8078,O=[N+]([O-])c1ccc(CCO)cc1,63,63.0
5604,8079,O=[N+]([O-])c1ccccc1CO,74,74.0
5605,8080,O=[N+]([O-])c1cccc(CO)c1,30.5,30.5
5606,8081,O=[N+]([O-])c1ccc(CO)cc1,96.5,96.5
5607,8082,O=[N+]([O-])c1ccccc1SCl,75,75.0
5608,8083,O=[N+]([O-])c1ccc(SCl)cc1,52,52.0
5609,8084,NS(=O)(=O)c1ccc([N+](=O)[O-])cc1,-92.7(4),-92.7
5610,8085,O=[N+]([O-])c1cccc(S(=O)(=O)O)c1,48,48.0
5611,8086,O=[N+]([O-])c1ccc(S(=O)(=O)O)cc1,95,95.0
5612,8087,O=[N+]([O-])c1ccccc1S(=O)(=O)Cl,68.5,68.5
5613,8088,O=[N+]([O-])c1cccc(S(=O)(=O)Cl)c1,64,64.0
5614,8089,O=[N+]([O-])c1ccc(S(=O)(=O)Cl)cc1,79.5,79.5
5615,8090,O=[N+]([O-])c1ccc2nc[nH]c2c1,207.8,207.8
5616,8091,O=C(O)c1ccccc1[N+](=O)[O-],147(1),147.0
5617,8092,O=C(O)c1cccc([N+](=O)[O-])c1,141.3(4),141.3
5618,8093,O=C(O)c1ccc([N+](=O)[O-])cc1,241(3),241.0
5619,8094,NNC(=O)c1cccc([N+](=O)[O-])c1,153.5,153.5
5620,8095,NNC(=O)c1ccc([N+](=O)[O-])cc1,215.5,215.5
5621,8096,N#Cc1cccc([N+](=O)[O-])c1,116.6(6),116.6
5622,8097,N#Cc1ccc([N+](=O)[O-])cc1,147.5(6),147.5
5623,8098,O=[N+]([O-])c1ccc2n[nH]nc2c1,217,217.0
5624,8099,O=C(Cl)c1ccccc1[N+](=O)[O-],20,20.0
5625,8100,O=C(Cl)c1cccc([N+](=O)[O-])c1,36,36.0
5626,8101,O=C(Cl)c1ccc([N+](=O)[O-])cc1,71(1),71.0
5627,8102,O=[N+]([O-])c1ccccc1-c1ccccc1,37(1),37.0
5628,8103,O=[N+]([O-])c1cccc(-c2ccccc2)c1,61(1),61.0
5629,8104,O=[N+]([O-])c1ccc(-c2ccccc2)cc1,112.9(7),112.9
5630,8105,CC(C(c1ccc(Cl)cc1)c1ccc(Cl)cc1)[N+](=O)[O-],82.0(5),82.0
5631,8107,CCC(CO)[N+](=O)[O-],-47,47.0
5632,8109,O=[N+]([O-])c1cc2c3ccccc3ccc2c2ccccc12,213.5(9),213.5
5633,8113,CC[N+](=O)[O-],-89.42(7),-89.42
5634,8114,O=[N+]([O-])CCO,-80,80.0
5635,8115,C=C[N+](=O)[O-],-55(2),55.0
5636,8116,O=[N+]([O-])CCc1ccccc1,-23,23.0
5637,8117,O=[N+]([O-])c1ccc(Oc2ccc(Cl)cc2Cl)cc1,71(2),71.0
5638,8118,O=[N+]([O-])c1ccc2c(c1)Cc1ccccc1-2,155(1),155.0
5639,8119,O=C1c2ccccc2-c2ccc([N+](=O)[O-])cc21,224.3,224.3
5640,8120,CC(=O)OC(OC(C)=O)c1ccc([N+](=O)[O-])o1,92(1),92.0
5641,8121,O=[N+]([O-])c1ccco1,29(1),29.0
5642,8122,O=Cc1ccc([N+](=O)[O-])o1,36(1),36.0
5643,8123,O=C(O)c1ccc([N+](=O)[O-])o1,186(1),186.0
5644,8124,O=C1CN(N=Cc2ccc([N+](=O)[O-])o2)C(=O)N1,263,263.0
5645,8125,NC(=O)NN=Cc1ccc([N+](=O)[O-])o1,237(1),237.0
5646,8126,C[N+]([O-])(CCCl)CCCl.Cl,110,110.0
5647,8127,N=C(N)N[N+](=O)[O-],253(42),253.0
5648,8129,O=[N+]([O-])c1cc([As](=O)(O)O)ccc1O,300,300.0
5649,8130,O=[N+]([O-])c1ncc[nH]1,287 dec,287.0
5650,8131,O=[N+]([O-])c1cnc[nH]1,303 dec,303.0
5651,8132,O=[N+]([O-])c1ccc2[nH]ncc2c1,208,208.0
5652,8133,O=[N+]([O-])c1ccc2cn[nH]c2c1,181 dec,181.0
5653,8134,O=C1OC(=O)c2c1cccc2[N+](=O)[O-],163.4(2),163.4
5654,8135,O=C1OC(=O)c2cc([N+](=O)[O-])ccc21,115(1),115.0
5655,8136,O=C1NC(=O)c2cc([N+](=O)[O-])ccc21,202,202.0
5656,8138,CN[N+](=O)[O-],38,38.0
5657,8139,C[N+](=O)[O-],-28.7(8),-28.7
5658,8141,c1ccc(N=c2[n-][n+](-c3ccccc3)cn2-c2ccccc2)cc1,189 dec,189.0
5659,8142,O=[N+]([O-])c1cccc2ccccc12,55.5(8),55.5
5660,8143,O=[N+]([O-])c1ccc2ccccc2c1,75(1),75.0
5661,8144,O=[N+]([O-])c1c(O)ccc2ccccc12,104,104.0
5662,8145,CCCCCCCC[N+](=O)[O-],15,15.0
5663,8148,O=[N+]([O-])c1cc2cccnc2c2ncccc12,202.3,202.3
5664,8149,O=[N+]([O-])c1ccccc1O,44.9(5),44.9
5665,8150,O=[N+]([O-])c1cccc(O)c1,95(1),95.0
5666,8151,O=[N+]([O-])c1ccc(O)cc1,113.8(2),113.8
5667,8152,O=[N+]([O-])c1ccccc1Oc1ccccc1,<-20,20.0
5668,8153,O=[N+]([O-])c1ccc(Oc2ccccc2)cc1,61,61.0
5669,8154,CC(=O)Nc1ccccc1[N+](=O)[O-],93.0(5),93.0
5670,8155,CC(=O)Nc1cccc([N+](=O)[O-])c1,154.5(5),154.5
5671,8156,CC(=O)Nc1ccc([N+](=O)[O-])cc1,216(1),216.0
5672,8157,CC(=O)Oc1ccccc1[N+](=O)[O-],40.5,40.5
5673,8158,CC(=O)Oc1ccc([N+](=O)[O-])cc1,82.3,82.3
5674,8159,O=[N+]([O-])c1ccccc1Nc1ccccc1,74.9(2),74.9
5675,8160,O=[N+]([O-])c1ccc(Nc2ccccc2)cc1,134(2),134.0
5676,8161,O=[N+]([O-])c1ccc([As](=O)(O)O)cc1,>310 dec,310.0
5677,8162,O=[N+]([O-])c1ccc(N=Nc2ccc(O)cc2O)cc1,200,200.0
5678,8163,O=[N+]([O-])c1ccc(N=Nc2c(O)ccc3ccccc23)cc1,257,257.0
5679,8164,O=[N+]([O-])c1cccc(B(O)O)c1,274.5,274.5
5680,8165,CC(=O)c1ccccc1[N+](=O)[O-],28.5,28.5
5681,8166,CC(=O)c1cccc([N+](=O)[O-])c1,81(1),81.0
5682,8167,CC(=O)c1ccc([N+](=O)[O-])cc1,80(2),80.0
5683,8168,O=C(C[N+](=O)[O-])c1ccccc1,105(1),105.0
5684,8169,NNc1ccc([N+](=O)[O-])cc1,158 dec,158.0
5685,8170,O=C(c1ccccc1)c1ccc([N+](=O)[O-])cc1,138,138.0
5686,8171,O=C(C=Cc1ccc([N+](=O)[O-])cc1)c1ccccc1,164,164.0
5687,8172,O=[N+]([O-])c1ccc(OP(=O)(O)O)cc1,155,155.0
5688,8173,O=C(O)CCc1ccccc1[N+](=O)[O-],115,115.0
5689,8174,O=C(O)CCc1ccc([N+](=O)[O-])cc1,163,163.0
5690,8175,O=CC=Cc1ccc([N+](=O)[O-])cc1,141.5,141.5
5691,8176,O=C(O)C#Cc1ccccc1[N+](=O)[O-],≈157 dec; may explode,157.0
5692,8177,O=[N+]([O-])c1ccc(Sc2ccccc2)cc1,56,56.0
5693,8178,NC(=O)Nc1ccc([N+](=O)[O-])cc1,238,238.0
5694,8179,O=[N+]([O-])N1CCCCC1,-5(1),5.0
5695,8180,CCC[N+](=O)[O-],-104.3(6),-104.3
5696,8181,CC(C)[N+](=O)[O-],-91.3(2),-91.3
5697,8182,O=C(O)CC[N+](=O)[O-],62,62.0
5698,8186,CCCOc1ccc([N+](=O)[O-])cc1N,49,49.0
5699,8187,CCCOc1ccc([N+](=O)[O-])cc1NC(C)=O,102.5,102.5
5700,8188,O=[N+]([O-])c1ccc2ccc3cccc4ccc1c2c34,152(1),152.0
5701,8189,Nc1ccc([N+](=O)[O-])cn1,188,188.0
5702,8190,O=[N+]([O-])c1ccncc1,50,50.0
5703,8191,O=[N+]([O-])c1cc[n+]([O-])cc1,160.5,160.5
5704,8192,Nc1ncc([N+](=O)[O-])cn1,236.5,236.5
5705,8193,O=c1[nH]cc([N+](=O)[O-])c(=O)[nH]1,>300 exp,300.0
5706,8194,O=C1NC(=O)C([N+](=O)[O-])C(=O)N1,180.5,180.5
5707,8195,O=[N+]([O-])c1cccc2ncccc12,88(1),88.0
5708,8196,O=[N+]([O-])c1ccc2ncccc2c1,148(1),148.0
5709,8197,O=[N+]([O-])c1cccc2cccnc12,88(1),88.0
5710,8198,O=[N+]([O-])c1cc[n+]([O-])c2ccccc12,154,154.0
5711,8199,O=[N+]([O-])c1ccc(O)c2ncccc12,180,180.0
5712,8200,O=Nc1ccccc1,67.8(10),67.8
5713,8205,CN(C)c1ccc(N=O)cc1,85.7(7),85.7
5714,8206,O=NN(c1ccccc1)c1ccccc1,66.7(6),66.7
5715,8209,CN(CCCC(=O)c1cccnc1)N=O,63,63.0
5716,8211,O=NN1CCOCC1,29,29.0
5717,8212,O=Nc1ccc2ccccc2c1O,144.7(9),144.7
5718,8213,O=Nc1c(O)ccc2ccccc12,106.8(5),106.8
5719,8215,O=Nc1ccc(O)cc1,144 dec,144.0
5720,8216,O=Nc1ccc(Nc2ccccc2)cc1,143,143.0
5721,8219,Nc1ncc([N+](=O)[O-])s1,202 dec,202.0
5722,8220,CC(=O)Nc1ncc([N+](=O)[O-])s1,264.5,264.5
5723,8221,CSc1ccc([N+](=O)[O-])cc1,72,72.0
5724,8222,O=[N+]([O-])c1cccs1,46.5,46.5
5725,8223,Cc1ccccc1[N+](=O)[O-],-3.6(8),-3.6
5726,8224,Cc1cccc([N+](=O)[O-])c1,15.9(6),15.9
5727,8225,Cc1ccc([N+](=O)[O-])cc1,51.7(3),51.7
5728,8226,O=[N+]([O-])c1ccccc1C(F)(F)F,32.5,32.5
5729,8227,O=[N+]([O-])c1cccc(C(F)(F)F)c1,-2.4,-2.4
5730,8228,NC(=O)N[N+](=O)[O-],159(1),159.0
5731,8229,O=[N+]([O-])C=Cc1ccccc1,57(4),57.0
5732,8230,CC1=CC2OC3C(O)C(O)C(C)(C34CO4)C2(CO)C(O)C1=O,224 dec,224.0
5733,8231,CNC(=C[N+](=O)[O-])NCCSCc1csc(CN(C)C)n1,131,131.0
5734,8232,Clc1cc(Cl)c(Cl)c(-c2c(Cl)c(Cl)c(Cl)c(Cl)c2Cl)c1Cl,182.6(5),182.6
5735,8234,CCCCCCCCCCCCCCCCCCCCCCCCCCCCC,63.7(6),63.7
5736,8237,CCCCCCCCCCCCCCCCCCC,31.5(4),31.5
5737,8238,CCCCCCCCCCCCCCCCCCC(=O)O,68.06(4),68.06
5738,8239,CCCCCCCCCCCCCCCCCCCO,61.4(5),61.4
5739,8240,CCCCCCCCCCCCCCCCCC(C)=O,55.1(9),55.1
5740,8241,CCCCCCCCCC(=O)CCCCCCCCC,56.8(3),56.8
5741,8242,C=CCCCCCCCCCCCCCCCCC,23.4,23.4
5742,8243,CCCCCCCCCCCCCCCCCCCc1ccccc1,29.5(3),29.5
5743,8247,C#CCCCCCC#C,-27.3(2),-27.3
5744,8248,CCCCCCCCC=O,-19.3(2),-19.3
5745,8249,CCCCCCCCC,-53.47(3),-53.47
5746,8250,O=C(O)CCCCCCCC(=O)O,106.5,106.5
5747,8251,OCCCCCCCCCO,46.4(1),46.4
5748,8253,CCCCCCCCC#N,-49.5(5),-49.5
5749,8254,CCCCCCCCCS,-20.1(3),-20.1
5750,8255,CCCCCCCCC(=O)O,12.38(4),12.38
5751,8256,CCCCCCCCCO,-5.0(2),-5.0
5752,8257,CCCCCCCC(C)O,-35,35.0
5753,8258,CCCCCCC(O)CC,22,22.0
5754,8260,CCCCC(O)CCCC,5.6(4),5.6
5755,8261,CCCCCCCC(C)=O,-7.4(2),-7.4
5756,8262,CCCCCCC(=O)CC,-8(4),8.0
5757,8264,CCCCC(=O)CCCC,-3.84(5),-3.84
5758,8265,CCCCCCCCC(=O)Cl,-60.5,-60.5
5759,8267,C=CCCCCCCC,-81.24(4),-81.24
5760,8269,CCCCCC=CCC(=O)O,-4.4,-4.4
5761,8271,CCCCCCCCCOC(C)=O,-26,26.0
5762,8272,CCCCCCCCCN,-1,1.0
5763,8273,CCCCCCCCCc1ccccc1,-24,24.0
5764,8275,CCCCCCCCCC1CCCC1,-29,29.0
5765,8276,CCCCCCCCCOC=O,-33,33.0
5766,8277,CCCCCCCCCc1cccc2ccccc12,8,8.0
5767,8278,CCCCCCCCCc1ccc(O)cc1,42,42.0
5768,8279,CCCCCCCCCc1ccccc1OCCOCCOCCOCCOCCO,33.5,33.5
5769,8280,CCCCCCCCCc1ccc(OCCOCCOCCOCCOCCOCCOCCOCCOCCO)cc1,6.0,6.0
5770,8281,C#CCCCCCCC,-50,50.0
5771,8282,O=C1NC(=O)C2C3C(C(O)(c4ccccc4)c4ccccn4)=CC(C3=C(c3ccccc3)c3ccccn3)C12,194,194.0
5772,8283,C1=CC2C=CC1C2,-19(1),19.0
5773,8286,CC(CC(=O)O)C1CCC2C3CCC4CCCCC4(C)C3CCC12C,177,177.0
5774,8287,O=C1CN=C(c2ccccc2)c2cc(Cl)ccc2N1,216.5,216.5
5775,8288,CC(Cc1ccc(O)c(O)c1)C(C)Cc1ccc(O)c(O)c1,185.5,185.5
5776,8289,CN(C)C(=O)NC1CC2CC1C1CCCC21,168.7(5),168.7
5777,8290,NCC(O)c1ccc(O)c(O)c1,217 dec,217.0
5778,8292,C#CC1(O)CCC2C3CCC4=CC(=O)CCC4C3CCC21C,207(2),207.0
5779,8293,C#CC1(O)CCC2C3CCC4=C(CCC(=O)C4)C3CCC21C,170,170.0
5780,8294,CNc1cnn(-c2cccc(C(F)(F)F)c2)c(=O)c1Cl,178.0(6),178.0
5781,8295,O=C(OC1CC2CCC(C1)N2)C(CO)c1ccccc1,140.5,140.5
5782,8296,CCCCC(N)C(=O)O,327 dec,327.0
5783,8298,Oc1ccc2c3c1OC1C(O)C=CC4C(C2)NCCC341,273,273.0
5784,8299,C#CC1(O)CCC2C3CCC4=CC(=O)CCC4C3CCC21CC,206,206.0
5785,8300,CC12CCC3C4CCC(=O)C=C4CCC3C1CCC2OC(=O)CCc1ccccc1,94(1),94.0
5786,8301,CNCCC=C1c2ccccc2CCc2ccccc21.Cl,214,214.0
5787,8302,CCCC(N)C(=O)O,303,303.0
5788,8304,COc1ccc2c(c1OC)C(=O)OC2C1c2c(cc3c(c2OC)OCO3)CCN1C,176,176.0
5789,8305,COC1C(OC(N)=O)C(O)C(Oc2ccc3c(O)c(NC(=O)c4ccc(O)c(CC=C(C)C)c4)c(=O)oc3c2C)OC1(C)C,154,154.0
5790,8306,OC(c1ccc(F)cc1)(c1cncnc1)c1ccccc1Cl,126,126.0
5791,8307,CC(CCc1ccccc1)NC(C)C(O)c1ccc(O)cc1,111,111.0
5792,8308,CC1Cc2c(Cl)cc(C(=O)NC(Cc3ccccc3)C(=O)O)c(O)c2C(=O)O1,169,169.0
5793,8309,CC1Cc2ccc(C(=O)NC(Cc3ccccc3)C(=O)O)c(O)c2C(=O)O1,221,221.0
5794,8311,CCN(CC)C(C)CC(=O)Nc1ccccc1,47,47.0
5795,8312,Clc1cc(Cl)c(Cl)c(-c2c(Cl)c(Cl)cc(Cl)c2Cl)c1Cl,160.6(5),160.6
5796,8313,ClC1=C(Cl)C(Cl)(Cl)C(Cl)(Cl)C1(Cl)Cl,40,40.0
5797,8314,Clc1c(Cl)c(Cl)c2c(c1Cl)Oc1c(Cl)c(Cl)c(Cl)c(Cl)c1O2,332.0(5),332.0
5798,8315,Clc1c(Cl)c(Cl)c2c(Cl)c(Cl)c(Cl)c(Cl)c2c1Cl,197.5,197.5
5799,8316,ClC(Cl)=C(Cl)c1c(Cl)c(Cl)c(Cl)c(Cl)c1Cl,99,99.0
5800,8317,CCCCCCCCCCCCCCCCCCCCCCCCCCCCCCCCCCCCCCCCCCCCCCCCCCCCCCCCCCCCCCCCCCCCCCCCCCCCCCCC,112,112.0
5801,8318,CCCCCCCCCCCCCCCCCCCCCCCCCCCC,61.3(1),61.3
5802,8319,CCCCCCCCCCCCCCCCCCCCCCCCCCCC(=O)O,90.9(5),90.9
5803,8320,CCCCCCCCCCCCCCCCCCCCCCCCCCCCO,83.4,83.4
5804,8321,CCCCCC=CCC=CCCCCCCCC(=O)O,-6.9(7),-6.9
5805,8324,C[Si](C)(C)O[Si](C)(C)O[Si](C)(C)O[Si](C)(C)O[Si](C)(C)O[Si](C)(C)O[Si](C)(C)O[Si](C)(C)C,-63,63.0
5806,8325,CCCCCCCCCCCCCCCCCC(N)=O,107(3),107.0
5807,8326,CCCCCCCCCCCCCCCCCC,28.17(5),28.17
5808,8327,CCCCCCCCCCCCCCCCCC#N,42(1),42.0
5809,8328,CCCCCCCCCCCCCCCCCCS,30,30.0
5810,8329,CCCCCCCCCCCCCCCCCC(=O)O,69.3(2),69.3
5811,8330,CCCCCCCCCCCCCCCCCCO,58.0(2),58.0
5812,8331,CCCCCCCCCCCCCCCCCC(=O)Cl,23,23.0
5813,8332,CCCCC=CC=CC=CCCCCCCCC(=O)O,49,49.0
5814,8334,CCC=CCC=CCC=CCCCCCCCC(=O)O,-10(2),10.0
5815,8335,CCCCCCCCC=CCCCCCCCC(N)=O,75.9(5),75.9
5816,8336,C=CCCCCCCCCCCCCCCCC,18(3),18.0
5817,8337,CCCCCCCCC=CCCCCCCCC#N,-1,1.0
5818,8338,CCCCCCCCCCCC=CCCCCC(=O)O,30.0(9),30.0
5819,8339,CCCCCCCCC=CCCCCCCCC(=O)O,14(1),14.0
5820,8341,CCCCCCC=CCCCCCCCCCC(=O)O,43(1),43.0
5821,8342,CCCCCCCCC=CCCCCCCCCO,0(3),0.0
5822,8343,CCCCCCCCC=CCCCCCCCCN,25,25.0
5823,8344,CCCCCCCCCCCCCCCCCCOC(C)=O,32.2(6),32.2
5824,8346,CCCCCCCCCCCCCCCCCCN,52.6(4),52.6
5825,8347,CCCCCCCCCCCCCCCCCCc1ccccc1,35(2),35.0
5826,8349,CCCCCCCCCCCCCCCCCCOC(=O)CCc1cc(C(C)(C)C)c(O)c(C(C)(C)C)c1,50,50.0
5827,8350,CCCCCCCCCCCCCCCCCCN=C=O,15.5,15.5
5828,8352,CCCCCCCCCCCCCCCCCCOC(=O)CCCCCCCCCCCCCCCCC,60,60.0
5829,8353,CCCCCCCCCCCCCCCCCCOCC(O)CO,70.5,70.5
5830,8354,C=COCCCCCCCCCCCCCCCCCC,30,30.0
5831,8358,c1c2c(cc3c1CCCC3)CCCC2,72.22(5),72.22
5832,8359,C1CCCNCCC1,29,29.0
5833,8360,C1CCC2CCCC2C1,-44.4(6),-44.4
5834,8362,O=C1CCCC2CCCCC12,33,33.0
5835,8363,c1cc2c(c3c1CCCC3)CCCC2,16.7,16.7
5836,8364,OCC1CCCN2CCCCC12,70,70.0
5837,8365,C[Si]1(C)N[Si](C)(C)N[Si](C)(C)N[Si](C)(C)N1,94.50(2),94.5
5838,8366,C[Si]1(C)O[Si](C)(C)O[Si](C)(C)O[Si](C)(C)O1,17.10(2),17.1
5839,8368,C[Si](C)(C)O[Si](C)(C)O[Si](C)(C)C,-80,80.0
5840,8370,CCCCCCCC(N)=O,105(1),105.0
5841,8371,CCCCCCC(C)N,97,97.0
5842,8372,CCCCCCCC,-56.73(2),-56.73
5843,8373,NCCCCCCCCN,51.7(3),51.7
5844,8374,N#CCCCCCCC#N,-4(1),4.0
5845,8375,O=C(O)CCCCCCC(=O)O,142.3(3),142.3
5846,8376,CCCCCCC(O)CO,30.2(4),30.2
5847,8377,OCCCCCCCCO,59.6(1),59.6
5848,8378,CCCCCCCC#N,-53.5(5),-53.5
5849,8379,CCCCCCCCS,-49.2(3),-49.2
5850,8380,CCCCCCCC(=O)O,16.51(2),16.51
5851,8381,CCCCCCCC(=O)OC(=O)CCCCCCC,-1,1.0
5852,8382,CCCCCCCCO,-14.7(4),-14.7
5853,8383,CCCCCCC(C)O,-31.6,-31.6
5854,8384,CCCCCC(O)CC,-45,45.0
5855,8386,CCCCCCC(C)=O,-20.31(8),-20.31
5856,8389,CCCCCCCC(=O)Cl,-63(1),63.0
5857,8390,c1ccc([Si]2(c3ccccc3)O[Si](c3ccccc3)(c3ccccc3)O[Si](c3ccccc3)(c3ccccc3)O[Si](c3ccccc3)(c3ccccc3)O2)cc1,200.5,200.5
5858,8391,C=CC=CC=CC=C,50,50.0
5859,8393,C=CCCCCCC,-101.66(5),-101.66
5860,8394,CC=CCCCCC,-101.3(8),-101.3
5861,8396,CCC=CCCCC,-126(1),126.0
5862,8398,CCCC=CCCC,-119.1(4),-119.1
5863,8404,CCCCCCCCOC(C)=O,-38(2),38.0
5864,8406,CCCCCCCCN,0,0.0
5865,8407,CCCCCCCCN.Cl,196.5,196.5
5866,8408,CCCCCCCCc1ccc(N)cc1,20,20.0
5867,8409,CCCCCCCCc1ccccc1,-36,36.0
5868,8410,CCCCCCCCOC(=O)CCC,-55.6(5),-55.6
5869,8412,CCCCCCCCC1CCCC1,-44.5(5),-44.5
5870,8413,CCCCCCCCC(CCCCCCCC)C(=O)O,38.5,38.5
5871,8416,CCCCCCCCOC=O,-39.1(5),-39.1
5872,8421,CCCCCCCCOC(=O)CCCCCCC,-18.1(3),-18.1
5873,8424,CCCCCCCCc1ccc(O)cc1,43.0,43.0
5874,8425,CCCCCCCCOc1ccccc1,8,8.0
5875,8426,CCCCCCCCc1ccc(OC(=O)c2ccccc2O)cc1,73,73.0
5876,8427,CCCCCCCCOC(=O)CC,-41.6(5),-41.6
5877,8428,C#CCCCCCC,-79.4(2),-79.4
5878,8429,CC#CCCCCC,-61.5(3),-61.5
5879,8430,CCC#CCCCC,-103.9(4),-103.9
5880,8431,CCCC#CCCC,-102.6(3),-102.6
5881,8432,CCCCCC#CCO,-18,18.0
5882,8433,COC1CC(OC2CCC3(C)C(CCC4C3CCC3(C)C(C5=CC(=O)OC5)C(OC(C)=O)CC43O)C2)OC(C)C1O,250 dec,250.0
5883,8434,CC1(C)CCC2(C)CCC3(C)C(=CCC4C5(C)CCC(O)C(C)(C)C5CCC43C)C2C1,197,197.0
5884,8435,CC1(C)CCC2(C(=O)O)CCC3(C)C(=CCC4C5(C)CCC(O)C(C)(C)C5CCC43C)C2C1,310 dec,310.0
5885,8436,COc1ccc2nc(S(=O)Cc3ncc(C)c(OC)c3C)[nH]c2c1,156,156.0
5886,8437,CNC(=O)CSP(=O)(OC)OC,≈135 dec,135.0
5887,8439,NCCCC(N)C(=O)O,140,140.0
5888,8440,Cl.NCCCC(N)C(=O)O,215,215.0
5889,8441,O=C(O)c1cc(=O)[nH]c(=O)[nH]1,345.5,345.5
5890,8442,COc1c(O)cc2oc(-c3ccccc3)cc(=O)c2c1O,231.5,231.5
5891,8444,CCCN(CCC)c1c([N+](=O)[O-])cc(S(N)(=O)=O)cc1[N+](=O)[O-],142.3(5),142.3
5892,8445,CC1OC(OC2CC(O)C3(CO)C4C(O)CC5(C)C(C6=CC(=O)OC6)CCC5(O)C4CCC3(O)C2)C(O)C(O)C1O,200,200.0
5893,8446,C1CCC2OC2C1,-35.00(5),-35.0
5894,8450,CC(C)Oc1cc(-n2nc(C(C)(C)C)oc2=O)c(Cl)cc1Cl,88.1(5),88.1
5895,8451,COCC(=O)N(c1c(C)cccc1C)N1CCOC1=O,104,104.0
5896,8452,O=C(O)C(=O)O,189.5 dec,189.5
5897,8453,O.O.O=C(O)C(=O)O,101.5,101.5
5898,8454,O=C(O)CC(=O)C(=O)O,161 dec,161.0
5899,8455,O=C(Cl)C(=O)Cl,-16,16.0
5900,8456,NNC(=O)C(=O)NN,244.0,244.0
5901,8457,NC(=O)C(=O)O,209(6),209.0
5902,8458,NC(=O)C(N)=O,299(3),299.0
5903,8459,CC(C)NCC1CCc2cc(CO)c([N+](=O)[O-])cc2N1,149,149.0
5904,8460,CNC(=O)ON=C(SC)C(=O)N(C)C,99.9(5),99.9
5905,8461,CC12COC(=O)CC1CCC1C2CCC2(C)C1CCC2(C)O,236,236.0
5906,8462,C1CSCCO1,-21.7(6),-21.7
5907,8463,O=C1Nc2ccc(Cl)cc2C(c2ccccc2)=NC1O,205.5,205.5
5908,8466,O=C1CCCCCO1,-1.02(4),-1.02
5909,8467,C1COC1,-97(1),97.0
5910,8468,O=C1CCO1,-33.283(10),-33.283
5911,8470,C1CO1,-112.46(5),-112.46
5912,8471,O=CC1CO1,-62,62.0
5913,8472,OCC1CO1,-45,45.0
5914,8473,O=C(C=NO)c1ccccc1,129,129.0
5915,8474,O=C(O)C(=O)c1ccccc1,65.8(5),65.8
5916,8476,N#CC(=O)c1ccccc1,32.5,32.5
5917,8477,O=C(O)CCC(=O)c1ccccc1,116.5,116.5
5918,8478,N#CCC(=O)c1ccccc1,80.5,80.5
5919,8479,O=C(O)C(=O)Cc1ccccc1,157.5,157.5
5920,8480,O=C(O)c1cc2ccccc2oc1=O,190 dec,190.0
5921,8481,CC(=O)C=C(C)O.CC(=O)C=C(C)O.O=[V],258,258.0
5922,8482,CCC(=O)C(=O)O,33,33.0
5923,8484,O=C(O)CCC(=O)C(=O)O,116(3),116.0
5924,8485,CC(=O)CCCCC(=O)O,40.2,40.2
5925,8486,CC(=O)CCCC(=O)O,13.5,13.5
5926,8487,O=C(O)C(=O)Cc1c[nH]c2ccccc12,211,211.0
5927,8488,CCn1cc(C(=O)O)c(=O)c2cc3c(cc21)OCO3,313 dec,313.0
5928,8489,CC(=O)CCC=O,<-21,21.0
5929,8490,O=C(O)CC(=O)CC(=O)O,138 dec,138.0
5930,8491,CCCC(=O)C(=O)O,6.5,6.5
5931,8492,CC(=O)CCC(=O)O,33.0(7),33.0
5932,8493,O=C(O)CCC(=O)Nc1ccccc1,148.5,148.5
5933,8494,O=C(O)C=CC(=O)Nc1ccccc1,192 dec,192.0
5934,8495,O=[As]c1ccccc1,145,145.0
5935,8496,O=C(O)C=CC(=O)c1ccccc1,99,99.0
5936,8497,CC(=O)C=NO,69,69.0
5937,8498,CCC(=O)OC1CCC2C3CCC4=CC(=O)CCC4(C)C3CCC12C,120,120.0
5938,8499,O=C(O)c1ccc(=O)oc1,207 dec,207.0
5939,8500,O=C(O)c1cc(=O)cc(C(=O)O)o1,262,262.0
5940,8502,O=S(=O)(Cl)c1ccc(Oc2ccc(S(=O)(=O)Cl)cc2)cc1,128,128.0
5941,8503,NNS(=O)(=O)c1ccc(Oc2ccc(S(=O)(=O)NN)cc2)cc1,164 dec,164.0
5942,8504,CCN(CC)CC#CCOC(=O)C(O)(c1ccccc1)C1CCCCC1,114,114.0
5943,8505,CC1=C(C(=O)Nc2ccccc2)S(=O)(=O)CCO1,130.1(5),130.1
5944,8506,ClC1=C(Cl)C2(Cl)C3C4OC4(Cl)C(Cl)C3C1(Cl)C2(Cl)Cl,100,100.0
5945,8507,COc1ccc2c3c1OC1C(=O)CCC4(O)C(C2)N(C)CCC314,219,219.0
5946,8508,CCS(=O)CCSP(=O)(OC)OC,<-20,20.0
5947,8509,c1ccc2c(c1)Oc1ccccc1[As]2O[As]1c2ccccc2Oc2ccccc21,185,185.0
5948,8510,CCOc1cc(Oc2ccc(C(F)(F)F)cc2Cl)ccc1[N+](=O)[O-],86.6(5),86.6
5949,8511,Cc1cc(C(C)(C)C)c(O)c(C)c1CC1=NCCN1,182,182.0
5950,8512,CC12CC(=CO)C(=O)CC1CCC1C2CCC2(C)C1CCC2(C)O,179,179.0
5951,8513,O=C(NCO)NCO,138(3),138.0
5952,8514,CCCCC1C(=O)N(c2ccccc2)N(c2ccc(O)cc2)C1=O,124,124.0
5953,8515,CC[N+](C)(CC)CCOC(=O)C(O)(c1ccccc1)C1CCCCC1.[Br-],191.5,191.5
5954,8516,CN(C)C1C(=O)C(C(N)=O)=C(O)C2(O)C(=O)C3=C(O)c4c(O)cccc4C(C)(O)C3C(O)C12,184.5,184.5
5955,8518,CC(C)(C)C(O)C(Cc1ccc(Cl)cc1)n1cncn1,166,166.0
5956,8519,CC(C)C1=CC2=C(CC1)C1(C)CCCC(C)(C(=O)O)C1CC2,164.5,164.5
5957,8520,O=C(O)c1cc2ccccc2c(Cc2c(O)c(C(=O)O)cc3ccccc23)c1O,315,315.0
5958,8521,CC(=O)OC1CC2CCC3C(CCC4(C)C3CC([N+]3(C)CCCCC3)C4OC(C)=O)C2(C)CC1[N+]1(C)CCCCC1.[Br-].[Br-],215,215.0
5959,8522,O=CC(O)C(O)C(OC1OC(COC2OC(CO)C(O)C(O)C2O)C(O)C(O)C1O)C(O)CO,223 dec,223.0
5960,8523,CCN(CC)C(COC(=O)c1ccc(N)cc1)CC(C)C.CS(=O)(=O)O,158,158.0
5961,8524,CC1(C)COC(=O)C1O,92,92.0
5962,8526,COc1ccc(C(=O)c2nccc3cc(OC)c(OC)cc23)cc1OC,210.5,210.5
5963,8527,COc1ccc(Cc2nccc3cc(OC)c(OC)cc23)cc1OC,147.5,147.5
5964,8528,COc1ccc(Cc2nccc3cc(OC)c(OC)cc23)cc1OC.Cl,224.5,224.5
5965,8530,CC1OC(C)OC(C)O1,12(1),12.0
5966,8535,CCOP(=S)(OCC)Oc1ccc([N+](=O)[O-])cc1,6.1(9),6.1
5967,8536,CC1CCC2(O)C(C)(C)C3CCC2(C)C1C3,56,56.0
5968,8538,Oc1ccc(-c2[o+]c3cc(O)cc(O)c3cc2O)cc1.[Cl-],>350,350.0
5969,8539,COc1cc2c(c(O)c1OC)C(C)N(C)CC2,111.5,111.5
5970,8540,NC1=NC(=O)C(c2ccccc2)O1,256 dec,256.0
5971,8541,CCC(CC)Nc1c([N+](=O)[O-])cc(C)c(C)c1[N+](=O)[O-],54.7(5),54.7
5972,8542,CC(C)(SSCC(N)C(=O)O)C(N)C(=O)O,195,195.0
5973,8544,CC1(C)SC2C(NC(=O)Cc3ccccc3)C(=O)N2C1C(=O)O.CCN(CC)CCOC(=O)c1ccc(N)cc1,108 dec,108.0
5974,8545,CC1(C)SC2C(NC(=O)COc3ccccc3)C(=O)N2C1C(=O)O,124 dec,124.0
5975,8546,ClC1C(Br)C(Br)C(Br)C(Br)C1Br,204,204.0
5976,8547,Cc1c(Br)c(Br)c(Br)c(Br)c1Br,288,288.0
5977,8548,Oc1c(Br)c(Br)c(Br)c(Br)c1Br,229.5,229.5
5978,8549,O=C(C(Br)Br)C(Br)(Br)Br,79.5,79.5
5979,8550,ClC1=C(Cl)C(Cl)(C2(Cl)C(Cl)=C(Cl)C(Cl)=C2Cl)C(Cl)=C1Cl,122,122.0
5980,8551,c1ccc2cc3cc4cc5ccccc5cc4cc3cc2c1,271(2),271.0
5981,8552,Nc1c(Cl)c(Cl)c(Cl)c(Cl)c1Cl,233.9(5),233.9
5982,8553,COc1c(Cl)c(Cl)c(Cl)c(Cl)c1Cl,108.5,108.5
5983,8554,Clc1cc(Cl)c(Cl)c(Cl)c1Cl,84.2(6),84.2
5984,8555,Sc1c(Cl)c(Cl)c(Cl)c(Cl)c1Cl,231.5,231.5
5985,8556,Clc1c(Cl)c(Cl)c(-c2ccccc2)c(Cl)c1Cl,124.4(5),124.4
5986,8557,Clc1ccc(Cl)c(-c2cc(Cl)c(Cl)cc2Cl)c1,76.9(5),76.9
5987,8558,Clc1ccc2c(c1)Oc1c(Cl)c(Cl)c(Cl)c(Cl)c1O2,195,195.0
5988,8559,ClC(Cl)C(Cl)(Cl)Cl,-28.98,-28.98
5989,8560,FC(Cl)(Cl)C(Cl)(Cl)Cl,100.95,100.95
5990,8561,O=[N+]([O-])c1c(Cl)c(Cl)c(Cl)c(Cl)c1Cl,144.7(4),144.7
5991,8562,Oc1c(Cl)c(Cl)c(Cl)c(Cl)c1Cl,189.5(4),189.5
5992,8565,Clc1nc(Cl)c(Cl)c(Cl)c1Cl,124.0(5),124.0
5993,8566,Cc1c(Cl)c(Cl)c(Cl)c(Cl)c1Cl,224(2),224.0
5994,8567,CCCCCCCCCCCCCCCCCCCCCCCCCCCCCCCCCCCCCCCCCCCCCCCCCC,91.7(6),91.7
5995,8568,CCCCCCCCCCCCCCCCCCCCCCCCC,53.3(4),53.3
5996,8570,O=C(O)C(F)(F)C(F)(F)C(F)(F)C(F)(F)C(F)(F)C(F)(F)C(F)(F)F,54.3,54.3
5997,8571,OCC(F)(F)C(F)(F)C(F)(F)C(F)(F)C(F)(F)C(F)(F)C(F)(F)F,47,47.0
5998,8572,CCCCCCCCCCCCCCC=O,24(2),24.0
5999,8573,CCCCCCCCCCCCCCC,9.95(2),9.95
6000,8574,CCCCCCCCCCCCCCC(=O)O,52.52(4),52.52
6001,8575,CCCCCCCCCCCCCCCO,43.8(2),43.8
6002,8576,CCCCCCCCCCCCCC(C)=O,39.0(2),39.0
6003,8577,CCCCCCCC(=O)CCCCCCC,42(1),42.0
6004,8578,C=CCCCCCCCCCCCCC,-3.8(1),-3.8
6005,8579,CCCCCCCCCCCCCCCN,36.5(4),36.5
6006,8580,CCCCCCCCCCCCCCCc1ccccc1,12.0(4),12.0
6007,8581,CCCCCCCCCCCCCCCc1cccc(O)c1O,59.5,59.5
6008,8583,CCCCCCCCCCCCCCCc1cccc(O)c1,50(3),50.0
6009,8584,C#CCCCCCCCCCCCCC,10,10.0
6010,8585,C=C=CCC,-137.27(8),-137.27
6011,8586,C=CC=CC,-140.81(9),-140.81
6012,8588,C=CCC=C,-148.3(3),-148.3
6013,8589,CC=C=CC,-125.65(9),-125.65
6014,8591,C#CC#CC,-38.5,-38.5
6015,8592,OCC(CO)(CO)CO,258,258.0
6016,8593,CC(=O)OCC(COC(C)=O)(COC(C)=O)COC(C)=O,83.5,83.5
6017,8595,C=C(C)C(=O)OCC(COC(=O)C(=C)C)(COC(=O)C(=C)C)COC(=O)C(=C)C,53.5,53.5
6018,8596,O=[N+]([O-])OCC(CO[N+](=O)[O-])(CO[N+](=O)[O-])CO[N+](=O)[O-],140.9(8),140.9
6019,8597,CCc1cc(CC)c(CC)c(CC)c1CC,<-20,20.0
6020,8599,Nc1c(F)c(F)c(F)c(F)c1F,34(1),34.0
6021,8600,COc1c(F)c(F)c(F)c(F)c1F,-30(1),30.0
6022,8601,O=Cc1c(F)c(F)c(F)c(F)c1F,20,20.0
6023,8602,Fc1cc(F)c(F)c(F)c1F,-47.3(2),-47.3
6024,8603,Fc1c(F)c(F)c(S)c(F)c1F,-24,24.0
6025,8604,O=C(O)c1c(F)c(F)c(F)c(F)c1F,103.3(5),103.3
6026,8605,N#Cc1c(F)c(F)c(F)c(F)c1F,3(2),3.0
6027,8606,FC(F)C(F)(F)F,-100.63,-100.63
6028,8607,Fc1c(F)c(F)c(I)c(F)c1F,-29,29.0
6029,8608,Oc1c(F)c(F)c(F)c(F)c1F,32.80(4),32.8
6030,8611,Cc1c(F)c(F)c(F)c(F)c1F,-29.79(5),-29.79
6031,8613,CSCCC(NC(=O)C(Cc1c[nH]c2ccccc12)NC(=O)CCNC(=O)OC(C)(C)C)C(=O)NC(CC(=O)O)C(=O)NC(Cc1ccccc1)C(N)=O,230 dec,230.0
6032,8614,O=C1c2c(O)cc(O)cc2OC(c2ccc(O)c(O)c2)C1O,227 dec,227.0
6033,8615,C[N+](C)(C)CCCCC[N+](C)(C)C.[Br-].[Br-],301,301.0
6034,8616,Cc1cc(C)c(C)c(C)c1C,54(2),54.0
6035,8617,C[Si]1O[Si](C)O[Si](C)O[Si](C)O[Si](C)O1,-108,108.0
6036,8618,CC(CC(C)(C)C)CC(C)(C)C,-66.90(8),-66.9
6037,8620,CC(C)C(C)(C)C(C)(C)C,-36.5(2),-36.5
6038,8621,CC(C(C)(C)C)C(C)(C)C,-38.8(2),-38.8
6039,8622,Cc1c(C)c(C)c(O)c(C)c1C,128,128.0
6040,8625,CCCCC=O,-81.5(2),-81.5
6041,8626,CCCCC(N)=O,104(2),104.0
6042,8628,CCCCC,-129.67(4),-129.67
6043,8629,O=CCCCC=O,-14,14.0
6044,8630,NCCCCCN,11.8(4),11.8
6045,8631,N#CCCCC#N,-28.9(1),-28.9
6046,8632,O=C(O)CCCC(=O)O,97.9(3),97.9
6047,8635,OCCCCCO,-20(7),20.0
6048,8638,CC(=O)OCCCCCOC(C)=O,2,2.0
6049,8640,CC(=O)CC(C)=O,-18.3(2),-18.3
6050,8642,CCCCC#N,-96.2(5),-96.2
6051,8643,CCCCCS,-75.69(4),-75.69
6052,8644,CCCC(C)S,-169.0(4),-169.0
6053,8645,CCC(S)CC,-110.8,-110.8
6054,8646,CCCCC(=O)O,-33.63(5),-33.63
6055,8647,CCCCC(=O)OC(=O)CCCC,-56.1(7),-56.1
6056,8648,CCCCCO,-77.58(4),-77.58
6057,8649,CCCC(C)O,-73,73.0
6058,8650,CCC(O)CC,-69.9(4),-69.9
6059,8651,CCCC(C)=O,-76.83(5),-76.83
6060,8652,CCC(=O)CC,-38.98(5),-38.98
6061,8654,CCCCC(=O)Cl,-110,110.0
6062,8655,c1ccc2cc3c(ccc4cc5ccccc5cc43)cc2c1,257,257.0
6063,8656,C1SSCSSS1,60.5,60.5
6064,8657,CCCCCCCCCCCCCCCCCCCCCCCCCCCCCCCCCCC,74.4(4),74.4
6065,8658,CCCCCCCCCCCCCCCCCC(=O)CCCCCCCCCCCCCCCCC,88.8(8),88.8
6066,8659,CC(C)=CCN1CCC2(C)c3cc(O)ccc3CC1C2C,147,147.0
6067,8661,C=CCCC,-165.13(1),-165.13
6068,8662,CC=CCC,-151.35(2),-151.35
6069,8667,C=CCCC(=O)O,-22.5,-22.5
6070,8681,O=C(O)CN(CCN(CC(=O)O)CC(=O)O)CCN(CC(=O)O)CC(=O)O,219,219.0
6071,8682,OCC1OC(n2cnc3c2NC=NCC3O)CC1O,222,222.0
6072,8683,O=[N+]([O-])OCCN(c1c([N+](=O)[O-])cc([N+](=O)[O-])cc1[N+](=O)[O-])[N+](=O)[O-],129,129.0
6073,8684,CCCCCOC(C)=O,-70.9(7),-70.9
6074,8686,CCCCCN,-51(15),51.0
6075,8688,CCCCCc1ccccc1,-78.2(4),-78.2
6076,8691,CCCCCOC(=O)CCC,-72.66(2),-72.66
6077,8692,CCC(C)(C)OC(N)=O,86,86.0
6078,8695,CCCCCC1CCCC1,-83,83.0
6079,8696,CCCCCOC=O,-73(1),73.0
6080,8697,CCCCCCC(=O)OCCCCC,-49.3(7),-49.3
6081,8698,CCCCCOC(=O)CCCCC,-49(3),49.0
6082,8701,CCCCCCCCC(=O)OCCCCC,-27.0(7),-27.0
6083,8702,CCCCCCCC(=O)OCCCCC,-34.7(6),-34.7
6084,8704,CCCCCOC(=O)CCCC,-78.8,-78.8
6085,8705,CCCCCc1ccc(O)cc1,18(1),18.0
6086,8706,CCCCCOC(=O)CC,-73.1,-73.1
6087,8708,CCCCCCCCCCCCCCCCCC(=O)OCCCCC,29.2(6),29.2
6088,8709,C#CCCC,-106.2(5),-106.2
6089,8710,CC#CCC,-109.3(2),-109.3
6090,8711,C#CCCC(=O)O,55(3),55.0
6091,8712,CCC#CCO,-49.7,-49.7
6092,8715,CN1CCN(CCCN2c3ccccc3Sc3ccccc32)CC1,52,52.0
6093,8716,Cc1cc(S(=O)(=O)c2ccccc2)ccc1NS(=O)(=O)C(F)(F)F,146.0(5),146.0
6094,8717,O=C(C(F)(F)F)C(F)(F)F,-125.45,-125.45
6095,8718,FC(F)(F)C(F)(F)C(F)(F)C(F)(F)F,-129(1),129.0
6096,8719,FC(=C(F)C(F)(F)F)C(F)(F)F,-129,129.0
6097,8721,FC1(F)C(F)(F)C(F)(F)C1(F)F,-39.80,-39.8
6098,8722,FC1(F)C(F)(F)C(F)(F)C(F)(F)C(F)(F)C1(F)F,62.9(3),62.9
6099,8724,FC1(F)C(F)(F)C(F)(F)C2(F)C(F)(F)C(F)(F)C(F)(F)C(F)(F)C2(F)C1(F)F,-8.2(5),-8.2
6100,8727,FC(F)(F)C(F)(C(F)(F)F)C(F)(C(F)(F)F)C(F)(F)F,-15.1(5),-15.1
6101,8730,FC(F)(F)C(F)(F)C(F)(F)C(F)(F)C(F)(F)C(F)(F)C(F)(F)F,-51.3(1),-51.3
6102,8733,O=C(O)C(F)(F)C(F)(F)C(F)(F)C(F)(F)C(F)(F)C(F)(F)C(F)(F)C(F)(F)C(F)(F)C(F)(F)C(F)(F)C(F)(F)C(F)(F)C(F)(F)C(F)(F)F,115,115.0
6103,8734,FC(F)(F)C(F)(F)C(F)(F)C(F)(F)C(F)(F)C(F)(F)F,-86.1(3),-86.1
6104,8735,O=S(=O)(O)C(F)(F)C(F)(F)C(F)(F)C(F)(F)C(F)(F)C(F)(F)F,190,190.0
6105,8736,O=C(O)C(F)(F)C(F)(F)C(F)(F)C(F)(F)C(F)(F)F,12.3,12.3
6106,8739,FC(F)=C(C(F)(F)F)C(F)(F)F,-130,130.0
6107,8741,FC(F)(F)C1(F)C(F)(F)C(F)(F)C(F)(F)C(F)(F)C1(F)F,-39.0(2),-39.0
6108,8743,FC(F)(F)C(F)(F)C(F)(C(F)(F)F)C(F)(F)C(F)(F)F,-115.4(5),-115.4
6109,8744,Fc1c(F)c(F)c2c(F)c(F)c(F)c(F)c2c1F,79(1),79.0
6110,8746,O=C(O)C(F)(F)C(F)(F)C(F)(F)C(F)(F)C(F)(F)C(F)(F)C(F)(F)C(F)(F)C(F)(F)C(F)(F)C(F)(F)C(F)(F)C(F)(F)C(F)(F)C(F)(F)C(F)(F)C(F)(F)F,113,113.0
6111,8748,NS(=O)(=O)C(F)(F)C(F)(F)C(F)(F)C(F)(F)C(F)(F)C(F)(F)C(F)(F)C(F)(F)F,155,155.0
6112,8751,FC1(F)OC(F)(F)C1(F)F,-117(2),117.0
6113,8752,FC(F)(F)C(F)(F)C(F)(F)C(F)(F)C(F)(F)F,-10,10.0
6114,8753,O=C(O)C(F)(F)C(F)(F)C(F)(F)C(F)(F)F,11.6,11.6
6115,8754,FC(F)(F)C(F)(F)C(F)(F)F,-147.70,-147.7
6116,8756,O=C(O)C(F)(F)C(F)(F)C(F)(F)C(F)(F)C(F)(F)C(F)(F)C(F)(F)C(F)(F)C(F)(F)C(F)(F)C(F)(F)C(F)(F)C(F)(F)F,130,130.0
6117,8757,Fc1c(F)c(F)c(C(F)(F)F)c(F)c1F,-65.48(6),-65.48
6118,8758,O=C(O)C(F)(F)C(F)(F)C(F)(F)C(F)(F)C(F)(F)C(F)(F)C(F)(F)C(F)(F)C(F)(F)C(F)(F)C(F)(F)C(F)(F)F,119,119.0
6119,8759,O=C(O)C(F)(F)C(F)(F)C(F)(F)C(F)(F)C(F)(F)C(F)(F)C(F)(F)C(F)(F)C(F)(F)C(F)(F)F,98.6,98.6
6120,8760,C1=Nc2cccc3cccc(c23)N1,223.0,223.0
6121,8761,CC1(C)C(C=C(Cl)Cl)C1C(=O)OCc1cccc(Oc2ccccc2)c1,34,34.0
6122,8762,CC(=O)OO,-0.2,-0.2
6123,8764,OCCN1CCN(CCCN2c3ccccc3Sc3ccc(Cl)cc32)CC1,97,97.0
6124,8765,CCc1ccc(C(c2ccc(CC)cc2)C(Cl)Cl)cc1,59.7(9),59.7
6125,8766,c1cc2cccc3c4cccc5cccc(c(c1)c23)c54,276(13),276.0
6126,8767,O=C1NC(=O)c2ccc3c4ccc5c6c(ccc(c7ccc1c2c73)c64)C(=O)NC5=O,240,240.0
6127,8768,COc1c(C(C)C)oc2cc3oc(=O)ccc3cc12,85,85.0
6128,8769,CC1NC(=O)C(CC(C)(O)CO)NC(=O)C2Cc3c([nH]c4ccccc34)SCC(NC(=O)C(C(C)O)NC1=O)C(=O)N1CC(O)CC1C(=O)NC(C)C(=O)N2,281 (hyd),281.0
6129,8770,CC1NC(=O)C(CC(C)(C)O)NC(=O)C2Cc3c([nH]c4ccccc34)SCC(NC(=O)C(C(C)O)NC1=O)C(=O)N1CC(O)CC1C(=O)NC(C)C(=O)N2,250 dec,250.0
6130,8771,CC1=CCC(C(C)C)C=C1,238,238.0
6131,8773,Nc1cc2ccccc2c2ccccc12,138.3,138.3
6132,8774,c1ccc2c(c1)ccc1ccccc12,99(2),99.0
6133,8775,O=C1C(=O)c2ccccc2-c2ccccc21,208.5(5),208.5
6134,8776,c1ccc2c(c1)cnc1ccccc12,106.56(2),106.56
6135,8777,c1cnc2c(c1)ccc1ncccc12,77.2(5),77.2
6136,8778,c1cnc2c(c1)ccc1cccnc12,118.56(5),118.56
6137,8779,c1cnc2ccc3ncccc3c2c1,172.4(5),172.4
6138,8780,O.c1cnc2c(c1)ccc1cccnc12,93,93.0
6139,8781,c1ccc2nc3ccccc3nc2c1,174.76(5),174.76
6140,8782,Nc1cc2nc3ccccc3nc2cc1N,264,264.0
6141,8783,Oc1cccc2nc3ccccc3nc12,158,158.0
6142,8784,Nc1ccc(N=Nc2ccccc2)c(N)n1,139,139.0
6143,8786,CCN(CC)CCSC(=O)N(c1ccccc1)c1ccccc1,48.5,48.5
6144,8788,CC(Oc1ccccc1)C(=O)NC1C(=O)N2C1SC(C)(C)C2C(=O)[O-].[K+],235,235.0
6145,8789,CC1=CC(=O)C(C2=C(O)C(=O)C(C)=CC2=O)=C(O)C1=O,230.5,230.5
6146,8790,CN1CCC2=C(C1)C(c1ccccc1)c1ccccc12,91,91.0
6147,8791,COC(=O)Nc1cccc(OC(=O)Nc2cccc(C)c2)c1,150.8(8),150.8
6148,8792,CCC1(c2ccccc2)C(=O)NC(=O)NC1=O,176(1),176.0
6149,8794,O=C1OC(c2ccc(O)cc2)(c2ccc(O)cc2)c2ccccc21,262(2),262.0
6150,8795,O=C(O)c1ccccc1C(c1ccc(O)cc1)c1ccc(O)cc1,230.5,230.5
6151,8796,OCc1ccccc1C(c1ccc(O)cc1)c1ccc(O)cc1,201.5,201.5
6152,8797,O=S1(=O)OC(c2ccc(O)cc2)(c2ccc(O)cc2)c2ccccc21,>300,300.0
6153,8798,c1ccc2c(c1)Nc1ccccc1S2,184.9(6),184.9
6154,8800,c1ccc2c(c1)Nc1ccccc1O2,156.7(5),156.7
6155,8801,O=C(O)COc1ccccc1,98.5,98.5
6156,8803,C#COc1ccccc1,-36,36.0
6157,8804,Nc1ccccc1Oc1ccccc1,45.8,45.8
6158,8805,Nc1cccc(Oc2ccccc2)c1,37,37.0
6159,8806,Nc1ccc(Oc2ccccc2)cc1,85.5,85.5
6160,8807,O=Cc1cccc(Oc2ccccc2)c1,14.0,14.0
6161,8808,CC(COc1ccccc1)N(CCCl)Cc1ccccc1,39,39.0
6162,8809,CC(COc1ccccc1)N(CCCl)Cc1ccccc1.Cl,139,139.0
6163,8810,O=C(O)c1ccccc1Oc1ccccc1,113(2),113.0
6164,8811,O=C(O)c1cccc(Oc2ccccc2)c1,145.8,145.8
6165,8812,O=C(O)c1ccc(Oc2ccccc2)cc1,161,161.0
6166,8813,OCCOc1ccccc1,12(2),12.0
6167,8817,Oc1ccc(Oc2ccccc2)cc1,84.0,84.0
6168,8819,OCC(O)COc1ccccc1,67.5,67.5
6169,8820,CC(Oc1ccccc1)C(=O)O,115.5,115.5
6170,8825,CCC(c1ccccc1)c1c(O)c2ccccc2oc1=O,183(1),183.0
6171,8827,Cc1ccc(N(CC2=NCCN2)c2cccc(O)c2)cc1,175,175.0
6172,8829,O=C(Cc1ccccc1)c1ccccc1,56(3),56.0
6173,8830,CC1=C(C(=O)O)N2C(=O)C(NC(=O)Cc3ccccc3)C2SC1,200,200.0
6174,8831,C#Cc1ccccc1,-45.1(4),-45.1
6175,8832,O=C(O)CNC(=O)Cc1ccccc1,143,143.0
6176,8833,CC(=O)Oc1ccccc1C(=O)Oc1ccccc1,96,96.0
6177,8834,NC(=O)NC(=O)Cc1ccccc1,215,215.0
6178,8835,c1ccc(-c2c3ccccc3nc3ccccc23)cc1,184,184.0
6179,8836,NC(=O)C(N)Cc1ccccc1,82,82.0
6180,8837,NC(Cc1ccccc1)C(=O)O,283 dec,283.0
6181,8838,CCOC(=O)C(N)Cc1ccccc1,136,136.0
6182,8839,NC(Cc1ccccc1)C(=O)NCC(=O)O,262 dec,262.0
6183,8840,O=S(=O)(O)c1ccc(Nc2ccccc2)cc1,206,206.0
6184,8841,O=C(O)c1ccccc1Nc1ccccc1,183.5,183.5
6185,8842,Nc1ccc(C(=O)Oc2ccccc2)c(O)c1,153,153.0
6186,8843,Oc1cccc(Nc2ccccc2)c1,81.5,81.5
6187,8844,Oc1ccc(Nc2ccccc2)cc1,73,73.0
6188,8845,c1ccc(-c2c3ccccc3cc3ccccc23)cc1,154(4),154.0
6189,8846,I[As](I)c1ccccc1,15,15.0
6190,8847,Cl.Nc1ccc(N=Nc2ccccc2)c(N)c1,118.5,118.5
6191,8848,Oc1ccc(N=Nc2ccccc2)c(O)c1,170,170.0
6192,8849,c1ccc(N=Nc2ccc(Nc3ccccc3)cc2)cc1,84.0,84.0
6193,8850,Nc1ccc(N=Nc2ccccc2)c2ccccc12,123,123.0
6194,8851,Nc1ccc2ccccc2c1N=Nc1ccccc1,103,103.0
6195,8852,Oc1ccc2ccccc2c1N=Nc1ccccc1,132,132.0
6196,8853,Oc1ccc(N=Nc2ccccc2)cc1,151.5(8),151.5
6197,8854,Oc1ccc2ccccc2c1N=Nc1ccc(N=Nc2ccccc2)cc1,195,195.0
6198,8855,O=C(Nc1ccccc1)c1ccccc1,160(1),160.0
6199,8857,O=C(O)C(c1ccccc1)c1ccccc1,147.26(4),147.26
6200,8858,N#CC(c1ccccc1)c1ccccc1,74.3,74.3
6201,8859,O=C(Cl)C(c1ccccc1)c1ccccc1,56.5,56.5
6202,8860,S=C(Nc1ccccc1)c1ccccc1,102,102.0
6203,8861,Nc1ccccc1Nc1ccccc1,79.5,79.5
6204,8862,Nc1ccc(Nc2ccccc2)cc1,75(1),75.0
6205,8864,OC(Cc1ccccc1)c1ccccc1,53(2),53.0
6206,8865,NC(c1ccccc1)c1ccccc1,34,34.0
6207,8867,O=C(O)CC(c1ccccc1)c1ccccc1,156.0,156.0
6208,8868,c1ccc(-c2nc3ccccc3[nH]2)cc1,293,293.0
6209,8870,O=C(O)c1ccccc1-c1ccccc1,112(3),112.0
6210,8871,O=C(O)c1ccc(-c2ccccc2)cc1,210(5),210.0
6211,8872,O=c1cc(-c2ccccc2)oc2ccccc12,96.7(5),96.7
6212,8873,O=c1c(-c2ccccc2)coc2ccccc12,148,148.0
6213,8874,c1ccc(-c2nc3ccccc3s2)cc1,115,115.0
6214,8875,c1ccc(CN(Cc2ccccc2)c2ccccc2)cc1,69,69.0
6215,8876,NC(N)=NC(N)=Nc1ccccc1,143,143.0
6216,8878,CCCC(=O)Nc1ccccc1,97,97.0
6217,8879,O=C(O)CC(C(=O)O)c1ccccc1,167(1),167.0
6218,8880,CC(=O)CC(=O)c1ccccc1,60(2),60.0
6219,8882,CCCC(=O)c1ccccc1,12,12.0
6220,8884,CC(=O)CCc1ccccc1,-13,13.0
6221,8885,CCCCC1C(=O)N(c2ccccc2)N(c2ccccc2)C1=O,104(1),104.0
6222,8887,CC=CC(=O)c1ccccc1,20.5,20.5
6223,8888,CC(=O)C=Cc1ccccc1,41(3),41.0
6224,8889,CC(=O)C#Cc1ccccc1,4.5,4.5
6225,8890,O=C(CCl)Oc1ccccc1,44.5,44.5
6226,8892,Oc1ccc(-c2ccccc2)cc1Cl,77,77.0
6227,8893,O=C1C=CC(=O)C(c2ccccc2)=C1,114,114.0
6228,8894,O=C1CCC(c2ccccc2)CC1,79,79.0
6229,8895,c1ccc(C2(N3CCCCC3)CCCCC2)cc1,46.5,46.5
6230,8896,O=C1C=C(c2ccccc2)CC1,-23,23.0
6231,8897,OCCN(CCO)c1ccccc1,57,57.0
6232,8898,c1ccc(C2OCCCO2)cc1,48(2),48.0
6233,8900,CCCCCCCCCCCC(=O)c1ccccc1,44(1),44.0
6234,8901,OCC(O)c1ccccc1,66(3),66.0
6235,8903,CC(=NO)c1ccccc1,60,60.0
6236,8904,CC(=O)OCCc1ccccc1,-31.1,-31.1
6237,8906,Cl.NC(N)=NC(N)=NCCc1ccccc1,178(1),178.0
6238,8908,O=C(Cc1ccccc1)OCCc1ccccc1,26.5,26.5
6239,8910,c1ccc(CCc2ccccn2)cc1,-1.5,-1.5
6240,8911,O=CNc1ccccc1,46.5(6),46.5
6241,8914,OCC1OC(Oc2ccccc2)C(O)C(O)C1O,156(1),156.0
6242,8916,O=C(O)CNc1ccccc1,127.5,127.5
6243,8917,CCCCCCC(=O)c1ccccc1,17(3),17.0
6244,8918,CCCCCC(=O)c1ccccc1,27,27.0
6245,8919,NNc1ccccc1,20(2),20.0
6246,8920,NC(=O)NNc1ccccc1,172,172.0
6247,8921,NNC(=O)Nc1ccccc1,128,128.0
6248,8922,Cl.NNc1ccccc1,244 dec,244.0
6249,8923,ONc1ccccc1,79(2),79.0
6250,8924,O=C(Oc1ccccc1)c1ccc2ccccc2c1O,96,96.0
6251,8925,c1ccc(-n2ccnc2)cc1,13,13.0
6252,8926,c1ccc(-c2ncc[nH]2)cc1,148.2(5),148.2
6253,8927,O=C1NC(=O)C(c2ccccc2)N1,184.5,184.5
6254,8929,Oc1ccccc1C=Nc1ccccc1,49.5,49.5
6255,8930,Oc1ccc(C=Nc2ccccc2)cc1,196.0,196.0
6256,8932,O=C1c2ccccc2C(=O)C1c1ccccc1,150,150.0
6257,8933,c1ccc(-c2cc3ccccc3[nH]2)cc1,188(3),188.0
6258,8934,CC(=O)OI(OC(C)=O)c1ccccc1,161,161.0
6259,8936,O=C1c2ccccc2C(=O)N1c1ccccc1,205(1),205.0
6260,8937,CC(C)Oc1ccccc1,-33.0(4),-33.0
6261,8938,S=C=Nc1ccccc1,-21,21.0
6262,8939,O=C1CC(c2ccccc2)=NO1,151,151.0
6263,8940,CCCCCCCCCCCC(=O)Oc1ccccc1,24.5,24.5
6264,8942,Cl[Hg]c1ccccc1,251,251.0
6265,8943,O=[N+]([O-])O[Hg]c1ccccc1,≈181,181.0
6266,8944,O=Cc1ccc(OCc2ccccc2)cc1,73,73.0
6267,8945,NC(N)=NCCCC(NC(=O)OCc1ccccc1)C(=O)O,174,174.0
6268,8946,O=C(O)CC(NC(=O)OCc1ccccc1)C(=O)O,117.0,117.0
6269,8948,Oc1ccc(OCc2ccccc2)cc1,122,122.0
6270,8949,C(=Nc1ccccc1)c1ccccc1,56(5),56.0
6271,8950,O=C(O)C(=Cc1ccccc1)c1ccccc1,174(3),174.0
6272,8953,CCC(C=O)=Cc1ccccc1,18,18.0
6273,8955,CCCCCC(C=O)=Cc1ccccc1,80,80.0
6274,8957,CCCCCCC(C=O)=Cc1ccccc1,4,4.0
6275,8961,CC(C)(O)Cc1ccccc1,24,24.0
6276,8962,c1ccc(CNc2ncnc3nc[nH]c23)cc1,232.8,232.8
6277,8963,c1ccc(N2CCOCC2)cc1,58.3,58.3
6278,8964,c1ccc(Nc2cccc3ccccc23)cc1,61,61.0
6279,8965,c1ccc(Nc2ccc3ccccc3c2)cc1,108(1),108.0
6280,8966,c1ccc(-c2cccc3ccccc23)cc1,45,45.0
6281,8967,c1ccc(-c2ccc3ccccc3c2)cc1,101(2),101.0
6282,8968,CCCCCCCC(=O)c1ccccc1,22.8,22.8
6283,8969,c1ccc(C2CO2)cc1,-35.6,-35.6
6284,8971,O=CC=CC=Cc1ccccc1,42.5,42.5
6285,8974,CCCCC(=O)c1ccccc1,-9.4,-9.4
6286,8975,CCC(=O)C=Cc1ccccc1,38.5,38.5
6287,8977,O=[P+](O)c1ccccc1,83.8,83.8
6288,8978,O=P(O)(O)c1ccccc1,158.5(2),158.5
6289,8979,O=P(Cl)(Cl)c1ccccc1,1,1.0
6290,8981,ClP(Cl)c1ccccc1,-51,51.0
6291,8984,c1ccc(N2CCCCC2)cc1,4.7,4.7
6292,8985,c1ccc(C2CCNCC2)cc1,60.5,60.5
6293,8986,CCC(=O)Nc1ccccc1,105.5,105.5
6294,8987,CC(=O)C(=O)c1ccccc1,<20,20.0
6295,8988,CC(=NO)C(=O)c1ccccc1,115,115.0
6296,8989,CCC(=O)Oc1ccccc1,19(1),19.0
6297,8992,CC(N)C(O)c1ccccc1.Cl,194,194.0
6298,8993,CCC(=O)c1ccccc1,18.6(2),18.6
6299,8994,CC(=O)Cc1ccccc1,-15.3(5),-15.3
6300,8995,N#CC=Cc1ccccc1,-4.4,-4.4
6301,8997,O=C(C=Cc1ccccc1)OC(=O)C=Cc1ccccc1,136,136.0
6302,8998,OCC=Cc1ccccc1,34,34.0
6303,9001,O=C(Cl)C=Cc1ccccc1,37.5,37.5
6304,9002,CC(=O)OCCCc1ccccc1,-40,40.0
6305,9004,CC(N)Cc1ccccc1,27.5,27.5
6306,9005,CCCOc1ccccc1,-28(1),28.0
6307,9008,O=C(O)C#Cc1ccccc1,137(2),137.0
6308,9010,Nc1nc(N)c2nc(-c3ccccc3)c(N)nc2n1,316,316.0
6309,9011,O=C1CCN(c2ccccc2)N1,126,126.0
6310,9013,c1ccc(-c2cccnc2)cc1,164,164.0
6311,9014,c1ccc(-c2ccncc2)cc1,74(3),74.0
6312,9015,O=C(c1ccccc1)c1ccccn1,43.3(2),43.3
6313,9016,O=C(c1ccccc1)c1ccncc1,75(2),75.0
6314,9017,c1ccc(-n2cccc2)cc1,61(1),61.0
6315,9018,c1ccc(-c2ccc[nH]2)cc1,130(2),130.0
6316,9019,O=C1C=CC(=O)N1c1ccccc1,90.5,90.5
6317,9020,c1ccc(N2CCCC2)cc1,11,11.0
6318,9021,O=C1CCC(=O)N1c1ccccc1,156,156.0
6319,9022,c1ccc(-c2ccc3ccccc3n2)cc1,83(1),83.0
6320,9023,O=C(O)c1cc(-c2ccccc2)nc2ccccc12,214.5,214.5
6321,9024,O=C(Oc1ccccc1)c1ccccc1O,41.82(4),41.82
6322,9026,c1ccc([Si]23OCCN(CCO2)CCO3)cc1,209,209.0
6323,9027,c1ccc(O[Si](Oc2ccccc2)(Oc2ccccc2)Oc2ccccc2)cc1,49,49.0
6324,9028,CCCCCCCCCCCCCCCCCC(=O)Oc1ccccc1,52,52.0
6325,9029,c1ccc(-c2cc(-c3ccccc3)cc(-c3ccccc3)c2)cc1,173(3),173.0
6326,9030,Nc1nc(N)c(-c2ccccc2)s1,163 dec,163.0
6327,9031,O=C(c1ccccc1)c1cccs1,56.5,56.5
6328,9032,CC(=S)Nc1ccccc1,75.5,75.5
6329,9034,NC(=S)NNc1ccccc1,200 dec,200.0
6330,9035,NNC(=S)Nc1ccccc1,140 dec,140.0
6331,9036,NC(=S)Nc1ccccc1,154,154.0
6332,9037,O=C1CSC(=S)N1c1ccccc1,194.5,194.5
6333,9038,Nc1nc(N)nc(-c2ccccc2)n1,226.5,226.5
6334,9039,Nc1ncnc(Nc2ccccc2)n1,235.5,235.5
6335,9040,O=c1[nH][nH]c(=O)n1-c1ccccc1,205.5,205.5
6336,9041,C[N+](C)(C)c1ccccc1.[I-],224,224.0
6337,9042,c1ccc(N=NC(c2ccccc2)(c2ccccc2)c2ccccc2)cc1,111 dec,111.0
6338,9043,NC(=O)Nc1ccccc1,147.4(5),147.4
6339,9044,Oc1cc(O)cc(C=Cc2ccccc2)c1,156,156.0
6340,9046,O=C1NC(=O)C(c2ccccc2)(c2ccccc2)N1,286,286.0
6341,9047,O=C(CCc1ccc(O)cc1)c1c(O)cc(O)cc1O,263 dec,263.0
6342,9048,CCOP(=S)(OCC)SCSCC,<-15,15.0
6343,9049,CC1=CC2C(O)(CC(CO)=CC3C4C(C)(C)C4(O)C(O)C(C)C32O)C1=O,250 dec,250.0
6344,9050,CC(C)=CC(=O)C=C(C)C,25.8(5),25.8
6345,9051,CCOP(=S)(OCC)SCn1c(=O)oc2cc(Cl)ccc21,48.7(4),48.7
6346,9052,CCOP(=O)(N=C1SCCS1)OCC,36.5,36.5
6347,9053,COP(=S)(OC)SCN1C(=O)c2ccccc2C1=O,72.0(2),72.0
6348,9054,CCN(CC)C(=O)C(Cl)=C(C)OP(=O)(OC)OC,-45,45.0
6349,9055,NC(=NCCCC(N)C(=O)O)NP(=O)(O)O,177,177.0
6350,9056,NCCOP(=O)(O)O,242,242.0
6351,9057,NC(COP(=O)(O)O)C(=O)O,166 dec,166.0
6352,9058,c1ccc2cnncc2c1,91.3(2),91.3
6353,9059,O=C(O)c1ccccc1C(=O)O,207(3),207.0
6354,9060,O=C1OC(=O)c2ccccc21,131.4(3),131.4
6355,9062,O=C(O)c1ccccc1C(=O)Nc1ccc(S(=O)(=O)Nc2nccs2)cc1,273,273.0
6356,9063,CNC(=O)Oc1ccc2c(c1)C1(C)CCN(C)C1N2C,105.5,105.5
6357,9065,c1ccc2c(c1)ccc1c2ccc2c3ccccc3ccc21,365(2),365.0
6358,9066,CC1=NN(c2ccc([N+](=O)[O-])cc2)C(=O)C1[N+](=O)[O-],116,116.0
6359,9067,COc1cc(C2c3cc4c(cc3C(O)C3COC(=O)C23)OCO4)cc(OC)c1OC,228,228.0
6360,9068,C=C(C)C1C2OC(=O)C1C1(O)CC3OC34C(=O)OC2C14C.CC(C)(O)C1C2OC(=O)C1C1(O)CC3OC34C(=O)OC2C14C,203.5,203.5
6361,9069,CCC1C(=O)OCC1Cc1cncn1C,34,34.0
6362,9070,CCC1C(=O)OCC1Cc1cncn1C.Cl,204.5,204.5
6363,9071,CCC1C(=O)OCC1Cc1cncn1C.O=[N+]([O-])O,178,178.0
6364,9073,C=CC1(C)C=C2CCC3C(C)(C(=O)O)CCCC3(C)C2CC1,218.5,218.5
6365,9074,CC1CCC2CC1C2(C)C,-53,53.0
6366,9075,CC1(O)CCC2CC1C2(C)C,60,60.0
6367,9076,CC(C)NCC(O)COc1cccc2[nH]ccc12,172,172.0
6368,9077,CC1=CCC2CC1C2(C)C,-74(4),74.0
6369,9078,C=C1CCC2CC1C2(C)C,-50.0(2),-50.0
6370,9079,C1CNCCN1,111(1),111.0
6371,9081,OCCN1CCN(CCO)CC1,132(2),132.0
6372,9083,O=C1CNC(=O)CN1,312 dec,312.0
6373,9084,NCCCN1CCN(CCCN)CC1,15,15.0
6374,9088,C1CCNCC1,-11.05(3),-11.05
6375,9089,O=CN1CCCCC1,-30.8,-30.8
6376,9090,NC(=O)C1CCNCC1,138.5,138.5
6377,9091,O=C(O)C1CCCCN1,260,260.0
6378,9092,O=C(O)C1CCCNC1,261 dec,261.0
6379,9093,O=C(O)C1CCNCC1,336,336.0
6380,9094,OCCN1CCCCC1,17.9,17.9
6381,9095,OCCC1CCCCN1,69,69.0
6382,9096,OCCC1CCNCC1,132.5,132.5
6383,9097,C1CCNCC1.Cl,142 dec,142.0
6384,9098,NCC1CCNCC1,25,25.0
6385,9099,OCC1CCCCN1,69(3),69.0
6386,9100,OCC1CCCNC1,61,61.0
6387,9101,N#CCCN1CCCCC1,-6.8,-6.8
6388,9102,O=C1CCCCN1,38.68(5),38.68
6389,9105,c1cncc(C2CCCCN2)c1,9,9.0
6390,9106,O=C(C=CC=Cc1ccc2c(c1)OCO2)N1CCCCC1,130(2),130.0
6391,9109,O=C(CCBr)N1CCN(C(=O)CCBr)CC1,106,106.0
6392,9111,Cc1nc(N(C)C)nc(OC(=O)N(C)C)c1C,90.5,90.5
6393,9113,CCN(CC)c1nc(C)cc(OP(=S)(OC)OC)n1,15,15.0
6394,9114,CCCCCCCCCC1CC(=O)NCCCNCCCCNCCCN1,68,68.0
6395,9115,CC(C)(C)C(=O)C1C(=O)c2ccccc2C1=O,109.7(3),109.7
6396,9119,CN1C(CSCC(F)(F)F)Nc2cc(Cl)c(S(N)(=O)=O)cc2S1(=O)=O,214,214.0
6397,9121,O=C(OCC1OC(Oc2ccccc2CO)C(O)C(O)C1O)c1ccccc1,180,180.0
6398,9122,C1=Cc2cc3ccc(cc4ccc(cc5nc(cc1n2)C=C5)[nH]4)[nH]3,360,360.0
6399,9124,O=c1nc([O-])n(Cl)c(=O)n1Cl.[K+],250 dec,250.0
6400,9125,O=C([O-])C(O)C(O)C(O)C(O)CO.[K+],183 dec,183.0
6401,9126,CC=CC=CC(=O)[O-].[K+],>270 dec,270.0
6402,9129,COc1cc2nc(N3CCN(C(=O)c4ccco4)CC3)nc(N)c2cc1OC,279,279.0
6403,9130,CC12C=CC(=O)C=C1CCC1C2C(O)CC2(C)C1CCC2(O)C(=O)CO,235,235.0
6404,9131,CCC1CCC2C3CCC4CCCCC4(C)C3CCC12C,84.5,84.5
6405,9133,CC(O)C1CCC2C3CCC4CC(O)CCC4(C)C3CCC12C,244,244.0
6406,9135,CC(=O)C1CCC2C3CCC4CC(=O)CCC4(C)C3CCC12C,200,200.0
6407,9137,CC12CCC(O)CC1CCC1C2CCC2(C)C1CCC2(O)C(=O)CO,226,226.0
6408,9138,CC(=O)C1CCC2C3CC=C4CC(O)CCC4(C)C3CCC12C,192,192.0
6409,9139,Cl.c1ccc(C(Cc2noc(CCN3CCCCC3)n2)c2ccccc2)cc1,186.5,186.5
6410,9142,CCCNC(C)C(=O)Nc1ccccc1C,38,38.0
6411,9143,CCN(CC)CCNC(=O)c1ccc(N)cc1,47,47.0
6412,9144,CCN(CC)CCNC(=O)c1ccc(N)cc1.Cl,166,166.0
6413,9145,CNNCc1ccc(C(=O)NC(C)C)cc1.Cl,225,225.0
6414,9146,CN1CCN(CCCN2c3ccccc3Sc3ccc(Cl)cc32)CC1,228,228.0
6415,9147,CC12CC1(C)C(=O)N(c1cc(Cl)cc(Cl)c1)C2=O,165.2(5),165.2
6416,9148,CCCN(CCC)c1c([N+](=O)[O-])cc(C(F)(F)F)c(N)c1[N+](=O)[O-],124,124.0
6417,9150,CCCN(CC1CC1)c1c([N+](=O)[O-])cc(C(F)(F)F)cc1[N+](=O)[O-],34.8(5),34.8
6418,9151,CC(=O)C1CCC2C3CCC4=CC(=O)CCC4(C)C3CCC12C,131.0(3),131.0
6419,9152,O=C(O)C1CCCN1,205 dec,205.0
6420,9155,CNC(=O)Oc1cc(C)cc(C(C)C)c1,89.3(5),89.3
6421,9156,CC(CN1c2ccccc2Sc2ccccc21)N(C)C,60,60.0
6422,9157,CC(CN1c2ccccc2Sc2ccccc21)N(C)C.Cl,231,231.0
6423,9158,COc1nc(NC(C)C)nc(NC(C)C)n1,91.4(3),91.4
6424,9159,CSc1nc(NC(C)C)nc(NC(C)C)n1,121(1),121.0
6425,9160,CC(C)N(C(=O)CCl)c1ccccc1,78(1),78.0
6426,9161,CCC=O,-80,80.0
6427,9162,CCC=NO,40,40.0
6428,9163,CCC(N)=O,79.9(7),79.9
6429,9164,CCC,-187.63(5),-187.63
6430,9165,NC(=O)CC(N)=O,170(1),170.0
6431,9167,NCCCN,-10.9(3),-10.9
6432,9168,CC(O)CO,-60,60.0
6433,9169,OCCCO,-27.6(1),-27.6
6434,9176,SCCCS,-79,79.0
6435,9177,Oc1ccccc1C=NCCCN=Cc1ccccc1O,54.3,54.3
6436,9178,CCC#N,-93(1),93.0
6437,9179,CCCS(=O)(=O)O,8,8.0
6438,9182,CCCS,-113.12(7),-113.12
6439,9183,CC(C)S,-130.50(5),-130.5
6440,9185,O=C(O)CC(CC(=O)O)C(=O)O,166,166.0
6441,9187,CCC(=O)Nc1ccc(Cl)c(Cl)c1,91.3(3),91.3
6442,9188,CCC(=O)O,-20.5(5),-20.5
6443,9189,CCC(=O)OC(=O)CC,-45.0(5),-45.0
6444,9190,CCCO,-124.39(2),-124.39
6445,9191,CC(C)O,-87.91(4),-87.91
6446,9192,CC(C)=NO,61,61.0
6447,9193,CC(C)=NNc1ccccc1,42,42.0
6448,9194,CCC(=O)Cl,-94.0(4),-94.0
6449,9196,CC(C)[N+](C)(CCOC(=O)C1c2ccccc2Oc2ccccc21)C(C)C.[Br-],160,160.0
6450,9199,C#CCO,-51.8(4),-51.8
6451,9200,CCC(CO[N+](=O)[O-])(CO[N+](=O)[O-])CO[N+](=O)[O-],52,52.0
6452,9201,CC(C)Nc1nc(Cl)nc(NC(C)C)n1,217(1),217.0
6453,9202,C=CC,-185.20(2),-185.2
6454,9204,C=C(CC(=O)O)C(=O)O,165.7(9),165.7
6455,9206,O=C(O)C=C(CC(=O)O)C(=O)O,125,125.0
6456,9208,CC=C=O,-80,80.0
6457,9210,CC=Cc1ccccc1,-61.7(3),-61.7
6458,9212,CC=Cc1ccc2c(c1)OCO2,6.8,6.8
6459,9214,CC=CC1CCCCN1,8,8.0
6460,9218,CCC(=O)OC(CC(=O)[O-])C[N+](C)(C)C,147 dec,147.0
6461,9219,CC(C)c1cccc(C(C)C)c1O,18(1),18.0
6462,9220,CNC(=O)Oc1ccccc1OC(C)C,90.5(5),90.5
6463,9222,CCC(=O)OC(Cc1ccccc1)(c1ccccc1)C(C)CN(C)C,75.5,75.5
6464,9226,CC(C)NCC(O)COc1cccc2ccccc12,96,96.0
6465,9227,CCCOC(C)=O,-93(2),93.0
6466,9229,CCCN,-84.78(4),-84.78
6467,9230,CCCN.Cl,163.5,163.5
6468,9231,CCCOC(=O)c1ccc(N)cc1,73.1(7),73.1
6469,9235,CCC[As](=O)(O)O,134.5,134.5
6470,9236,CCCc1ccccc1,-99.52(5),-99.52
6471,9237,CCCC(O)c1ccccc1,16,16.0
6472,9239,CCCOC(=O)c1ccccc1,-51.6,-51.6
6473,9241,CCCOC(=O)CCC,-95.2(5),-95.2
6474,9242,CCCOC(N)=O,60,60.0
6475,9251,CCCC1CCCC1,-117.34(6),-117.34
6476,9252,CCCC1(O)CCCC1,-37.5,-37.5
6477,9253,CC1COC(=O)O1,-48.8,-48.8
6478,9258,CCCOC=O,-92.9(4),-92.9
6479,9261,CCCCCC(=O)OCCC,-74.0(5),-74.0
6480,9262,CCCOC(=O)c1ccccc1O,97,97.0
6481,9263,CCCOC(=O)c1ccc(O)cc1,96.1(5),96.1
6482,9264,CCCOC(=O)Cn1cc(I)c(=O)c(I)c1,186,186.0
6483,9270,CCCc1cccc2ccccc12,-8.6(3),-8.6
6484,9273,CCCCCCCC(=O)OCCC,-46(1),46.0
6485,9274,CCCCC(=O)OCCC,-70.7,-70.7
6486,9276,CCCc1ccccc1O,7(1),7.0
6487,9277,CCCc1ccc(O)cc1,22(2),22.0
6488,9278,CCCC1CCCCN1,-1.0,-1.0
6489,9279,CCCC1CCC(O)CN1,106,106.0
6490,9280,CCCNC(=O)CC,154,154.0
6491,9281,CCCOC(=O)CC,-75.9(4),-75.9
6492,9284,CCCc1cc(C(N)=S)ccn1,136.7,136.7
6493,9288,CCCSc1ccccc1,-45,45.0
6494,9289,CCCOS(=O)(=O)c1ccc(C)cc1,<-20,20.0
6495,9291,CCCOC(=O)c1cc(O)c(O)c(O)c1,130,130.0
6496,9292,CCCNC(N)=O,107.8(4),107.8
6497,9296,C#CC,-103.0(5),-103.0
6498,9297,C#CC(=O)O,9,9.0
6499,9299,C#CC(C)(C)NC(=O)c1cc(Cl)cc(Cl)c1,156.5(5),156.5
6500,9300,CCCCCC(O)C=CC1C(O)CC(=O)C1CCCCCCC(=O)O,115,115.0
6501,9301,CCCCCC(O)C=CC1C(O)CC(=O)C1CC=CCCCC(=O)O,67,67.0
6502,9302,CCCCCC(O)C=CC1C(O)CC(O)C1CC=CCCCC(=O)O,≈30,30.0
6503,9303,CN1CCc2cc3c(cc2C(=O)Cc2ccc4c(c2C1)OCO4)OCO3,208,208.0
6504,9304,CC1CCC2N(C1)CC1C(C(O)C(O)C3(O)C1CC14OC5(O)C(O)CCC1(C)C5C(O)C(O)C34)C2(C)O,221,221.0
6505,9305,CNCCCC1c2ccccc2C=Cc2ccccc21.Cl,170,170.0
6506,9306,COc1cc(O)c2c(=O)c(-c3ccc(O)cc3)coc2c1,239.5,239.5
6507,9307,CCN1CC2(COC)C(O)CC(OC)C34C5CC6(O)C(OC)CC(OC(C)=O)(C5C6OC(=O)c5ccc(OC)c(OC)c5)C(C(OC)C23)C14,214,214.0
6508,9308,COc1ccc2c3c1OC1C=CC(O)C4C(C2)N(C)CCC314,181.5,181.5
6509,9309,CC1=C2C(=O)C3C(CC=C4CC(OC5OC(CO)C(O)C(O)C5O)CCC43C)C2CCC12OC1CC(C)CNC1C2C,304 dec,304.0
6510,9310,CN1CCC23c4c5cc(-c6cc7c8c(c6O)OC6C(O)C=CC9C(C7)N(C)CCC896)c(O)c4OC2C(O)C=CC3C1C5,282.5,282.5
6511,9311,CN1C2CCC1CC(O)C2,109,109.0
6512,9312,O=c1ccc2cc3ccoc3cc2o1,171,171.0
6513,9313,c1cnc2ncncc2n1,139.5,139.5
6514,9314,O=c1[nH]c(=O)c2nccnc2[nH]1,348.5,348.5
6515,9316,c1ncc2[nH]cnc2n1,216.5,216.5
6516,9317,Nc1nc(N)c2[nH]cnc2n1,302,302.0
6517,9318,Cn1c2cccc(=O)c-2nc2ccccc21,133 dec,133.0
6518,9320,O=c1cccco1,8.5,8.5
6519,9321,O=c1ccocc1,32.5,32.5
6520,9322,CN1CCCN=C1C=Cc1cccs1,178,178.0
6521,9323,S=c1ccocc1,49,49.0
6522,9326,NC(=O)c1cnccn1,190(1),190.0
6523,9327,O=C(O)c1cnccn1,225(2),225.0
6524,9328,O=C(O)c1nccnc1C(=O)O,193 dec,193.0
6525,9329,c1cn[nH]c1,59.9(3),59.9
6526,9330,Nc1ccc2ccc3cccc4ccc1c2c34,117.5,117.5
6527,9331,c1cc2ccc3cccc4ccc(c1)c2c34,150.62(4),150.62
6528,9334,CCCCCCCCSC(=O)Oc1cc(Cl)nnc1-c1ccccc1,27,27.0
6529,9335,c1ccnnc1,-8,8.0
6530,9336,Nc1ccccn1,58.2(9),58.2
6531,9337,Nc1cccnc1,64.5(3),64.5
6532,9338,Nc1ccncc1,159.0(5),159.0
6533,9340,N#Cc1ccccn1,29(2),29.0
6534,9341,N#Cc1cccnc1,50(1),50.0
6535,9342,N#Cc1ccncc1,79(1),79.0
6536,9343,NC(=S)c1cccnc1,192,192.0
6537,9344,NC(=S)c1ccncc1,198 dec,198.0
6538,9348,ON=Cc1ccccn1,113.1(5),113.1
6539,9349,NC(=O)c1ccccn1,108.3,108.3
6540,9350,NC(=O)c1cccnc1,128.8(5),128.8
6541,9355,O=C(O)c1ccc[n+]([O-])c1,254 dec,254.0
6542,9356,O=C(O)c1cc[n+]([O-])cc1,273 dec,273.0
6543,9357,Nc1cccnc1N,120.8,120.8
6544,9358,Nc1ccc(N)nc1,110.3,110.3
6545,9359,Nc1cccc(N)n1,122(1),122.0
6546,9360,Nc1ccncc1N,219.3,219.3
6547,9361,O=C(O)c1cccnc1C(=O)O,228.5,228.5
6548,9362,O=C(O)c1ccnc(C(=O)O)c1,249,249.0
6549,9363,O=C(O)c1ccc(C(=O)O)nc1,254,254.0
6550,9364,O=C(O)c1cccc(C(=O)O)n1,252,252.0
6551,9365,O=C(O)c1ccncc1C(=O)O,256,256.0
6552,9366,O=C(O)c1cncc(C(=O)O)c1,324,324.0
6553,9367,O=C1OC(=O)c2ncccc21,138,138.0
6554,9371,Cl.c1ccncc1,144(1),144.0
6555,9373,NCc1cccnc1,-21.1,-21.1
6556,9377,OCc1ccncc1,53,53.0
6557,9378,[O-][n+]1ccccc1,67.8(5),67.8
6558,9379,OCCCc1ccccn1,34,34.0
6559,9381,O=S(=O)(O)c1cccnc1,357 dec,357.0
6560,9382,On1ccccc1=S,70.5,70.5
6561,9383,S=c1cccc[nH]1,130.0,130.0
6562,9384,O=c1cccc[nH]1,107.8,107.8
6563,9385,Oc1cccnc1,129,129.0
6564,9386,O=c1cc[nH]cc1,148(1),148.0
6565,9388,NNc1ccccn1,46.6,46.6
6566,9389,OC(CNc1ccccn1)c1ccccc1,83.5,83.5
6567,9391,CC(=O)c1cccnc1,13.5,13.5
6568,9392,CC(=O)c1ccncc1,16,16.0
6569,9394,c1ccc(Nc2ccccn2)nc1,90.5,90.5
6570,9395,Cc1ncc(CO)c(C=O)c1O.Cl,165 dec,165.0
6571,9396,Cc1ncc(COP(=O)(O)O)c(C=O)c1O,141,141.0
6572,9397,Cc1ncc(CO)c(CN)c1O,198,198.0
6573,9398,Cc1ncc(CO)c(CN)c1O.Cl.Cl,226 dec,226.0
6574,9399,Cc1ncc(CO)c(CO)c1O.Cl,207,207.0
6575,9400,Oc1ccc2ccccc2c1N=Nc1ccccn1,130,130.0
6576,9401,Oc1ccc(N=Nc2ccccn2)c(O)c1,187 dec,187.0
6577,9403,Nc1ncccn1,127.5,127.5
6578,9404,Nc1ccncn1,151.5,151.5
6579,9405,c1cncnc1,22,22.0
6580,9406,O=C1NC(=O)C(=O)C(=O)N1,256 dec,256.0
6581,9407,O=Nc1c(O)[nH]c(=O)[nH]c1=O,203 dec,203.0
6582,9408,Nc1cc(N)nc(N)n1,248 dec,248.0
6583,9409,O=C(NCc1cccnc1)Nc1ccc([N+](=O)[O-])cc1,224 dec,224.0
6584,9410,[O-][n+]1ccccc1[S-].[O-][n+]1ccccc1[S-].[Zn+2],262,262.0
6585,9412,O=C1CCC(C(=O)O)N1,162,162.0
6586,9413,Cc1cc(OC(=O)N(C)C)n(-c2ccccc2)n1,52.0(5),52.0
6587,9414,Clc1ccc(CC(=CCN2CCCC2)c2ccccc2)cc1,49,49.0
6588,9415,c1cc[nH]c1,-23.39(2),-23.39
6589,9416,O=Cc1ccc[nH]1,46.5,46.5
6590,9417,O=C(O)c1ccc[nH]1,191(5),191.0
6591,9418,O=C(O)c1cc[nH]c1,161.5,161.5
6592,9419,O=C1C=CC(=O)N1,94,94.0
6593,9420,C1CCNC1,-57.79(3),-57.79
6594,9425,O=C1CCCN1,25.92(1),25.92
6595,9426,CC(=O)c1ccc[nH]1,89.8(4),89.8
6596,9427,CC(=O)C(=O)O,13.8,13.8
6597,9429,Cc1cc(C=Cc2ccc3cc(N(C)C)ccc3[n+]2C)c(C)n1-c1ccccc1.[Cl-],250 dec,250.0
6598,9430,c1ccc(-c2ccc(-c3ccc(-c4ccccc4)cc3)cc2)cc1,313.8(7),313.8
6599,9431,O=c1c(O)c(-c2ccc(O)c(O)c2)oc2cc(O)cc(O)c12,322(1),322.0
6600,9432,CC1OC(Oc2c(-c3ccc(O)c(O)c3)oc3cc(O)cc(O)c3c2=O)C(O)C(O)C1O,170,170.0
6601,9433,CC1(C)CCC2(C(=O)O)C(O)CC3(C)C(=CCC4C5(C)CCC(O)C(C)(C=O)C5CCC43C)C2C1,294,294.0
6602,9434,CCN(CC)CCCC(C)Nc1c2ccc(Cl)cc2nc2ccc(OC)cc12,87,87.0
6603,9437,c1ccc2ncncc2c1,47.7(2),47.7
6604,9438,O=C(O)c1c(Cl)ccc2cc(Cl)cnc12,274,274.0
6605,9440,O=C(O)C1(O)CC(O)C(O)C(O)C1,162.5,162.5
6606,9443,C=CC1CN2CCC1CC2C(O)c1ccnc2ccc(OC)cc12.Cl,159,159.0
6607,9444,C=CC1CN2CCC1CC2C(O)c1ccnc2ccc(OC)cc12.C=CC1CN2CCC1CC2C(O)c1ccnc2ccc(OC)cc12.O=S(=O)(O)O,235.2,235.2
6608,9445,C=CC1CN2CCC1CC2C(=O)c1ccnc2ccc(OC)cc12,108,108.0
6609,9446,Nc1ccc2ccccc2n1,129(2),129.0
6610,9447,Nc1cnc2ccccc2c1,94,94.0
6611,9448,Nc1ccnc2ccccc12,154.8,154.8
6612,9449,Nc1cccc2ncccc12,106.0(2),106.0
6613,9450,Nc1ccc2ncccc2c1,116(2),116.0
6614,9451,Nc1cccc2cccnc12,64(2),64.0
6615,9452,c1ccc2ncccc2c1,-14.78(5),-14.78
6616,9453,O=Cc1ccnc2ccccc12,51,51.0
6617,9454,O=C(O)c1ccc2ccccc2n1,156,156.0
6618,9455,O=C(O)c1cccc2cccnc12,187,187.0
6619,9456,S=c1ccc2ccccc2[nH]1,187,187.0
6620,9457,O=c1ccc2ccccc2[nH]1,199.5,199.5
6621,9458,Oc1cnc2ccccc2c1,201.3,201.3
6622,9459,O=c1cc[nH]c2ccccc12,210,210.0
6623,9460,Oc1cccc2ncccc12,224(3),224.0
6624,9461,Oc1ccc2ncccc2c1,195,195.0
6625,9462,Oc1ccc2cccnc2c1,238(3),238.0
6626,9463,Oc1cccc2cccnc12,74(2),74.0
6627,9465,O=S(=O)([O-])[O-].Oc1cccc2ccc[nH+]c12.Oc1cccc2ccc[nH+]c12,177.5,177.5
6628,9466,CC1CCC2(C(=O)O)CCC3(C(=O)O)C(=CCC4C5(C)CCC(O)C(C)(C)C5CCC43C)C2C1C,298 dec,298.0
6629,9467,CC(O)C(O)C(O)C(O)C=O,136(1),136.0
6630,9468,c1ccc2nccnc2c1,32.5(2),32.5
6631,9469,O=c1cnc2ccccc2[nH]1,269.4(4),269.4
6632,9470,CCOC(=O)C(C)Oc1ccc(Oc2cnc3cc(Cl)ccc3n2)cc1,93,93.0
6633,9471,CC=Cc1cc2c(c(=O)o1)C(=O)C(O)C(C)O2,221.5,221.5
6634,9472,OCC1OC(OCC2OC(OC3(CO)OC(CO)C(O)C3O)C(O)C(O)C2O)C(O)C(O)C1O,80,80.0
6635,9473,CNC(=C[N+](=O)[O-])NCCSCc1ccc(CN(C)C)o1,69.5,69.5
6636,9474,COC(=O)C1=COC(C)C2CN3CCc4c([nH]c5ccccc45)C3CC12,258 dec,258.0
6637,9475,COC(=O)C1C(O)C(OC(=O)c2cc(OC)c(OC)c(OC)c2)CC2CN3CCc4c([nH]c5ccccc45)C3CC21,165,165.0
6638,9477,COC(=O)C1C2CC3c4[nH]c5cc(OC)ccc5c4CCN3CC2CC(OC(=O)C=Cc2cc(OC)c(OC)c(OC)c2)C1OC,238.5,238.5
6639,9478,COc1ccc2c3c([nH]c2c1)C1CC2C(CC(O)C(OC)C2C(=O)O)CN1CC3,242,242.0
6640,9479,COC(=O)C1C2CC3c4[nH]c5cc(OC)ccc5c4CCN3CC2CC(OC(=O)c2cc(OC)c(OC)c(OC)c2)C1OC,264.5,264.5
6641,9480,CC(C)=CC1C(C(=O)OCc2coc(Cc3ccccc3)c2)C1(C)C,57.5(5),57.5
6642,9481,Oc1cccc(O)c1,109.8(4),109.8
6643,9483,CC(C=CC=C(C)C=CC1=C(C)CCCC1(C)C)=CC=O,64,64.0
6644,9484,CC(C=CC1=C(C)CCCC1(C)C)=CC=CC(C)=CC(=O)O,189,189.0
6645,9486,CC(C=CC1=C(C)CCCC1(C)C)=CC=CC(C)=CCO,63.5,63.5
6646,9487,CCCCCCCCCCCCCCCC(=O)OCC=C(C)C=CC=C(C)C=CC1=C(C)CCCC1(C)C,28,28.0
6647,9488,OCC1=CCN2CCC(O)C12,121,121.0
6648,9489,CC=C1CC(C)C(O)(CO)C(=O)OCC2=CCN3CCC(OC1=O)C23,212,212.0
6649,9490,COc1cc(O)c2c(=O)c(O)c(-c3ccc(O)c(O)c3)oc2c1,295,295.0
6650,9493,COC1OC2c3cc4c(cc3CCN(C)C2c2ccc3c(c21)OCO3)OCO4,257,257.0
6651,9494,O=C(O)c1cc(O)c2c(c1)C(=O)c1cccc(O)c1C2=O,321,321.0
6652,9495,[C-]#[O+].[C-]#[O+].[C-]#[O+].[C-]#[O+].[C-]#[O+].[C-]#[O+].[C-]#[O+].[C-]#[O+].[C-]#[O+].[C-]#[O+].[Re].[Re],170 dec,170.0
6653,9496,Nc1nc2ncc(CN(C=O)c3ccc(C(=O)O)cc3)nc2c(=O)[nH]1,>300,300.0
6654,9497,CCN(CC)c1ccc2c(-c3ccccc3C(=O)O)c3ccc(=[N+](CC)CC)cc-3oc2c1.[Cl-],165,165.0
6655,9499,NC(=O)c1ncn(C2OC(CO)C(O)C2O)n1,175,175.0
6656,9501,Cc1cc2nc3c(=O)[nH]c(=O)nc-3n(CC(O)C(O)C(O)CO)c2cc1C,280 dec,280.0
6657,9506,COc1ccn(C)c(=O)c1C#N,201.5,201.5
6658,9508,COC1C=COC2(C)Oc3c(C)c(O)c4c(O)c(c(C=NN5CCN(C)CC5)c(O)c4c3C2=O)NC(=O)C(C)=CC=CC(C)C(O)C(C)C(O)C(C)C(OC(C)=O)C1C,185 dec,185.0
6659,9509,CC(C)C(O)(C(=O)OCC1=CCN2CCC(O)C12)C(C)O,100.5,100.5
6660,9510,COP(=S)(OC)Oc1cc(Cl)c(Cl)cc1Cl,42.6(9),42.6
6661,9511,C=C(C)C1Cc2c(ccc3c2OC2COc4cc(OC)c(OC)cc4C2C3=O)O1,165.0(5),165.0
6662,9512,CC1CCC2C(C)C3C(CC4C5CC=C6CC(O)CCC6(C)C5CC(O)C43C)N2C1,242,242.0
6663,9513,CCCCCCC(O)C1C2=C(CC(C(O)C3CC=CC(=O)O3)CC3=C(C(=O)OC3=O)C1O)C(=O)OC2=O,169 dec,169.0
6664,9514,O=c1c2ccccc2nc2n1CCc1c-2[nH]c2ccccc12,259.5,259.5
6665,9516,CC(=O)C=C(C)[O-].CC(=O)C=C(C)[O-].CC(=O)C=C(C)[O-].[Ru+3],230,230.0
6666,9517,CC1OC(OCC(O)C(O)C(O)C(O)C=O)C(O)C(O)C1O,190 dec,190.0
6667,9518,CC(=O)OC1CCC2(C)C(CCC3C2CC2(O)C4CN5CC(C)CCC5C(C)(O)C4(O)C(O)CC32O)C1O,258,258.0
6668,9519,O=C1NS(=O)(=O)c2ccccc21,227(2),227.0
6669,9520,O=C1[N-]S(=O)(=O)c2ccccc21.[Na+],229,229.0
6670,9522,C=CCc1ccc2c(c1)OCO2,11.2,11.2
6671,9524,O=Cc1ccccc1O,-7(2),7.0
6672,9525,ON=Cc1ccccc1O,57,57.0
6673,9526,COc1cc2c(cc1O)CCNC2C,221.5,221.5
6674,9527,Cl.Cl.Nc1cc([As]=[As]c2ccc(O)c(N)c2)ccc1O,190 dec,190.0
6675,9528,C[n+]1cc2c3c(ccc2c2ccc4cc5c(cc4c21)OCO5)OCO3,266,266.0
6676,9531,CC1C(=O)CC2C3(C)CCC2(C(C)C(=O)O)C(=O)C13,171,171.0
6677,9532,CC1=C2C3OC(=O)C(C)C3CCC2(C)C=CC1=O,175,175.0
6678,9533,CNCC(=O)O,212 dec,212.0
6679,9534,CC12CCC(O)CC1CCC1C2C(O)CC2(C)C(C3=CC(=O)OC3)CCC12O,280,280.0
6680,9535,CC=C1CN2C3CC1C(C=O)C2Cc1c3[nH]c2ccccc12,305.5,305.5
6681,9536,CC=C1CN2C3CC1C(CO)C2Cc1c3[nH]c2ccc(O)cc12,320,320.0
6682,9538,Cc1ccccc1N=Nc1ccc(N=Nc2c(O)ccc3ccccc23)c(C)c1,185 dec 260,185.0
6683,9539,CN(C)P(=O)(OP(=O)(N(C)C)N(C)C)N(C)C,17,17.0
6684,9540,CC(=O)OC1CC2(O)C(CCC3(C)C(c4ccc(=O)oc4)CCC32O)C2(C)CCC(OC3OC(CO)C(O)C(O)C3O)C=C12,169,169.0
6685,9542,CN1C2CC3CC1C(O3)C2O,108.5,108.5
6686,9543,C[Se]CCC(N)C(=O)O,265 dec,265.0
6687,9546,Cl.NNC(N)=O,176 dec,176.0
6688,9547,CC=C1CC(C)C(C)(O)C(=O)OCC2=CCN3CCC(OC1=O)C23,232,232.0
6689,9548,C=C1CC(=CC)C(=O)OC2CCN3CC=C(COC(=O)C1(C)O)C23,217 dec,217.0
6690,9549,CC=C1CC(C)C(C)(O)C(=O)OCC2=CCN(C)CCC(OC1=O)C2=O,197,197.0
6691,9551,NC(CO)C(=O)O,246 dec,246.0
6692,9554,COC(=O)C1=COC(C)C2C[n+]3ccc4c([nH]c5ccccc54)c3CC12,175,175.0
6693,9555,O=C(OCCOc1ccc(Cl)cc1Cl)c1ccccc1,66,66.0
6694,9556,O=S(=O)([O-])OCCOc1ccc(Cl)cc1Cl.[Na+],245 dec,245.0
6695,9558,O=C(O)C1=CC(O)C(O)C(O)C1,184,184.0
6696,9559,CC1CCCCC1NC(=O)Nc1ccccc1,135,135.0
6697,9560,CC(Oc1cc(Cl)c(Cl)cc1Cl)C(=O)O,180.7(5),180.7
6698,9561,CCNc1nc(Cl)nc(NCC)n1,230.4(9),230.4
6699,9562,CC(C)(Oc1ccc(Cl)cc1)C(=O)OCCCOC(=O)C(C)(C)Oc1ccc(Cl)cc1,52,52.0
6700,9564,COC1=CC2C3Cc4ccc(OC)c(O)c4C2(CCN3C)CC1=O,162,162.0
6701,9565,CC=C(CCC(C)C1CCC2C3=CCC4C(C)C(O)CCC4(C)C3CCC21C)C(C)C,166,166.0
6702,9567,O=C1OC(C(O)CO)C([O-])=C1O.[Na+],218 dec,218.0
6703,9568,O=S([O-])c1ccccc1.[Na+],300,300.0
6704,9569,O=S(=O)([O-])c1ccccc1.[Na+],>300,300.0
6705,9570,O=C([O-])c1ccccc1.[Na+],>300,300.0
6706,9571,C[As](C)(=O)[O-].[Na+],60 (hyd),60.0
6707,9572,CC(Cl)(Cl)C(=O)[O-].[Na+],166 dec,166.0
6708,9573,CCN(CC)C(=S)[S-].[Na+],95,95.0
6709,9574,CCN(CC)C(=S)[S-].O.O.O.[Na+],95,95.0
6710,9576,CN(C)C(=S)[S-].[Na+],121 (hyd),121.0
6711,9577,CCCCCCCCCCCCc1ccc(S(=O)(=O)[O-])cc1.[Na+],144,144.0
6712,9578,CCCCCCCCCCCCOS(=O)(=O)[O-].[Na+],205,205.0
6713,9579,CC[O-].[Na+],260 dec,260.0
6714,9580,O=C([O-])CF.[Na+],200,200.0
6715,9582,O=S([O-])CO.[Na+],63 (hyd),63.0
6716,9587,CC(C)OC(=S)[S-].[Na+],150 dec,150.0
6717,9588,CCCCCCCCCCCC(=O)N(C)CC(=O)[O-].[Na+],140,140.0
6718,9589,C[O-].[Na+],300,300.0
6719,9590,C[As](=O)([O-])O.[Na+],115,115.0
6720,9592,O=C1C=C(S(=O)(=O)[O-])c2ccccc2C1=O.[Na+],287 dec,287.0
6721,9594,[Na+].[O-]c1ccccc1,384,384.0
6722,9599,[Na+].c1ccc([B-](c2ccccc2)(c2ccccc2)c2ccccc2)cc1,300,300.0
6723,9600,O=C([O-])C(Cl)(Cl)Cl.[Na+],300,300.0
6724,9601,O=C([O-])C(F)(F)F.[Na+],207 dec,207.0
6725,9602,CC1CCC2C(C)C3C(CC4C5CC=C6CC(O)CCC6(C)C5CCC43CO)N2C1,242.5,242.5
6726,9603,CC1CCC2C(C)C3C(CC4C5CC=C6CC(OC7OC(CO)C(O)C(OC8OC(CO)C(O)C(O)C8O)C7OC7OC(C)C(O)C(O)C7O)CCC6(C)C5CCC43C)N2C1,286 dec,286.0
6727,9605,O=c1c(-c2ccc(OC3OC(CO)C(O)C(O)C3O)cc2)coc2cc(O)cc(O)c12,274,274.0
6728,9608,C1CCN2CC3CC(CN4CCCCC34)C2C1,30.5,30.5
6729,9609,COC1=C(O)C(=O)C(C)=C(O)C1=O,202.5,202.5
6730,9611,C1CC12CC2,-106.98(9),-106.98
6731,9612,CC1CCC2(NC1)OC1CC3C4CCC5CC(O)CCC5(C)C4CCC3(C)C1C2C,210.5,210.5
6732,9613,CC1CCC2(NC1)OC1CC3C4CC=C5CC(O)CCC5(C)C4CCC3(C)C1C2C,202,202.0
6733,9614,CC1CCC2(OC1)OC1CC3C4CCC5CC(O)C(O)CC5(C)C4CCC3(C)C1C2C,271.5,271.5
6734,9615,CC1CCC2(OC1)OC1CC3C4CCC5CC(O)CCC5(C)C4CCC3(C)C1C2C,205(5),205.0
6735,9618,CC1CCC2(OC1)OC1C(O)C3C4CCC5CC(O)C(O)CC5(C)C4CCC3(C)C1C2C,281.5,281.5
6736,9619,CC1CCC2(OC1)OC1CC3C4CC=C5CC(O)CCC5(C)C4CCC3(C)C1C2C,205.5,205.5
6737,9621,CC(C)=CCCC(C)=CCCC(C)=CCCC=C(C)CCC=C(C)CCC=C(C)C,-4.8,-4.8
6738,9622,C[N+]1(C)CCCC1C(=O)[O-],235,235.0
6739,9623,CC12Cc3cn[nH]c3CC1CCC1C2CCC2(C)C1CCC2(C)O,≈236,236.0
6740,9625,CCCCCCCCCCCCCCCCCC(=O)OC(=O)CCCCCCCCCCCCCCCCC,72,72.0
6741,9626,COc1cc2c(c3oc4cccc(O)c4c(=O)c13)C1C=COC1O2,246 dec,246.0
6742,9627,CCC(CCC(C)C1CCC2C3=CC=C4CC(O)CCC4(C)C3CCC21C)C(C)C,144.5,144.5
6743,9628,CCC(C=CC(C)C1CCC2C3CC=C4CC(O)CCC4(C)C3CCC12C)C(C)C,162(1),162.0
6744,9629,CCC(CCC(C)C1CCC2C3CCC4CC(O)CCC4(C)C3CCC12C)C(C)C,144,144.0
6745,9630,CCC(CCC(C)C1CCC2C3CC=C4CC(O)CCC4(C)C3CCC12C)C(C)C,138(1),138.0
6746,9632,C(=Cc1ccccc1)c1ccccc1,-5,5.0
6747,9635,CNC1C(OC2C(OC3C(O)C(O)C(N=C(N)N)C(O)C3N=C(N)N)OC(C)C2(O)C=O)OC(CO)C(O)C1O.CNC1C(OC2C(OC3C(O)C(O)C(N=C(N)N)C(O)C3N=C(N)N)OC(C)C2(O)C=O)OC(CO)C(O)C1O.O=S(=O)(O)O.O=S(=O)(O)O.O=S(=O)(O)O,≈230 dec,230.0
6748,9636,CN(N=O)C(=O)NC1C(O)OC(CO)C(O)C1O,115 dec,115.0
6749,9637,CC12CCC3C(CCC4(O)CC(O)CCC34C=O)C1(O)CCC2C1=CC(=O)OC1,173 dec,173.0
6750,9638,O=C1CC2OCC=C3CN4CCC56c7ccccc7N1C5C2C3CC46.O=[N+]([O-])O,295,295.0
6751,9639,O=C1CC2OCC=C3CN4CCC56c7ccccc7N1C5C2C3CC46.O=C1CC2OCC=C3CN4CCC56c7ccccc7N1C5C2C3CC46.O=S(=O)(O)O,200 dec,200.0
6752,9640,O=C1CC2OCC=C3CN4CCC56c7ccccc7N1C5C2C3CC46,284(1),284.0
6753,9641,C=Cc1ccccc1,-30.65(6),-30.65
6754,9642,NC(=O)CCC(N)=O,263(3),263.0
6755,9643,O=C(O)CCC(=O)O,185(3),185.0
6756,9644,O=C1CCC(=O)O1,119.5(7),119.5
6757,9645,O=C1CCC(=O)N1,125(3),125.0
6758,9646,N#CCCC#N,57.985(1),57.985
6759,9647,C[N+](C)(C)CCOC(=O)CCC(=O)OCC[N+](C)(C)C.[Cl-].[Cl-],190,190.0
6760,9648,O=C(O)CCC(=O)Nc1ccc(S(=O)(=O)Nc2nccs2)cc1,193.5,193.5
6761,9650,OCC1OC(OC2(CO)OC(CO)C(O)C2O)C(O)C(O)C1O,181(8),181.0
6762,9651,CCCCCCCCCCCCCCCC(=O)O.OCC1OC(OC2(CO)OC(CO)C(O)C2O)C(O)C(O)C1O,61,61.0
6763,9652,CC(=O)OCC1OC(OC2(COC(C)=O)OC(COC(C)=O)C(OC(C)=O)C2OC(C)=O)C(OC(C)=O)C(OC(C)=O)C1OC(C)=O,87(4),87.0
6764,9653,CCC(=O)N(c1ccccc1)C1(COC)CCN(CCc2cccs2)CC1,96.6,96.6
6765,9654,Nc1ccc(S(=O)(=O)NC(=O)c2ccccc2)cc1,181.5,181.5
6766,9655,Nc1ccc(S(=O)(=O)Nc2ccc(Cl)nn2)cc1,187,187.0
6767,9656,CCn1ccc(NS(=O)(=O)c2ccc(N)cc2)nc1=O,167,167.0
6768,9657,COc1cc(NS(=O)(=O)c2ccc(N)cc2)nc(OC)n1,203.5,203.5
6769,9658,NC(N)=NS(=O)(=O)c1ccc(N)cc1,191.5,191.5
6770,9660,Cc1ccnc(NS(=O)(=O)c2ccc(N)cc2)n1,238(4),238.0
6771,9661,Cc1cc(C)nc(NS(=O)(=O)c2ccc(N)cc2)n1,197(2),197.0
6772,9662,Cc1nnc(NS(=O)(=O)c2ccc(N)cc2)s1,210,210.0
6773,9663,Cc1cc(NS(=O)(=O)c2ccc(N)cc2)no1,167(1),167.0
6774,9664,COc1ccc(NS(=O)(=O)c2ccc(N)cc2)nn1,182.5,182.5
6775,9665,Cc1csc(NS(=O)(=O)c2ccc(N)cc2)n1,237,237.0
6776,9666,Nc1ccc(S(=O)(=O)Nc2ccc(S(N)(=O)=O)cc2)cc1,137,137.0
6777,9667,NC(=O)NS(=O)(=O)c1ccc(N)cc1,147 dec,147.0
6778,9668,Nc1ccc(S(=O)(=O)Nc2ccnn2-c2ccccc2)cc1,181,181.0
6779,9669,O=C(O)c1cc(N=Nc2ccc(S(=O)(=O)Nc3ccccn3)cc2)ccc1O,220 dec,220.0
6780,9670,Nc1ccc(S(=O)(=O)Nc2nccs2)cc1,200(1),200.0
6781,9671,NC(=S)NS(=O)(=O)c1ccc(N)cc1,182,182.0
6782,9672,O=C1C(CCS(=O)c2ccccc2)C(=O)N(c2ccccc2)N1c1ccccc1,137,137.0
6783,9674,Cc1noc(NS(=O)(=O)c2ccc(N)cc2)c1C,195.0(5),195.0
6784,9675,O=C(O)CS(=O)(=O)O,85,85.0
6785,9676,O=C(O)c1ccccc1S(=O)(=O)O,141,141.0
6786,9677,O=S1(=O)CCCC1,28.45(8),28.45
6787,9678,COC(=O)c1ccccc1S(=O)(=O)NC(=O)Nc1nc(C)cc(C)n1,202,202.0
6788,9679,CCS(=O)(=O)C(C)(C)S(=O)(=O)CC,125.8,125.8
6789,9680,O=C(O)CS(=O)(=O)CC(=O)O,187,187.0
6790,9681,O=C(O)c1ccc(S(=O)(=O)O)cc1C(=O)O,139,139.0
6791,9683,O=C=NS(=O)(=O)Cl,-44,44.0
6792,9686,O=S(=O)([O-])c1ccc(N=Nc2c(O)ccc3cc(S(=O)(=O)[O-])ccc23)cc1.[Na+].[Na+],>300,300.0
6793,9687,CC(C)C(C)C=CC(C)C1CCC2C1(C)CCCC21C2CC3=C(CC(O)CC3)C21,110,110.0
6794,9689,O=c1n(Cl)c(=O)n(Cl)c(=O)n1Cl,246.7 dec,246.7
6795,9690,COc1cc(C=CCO)cc(OC)c1OC1OC(CO)C(O)C(O)C1O,192,192.0
6796,9691,CCOP(=O)(C#N)N(C)C,-50,50.0
6797,9694,C=CCC1(C(C)CC)C(=O)NC(=O)NC1=O,109,109.0
6798,9695,CCC(=C(c1ccccc1)c1ccc(OCCN(C)C)cc1)c1ccccc1,97,97.0
6799,9696,O=C(OCC1OC(OC(=O)c2cc(O)c(O)c(OC(=O)c3cc(O)c(O)c(O)c3)c2)C(OC(=O)c2cc(O)c(O)c(OC(=O)c3cc(O)c(O)c(O)c3)c2)C(OC(=O)c2cc(O)c(O)c(OC(=O)c3cc(O)c(O)c(O)c3)c2)C1OC(=O)c1cc(O)c(O)c(OC(=O)c2cc(O)c(O)c(O)c2)c1)c1cc(O)c(O)c(OC(=O)c2cc(O)c(O)c(O)c2)c1,≈210 dec,210.0
6800,9697,O=C(O)C(O)C(O)C(=O)O,206,206.0
6801,9701,NCCS(=O)(=O)O,328,328.0
6802,9702,CC(CCC(=O)NCCS(=O)(=O)O)C1CCC2C3C(O)CC4CC(O)CCC4(C)C3CC(O)C12C,125 dec,125.0
6803,9703,CC(=O)OC1CC2C(OC(C)=O)C=C3CC(C)(C(=O)C(O)C(=C1C)C2(C)C)C(O)CC3OC(=O)C(O)C(c1ccccc1)N(C)C,205,205.0
6804,9704,CC(=O)OC1C(=O)C2(C)C(O)CC3OCC3(OC(C)=O)C2C(OC(=O)c2ccccc2)C2(O)CC(OC(=O)C(O)C(NC(=O)c3ccccc3)c3ccccc3)C(C)=C1C2(C)C,215(4),215.0
6805,9705,CC(C)(C)C(O)(CCc1ccc(Cl)cc1)Cn1cncn1,102.4,102.4
6806,9706,CNC(=O)N(C)c1nnc(C(C)(C)C)s1,163.5(5),163.5
6807,9707,COc1cc(C2c3cc4c(cc3C(OC3OC5COC(c6cccs6)OC5C(O)C3O)C3COC(=O)C23)OCO4)cc(OC)c1O,244,244.0
6808,9708,COc1cc2c(cc1OC)C1(O)C(=O)c3ccc4c(c3OC1CO2)C=CC(C)(C)O4,198,198.0
6809,9709,Cc1[nH]c(=O)n(C(C)(C)C)c(=O)c1Cl,176.3(5),176.3
6810,9710,CCOP(=S)(OCC)SCSC(C)(C)C,-29.2,-29.2
6811,9711,CCNc1nc(Cl)nc(NC(C)(C)C)n1,176.1(5),176.1
6812,9712,CCNc1nc(NC(C)(C)C)nc(SC)n1,103.8(5),103.8
6813,9713,CC1(C)OC(=O)CC1C(=O)O,175,175.0
6814,9715,CC(C)(C)c1ccc(C(O)CCCN2CCC(C(O)(c3ccccc3)c3ccccc3)CC2)cc1,150.2(5),150.2
6815,9716,c1ccc(-c2ccccc2-c2ccccc2)cc1,56.19(5),56.19
6816,9717,c1ccc(-c2cccc(-c3ccccc3)c2)cc1,86.9(8),86.9
6817,9718,c1ccc(-c2ccc(-c3ccccc3)cc2)cc1,213.8(7),213.8
6818,9721,CC1=CCC(C(C)(C)O)CC1,35(4),35.0
6819,9724,c1ccc(-c2cccc(-c3ccccn3)n2)nc1,88.0,88.0
6820,9725,CCOc1nc(C(Cl)(Cl)Cl)ns1,19.9,19.9
6821,9726,c1csc(-c2ccc(-c3cccs3)s2)c1,93,93.0
6822,9727,CC12CCC3C(CCC4=CC(=O)C=CC43C)C1CCC(=O)O2,218,218.0
6823,9729,COc1cc2c(cc1OC)C1CC(=O)C(CC(C)C)CN1CC2,128,128.0
6824,9730,Brc1cc(Br)c(Br)cc1Br,180.0(9),180.0
6825,9731,BrC(Br)C(Br)Br,0,0.0
6826,9732,BrC(Br)=C(Br)Br,56.5,56.5
6827,9733,O=C([O-])c1ccccc1-c1c2cc(Br)c(=O)c(Br)c-2oc2c(Br)c([O-])c(Br)cc12.[Na+].[Na+],295.5,295.5
6828,9734,O=C1OC(=O)c2c(Br)c(Br)c(Br)c(Br)c21,280,280.0
6829,9735,BrC(Br)(Br)Br,90(2),90.0
6830,9736,Cc1c(O)c(Br)c(Br)c(Br)c1Br,208,208.0
6831,9737,O=C1OC(c2cc(Br)c(O)c(Br)c2)(c2cc(Br)c(O)c(Br)c2)c2ccccc21,296,296.0
6832,9738,CCOC(=O)c1ccccc1C(=C1C=C(Br)C(=O)C(Br)=C1)c1cc(Br)c(O)c(Br)c1,210,210.0
6833,9739,CCOC(=O)c1ccccc1C(=C1C=C(Br)C(=O)C(Br)=C1)c1cc(Br)c([O-])c(Br)c1.[K+],210,210.0
6834,9740,CCCC[N+](CCCC)(CCCC)CCCC.[Br-],99,99.0
6835,9741,CCCC[N+](CCCC)(CCCC)CCCC.[Cl-],74,74.0
6836,9742,CCCC[N+](CCCC)(CCCC)CCCC.[F-],37,37.0
6837,9744,CCCC[N+](CCCC)(CCCC)CCCC.[I-],145(2),145.0
6838,9745,CCCC[N+](CCCC)(CCCC)CCCC.CCCC[N+](CCCC)(CCCC)CCCC.O=S(=O)([O-])[O-],170,170.0
6839,9746,CCCC[P+](CCCC)(CCCC)CCCC.[Br-],103.5(5),103.5
6840,9747,CCCC[Sn](CCCC)(CCCC)CCCC,-97,97.0
6841,9748,CCCCN(CCCC)C(=S)SSC(=S)N(CCCC)CCCC,39.5,39.5
6842,9750,CCCCNc1ccc(C(=O)OCCN(C)C)cc1.Cl,147,147.0
6843,9751,[C-]#[O+].[C-]#[O+].[C-]#[O+].[C-]#[O+].[Fe+2].[H-].[H-],-70,70.0
6844,9752,Clc1ccc(Cl)c(Cl)c1Cl,46.7(5),46.7
6845,9753,Clc1cc(Cl)c(Cl)c(Cl)c1,50.7(3),50.7
6846,9754,Clc1cc(Cl)c(Cl)cc1Cl,139.2(4),139.2
6847,9755,Oc1c(O)c(Cl)c(Cl)c(Cl)c1Cl,194,194.0
6848,9757,Clc1ccc(-c2cc(Cl)ccc2Cl)c(Cl)c1,65.9(5),65.9
6849,9758,Clc1cc(-c2ccccc2)c(Cl)c(Cl)c1Cl,90.7(5),90.7
6850,9759,Clc1ccc(-c2ccc(Cl)c(Cl)c2)cc1Cl,180,180.0
6851,9760,CC(C)(c1cc(Cl)c(O)c(Cl)c1)c1cc(Cl)c(O)c(Cl)c1,136,136.0
6852,9761,O=C1C(Cl)=C(Cl)C(=O)C(Cl)=C1Cl,298.3(5),298.3
6853,9762,O=C1C(=O)C(Cl)=C(Cl)C(Cl)=C1Cl,130.5,130.5
6854,9763,Clc1cc2c(cc1Cl)Oc1cc(Cl)c(Cl)cc1O2,305(5),305.0
6855,9764,Clc1cc2oc3cc(Cl)c(Cl)cc3c2cc1Cl,227,227.0
6856,9765,FC(F)(Cl)C(Cl)(Cl)Cl,41.04(3),41.04
6857,9766,FC(Cl)(Cl)C(F)(Cl)Cl,26.54(20),26.54
6858,9768,Cc1c(C)c(Cl)c(Cl)c(Cl)c1Cl,228,228.0
6859,9769,Cc1c(Cl)c(C)c(Cl)c(Cl)c1Cl,223(2),223.0
6860,9771,ClCC(Cl)(Cl)Cl,-70.2,-70.2
6861,9772,ClC(Cl)C(Cl)Cl,-42.34,-42.34
6862,9773,ClC(Cl)=C(Cl)Cl,-22.2(1),-22.2
6863,9774,FC(Cl)C(Cl)(Cl)Cl,-95.3,-95.3
6864,9775,FC(Cl)(Cl)C(Cl)Cl,-82.6,-82.6
6865,9776,ClC(Cl)(Cl)Cl,-22.83,-22.83
6866,9777,COc1c(Cl)c(Cl)c(O)c(Cl)c1Cl,116,116.0
6867,9778,Cc1c(Cl)c(O)c(Cl)c(Cl)c1Cl,189.5,189.5
6868,9779,Clc1c(Cl)c(Cl)c2ccccc2c1Cl,198(3),198.0
6869,9780,O=[N+]([O-])c1cc(Cl)c(Cl)c(Cl)c1Cl,66,66.0
6870,9781,O=[N+]([O-])c1c(Cl)c(Cl)cc(Cl)c1Cl,100.4(5),100.4
6871,9782,Oc1cc(Cl)c(Cl)c(Cl)c1Cl,116(1),116.0
6872,9783,Oc1c(Cl)cc(Cl)c(Cl)c1Cl,70(1),70.0
6873,9784,Oc1c(Cl)c(Cl)cc(Cl)c1Cl,115(1),115.0
6874,9785,O=C1OC(=O)c2c(Cl)c(Cl)c(Cl)c(Cl)c21,254.5,254.5
6875,9786,CC(Cl)C(Cl)(Cl)Cl,-64(4),64.0
6876,9791,Clc1cc(Cl)c(Cl)nc1Cl,90.0(5),90.0
6877,9792,Clc1nc(Cl)c(Cl)c(Cl)n1,69.0,69.0
6878,9793,O=C(Nc1ccc(Cl)c(Cl)c1)c1cc(Cl)cc(Cl)c1O,161,161.0
6879,9794,O=C(Cl)c1c(Cl)c(Cl)c(C(=O)Cl)c(Cl)c1Cl,146.5,146.5
6880,9795,Clc1sc(Cl)c(Cl)c1Cl,30.5,30.5
6881,9796,COP(=O)(OC)OC(=CCl)c1cc(Cl)c(Cl)cc1Cl,97,97.0
6882,9797,CCCCCCCCCCCCCCCCCCCCCCCCCCCCCCCCCCCCCCCC,81.4(2),81.4
6883,9799,CCCCCCCCCCCCCCCCCCCCCCCC,50.3(7),50.3
6884,9800,CCCCCCCCCCCCCCCCCCCCCCCC(=O)O,82(4),82.0
6885,9801,CCCCCCCCCCCCCCCCCCCCCCCCO,77,77.0
6886,9802,CCCCCCCCC=CCCCCCCCCCCCCCC(=O)O,43,43.0
6887,9803,N#CC(C#N)=C(C#N)C#N,198.8(3),198.8
6888,9804,CN(C)C1C(=O)C(C(N)=O)=C(O)C2(O)C(=O)C3=C(O)c4c(O)cccc4C(C)(O)C3CC12,172 dec,172.0
6889,9805,CN(C)C1C(=O)C(C(N)=O)=C(O)C2(O)C(=O)C3=C(O)c4c(O)cccc4C(C)(O)C3CC12.Cl,214,214.0
6890,9807,C[Si](C)(C)O[Si](C)(C)O[Si](C)(C)O[Si](C)(C)O[Si](C)(C)O[Si](C)(C)C,-59,59.0
6891,9808,CCCCCCCCCCCCCC=O,23(2),23.0
6892,9809,CCCCCCCCCCCCCC(N)=O,104(1),104.0
6893,9810,CCCCCCCCCCCCCC,5.87(2),5.87
6894,9811,O=C(O)CCCCCCCCCCCCC(=O)O,124.2(5),124.2
6895,9812,OCCCCCCCCCCCCCCO,85.8,85.8
6896,9813,CCCCCCCCCCCCCC#N,19.1(3),19.1
6897,9814,CCCCCCCCCCCCCCS,7,7.0
6898,9815,CCCCCCCCCCCCCC(=O)O,54.16(2),54.16
6899,9816,CCCCCCCCCCCCCC(=O)OC(=O)CCCCCCCCCCCCC,53.4,53.4
6900,9817,CCCCCCCCCCCCCCO,37.7(7),37.7
6901,9818,CCCCCCCCCCCCC(C)=O,33.5(2),33.5
6902,9819,CCCCCCCCCCCCCC(=O)Cl,-1,1.0
6903,9821,C=CCCCCCCCCCCCC,-12.88(10),-12.88
6904,9823,CCCCCCCCCCCCCCN,83.1,83.1
6905,9824,CCCCCCCCCCCCCCc1ccccc1,9.7(2),9.7
6906,9826,O=S(=O)(c1ccc(Cl)cc1)c1cc(Cl)c(Cl)cc1Cl,146.9(3),146.9
6907,9829,CC[N+](CC)(CC)CC.[Br-],174(2),174.0
6908,9831,CC[N+](CC)(CC)CC.[I-],300 dec,300.0
6909,9833,CCN(CC)C(=O)c1ccccc1C(=O)N(CC)CC,36,36.0
6910,9835,OCCOCCOCCOCCO,-9.4(7),-9.4
6911,9839,CCCCCCCCCCCCCCCCCC(=O)OCCOCCOCCOCCO,40,40.0
6912,9845,CCOP(=O)(OCC)OP(=O)(OCC)OCC,170 dec,170.0
6913,9847,CC[Sn](CC)(CC)CC,-131.2(3),-131.2
6914,9851,Fc1cc(F)c(F)c(F)c1,-46.2(1),-46.2
6915,9852,Fc1cc(F)c(F)cc1F,3.88(5),3.88
6916,9854,O=[N+]([O-])C(F)(F)C(F)(F)[N+](=O)[O-],-41.5,-41.5
6917,9855,FCC(F)(F)F,-103.30(1),-103.3
6918,9856,FC(F)C(F)F,-89,89.0
6919,9857,FC(F)=C(F)F,-131.14(2),-131.14
6920,9859,FC(F)(F)F,-183.61,-183.61
6921,9860,OCC(F)(F)C(F)F,-15,15.0
6922,9862,c1cc2c3c(c1)CCCN3CCC2,40,40.0
6923,9864,c1ccc2c3c([nH]c2c1)CCCC3,120,120.0
6924,9865,CC12CCC(O)CC1CCC1C2C(=O)CC2(C)C1CCC2(O)C(=O)CO,190,190.0
6925,9868,Cc1coc2c1CCC(C)C2,86,86.0
6926,9870,CC1(C)OC(=O)CC1CC(=O)O,90,90.0
6927,9872,O=C1C2=C(CCCC2)c2ccccc21,81.5,81.5
6928,9878,C=CC(=O)OCC1CCCO1,<-60,60.0
6929,9882,O=C1NC2NC(=O)NC2N1,297(2),297.0
6930,9883,O=C1OC(=O)C2CC=CCC12,98(2),98.0
6931,9884,O=C1OC(=O)C2=C1CCCC2,70.3(2),70.3
6932,9885,c1ccc2c(c1)CCNC2,<-15,15.0
6933,9887,COc1ccc2c(c1)CCCN2,42.5,42.5
6934,9889,Cc1cccc2c1CCCC2,-23.0(3),-23.0
6935,9890,Cc1ccc2c(c1)CCCC2,-40,40.0
6936,9891,CN1CC=C(c2ccccc2)CC1,41,41.0
6937,9892,CC1CCCSC1,-60,60.0
6938,9893,Nc1cccc2c1CCCC2,38,38.0
6939,9894,c1ccc2c(c1)CCCC2,-35.76(6),-35.76
6940,9895,OC1CCCc2ccccc21,34.5,34.5
6941,9896,Oc1cccc2c1CCCC2,68(3),68.0
6942,9898,Oc1ccc2c(c1)CCCC2,59(3),59.0
6943,9899,CCCCCC1CCCC(=O)O1,-27,27.0
6944,9900,c1ccc2c3c(ccc2c1)CCCC3,29.404(9),29.404
6945,9901,O=C1NC(=O)C2CC=CCC12,137,137.0
6946,9902,CCCC1CCCC(=O)O1,-13,13.0
6947,9904,C1CCOCC1,-49.1(2),-49.1
6948,9908,C1=CCNCC1,-48,48.0
6949,9909,O=C(O)C1=CCCNC1,295 dec,295.0
6950,9910,S=C1NCCCN1,211,211.0
6951,9911,c1ccc2c(c1)CCCN2,16.76(5),16.76
6952,9913,c1ccc2c(c1)NCCN2,99,99.0
6953,9914,C1CCc2nnnn2CC1,59.5,59.5
6954,9915,C1CCSC1,-96.13(5),-96.13
6955,9917,O=C1c2ccc(O)c(O)c2C(=O)c2c(O)ccc(O)c21,>275,275.0
6956,9918,O=c1cccc2cc(O)c(O)c(O)c2c1O,274 dec,274.0
6957,9919,O=C(c1ccc(O)cc1O)c1ccc(O)cc1O,198.8(5),198.8
6958,9921,CC12CCC(=O)C=C1CCC1C2C(O)CC2(C)C1CCC2(O)C(O)CO,125 dec,125.0
6959,9923,IC(I)=C(I)I,187,187.0
6960,9924,O=C1OC(=O)c2c(I)c(I)c(I)c(I)c21,327.5,327.5
6961,9925,IC(I)(I)I,171,171.0
6962,9926,Ic1[nH]c(I)c(I)c1I,155(6),155.0
6963,9930,OC[P+](CO)(CO)CO.[Cl-],152.5,152.5
6964,9932,O=C1CCCc2ccccc21,8,8.0
6965,9933,COC(OC)(OC)OC,-2.5,-2.5
6966,9935,CC(C)=CC1C(C(=O)OCN2C(=O)C3=C(CCCC3)C2=O)C1(C)C,≈72(8),72.0
6967,9937,C[N+](C)(C)C.[Br-],230 dec,230.0
6968,9938,C[N+](C)(C)C.[Cl-],420 dec,420.0
6969,9939,C[N+](C)(C)C.[I-],>230 dec,230.0
6970,9940,Cc1cccc(C)c1N(C)C,-36,36.0
6971,9941,Cc1ccc(C)c(C)c1C,-6.7(10),-6.7
6972,9942,Cc1cc(C)c(C)c(C)c1,-23.8(2),-23.8
6973,9943,Cc1cc(C)c(C)cc1C,79.2(2),79.2
6974,9944,CN(C)c1ccccc1N(C)C,8.9,8.9
6975,9945,CN(C)c1ccc(N(C)C)cc1,51,51.0
6976,9946,Cc1c(C)c(O)c(C)c(C)c1O,233,233.0
6977,9947,COC(=O)c1cc(C(=O)OC)c(C(=O)OC)cc1C(=O)OC,144.8(5),144.8
6978,9948,Cc1cc(-c2cc(C)c(N)c(C)c2)cc(C)c1N,168.5,168.5
6979,9949,CN(C)c1ccc(-c2ccc(N(C)C)cc2)cc1,196.0,196.0
6980,9950,Cc1cc(-c2cc(C)c(O)c(C)c2)cc(C)c1O,221.8,221.8
6981,9951,CC(C)(C)C(C)(C)C,100.79(5),100.79
6982,9953,CC(C)(C)CC(C)(C)c1ccc(O)cc1,85.0(2),85.0
6983,9955,CC1=C(C)C(=O)C(C)=C(C)C1=O,111.69(9),111.69
6984,9957,CC1(C)CCC(C)(C)C1,-88.3(2),-88.3
6985,9958,CC1(C)CC1(C)C,-80.69(9),-80.69
6986,9959,C[Si]1O[Si](C)O[Si](C)O[Si](C)O1,-65,65.0
6987,9960,CC(C)CC(C)(O)C#CC(C)(O)CC(C)C,47,47.0
6988,9961,CN(C)c1ccc(C(=O)c2ccc(N(C)C)cc2)cc1,179,179.0
6989,9962,C[As](C)[As](C)C,-6,6.0
6990,9963,C[Si](C)(O[Si](C)(C)c1ccccc1)c1ccccc1,-80,80.0
6991,9965,C[Si](C)(O)O[Si](C)(C)O,66,66.0
6992,9966,CN(C)CCN(C)C,-58.0(3),-58.0
6993,9970,CC(C)CCCC(C)CCCC(C)CCCC(C)CC(=O)O,-65,65.0
6994,9972,CCCC(C)(C)C(C)(C)C,-54.0(1),-54.0
6995,9973,CC(C)(C)CCC(C)(C)C,-12.6(1),-12.6
6996,9976,C[Pb](C)(C)C,-30.2(2),-30.2
6997,9980,CCC(C)(C)C(C)(C)C,-9.75(5),-9.75
6998,9981,CC(C)C(C)C(C)(C)C,-121.3(7),-121.3
6999,9982,CC(C)(C)CC(C)(C)C,-66.53(5),-66.53
7000,9983,CC(C)C(C)(C)C(C)C,-102.1(1),-102.1
7001,9984,CC(C)(C)C(O)C(C)(C)C,49(3),49.0
7002,9985,Cc1cc(O)c(C)c(C)c1C,84(3),84.0
7003,9986,Cc1cc(C)c(O)c(C)c1C,80(2),80.0
7004,9987,Cc1cc(C)c(C)c(O)c1C,118(1),118.0
7005,9988,CC1(C)CC(N)CC(C)(C)N1,17,17.0
7006,9989,CC1(C)CCCC(C)(C)N1,28,28.0
7007,9990,CC1(C)CC(=O)CC(C)(C)N1,35.5(5),35.5
7008,9992,Cc1nc(C)c(C)nc1C,85.3(4),85.3
7009,9993,C[Si](C)(C)C,-99.063(5),-99.063
7010,9994,C[Sn](C)(C)C,-55.09(4),-55.09
7011,9995,CC(C)(C#N)C(C)(C)C#N,169.0(5),169.0
7012,9996,C[Si]1(c2ccccc2)O[Si](C)(c2ccccc2)O[Si](C)(c2ccccc2)O[Si](C)(c2ccccc2)O1,100.2(1),100.2
7013,9997,CN(C)C(=S)SC(=S)N(C)C,109.5,109.5
7014,9998,CN(C)C(=S)N(C)C,77.3(4),77.3
7015,9999,CN(C)C(=O)N(C)C,-2.67(2),-2.67
7016,10000,O=[N+]([O-])C([N+](=O)[O-])([N+](=O)[O-])[N+](=O)[O-],13.9(2),13.9
7017,10001,C1OCC2(CO1)COCOC2,50.0(5),50.0
7018,10003,C(C=C(c1ccccc1)c1ccccc1)=C(c1ccccc1)c1ccccc1,203.5,203.5
7019,10004,O=C1C(c2ccccc2)=C(c2ccccc2)C(c2ccccc2)=C1c1ccccc1,222.3,222.3
7020,10005,c1ccc(C(c2ccccc2)C(c2ccccc2)c2ccccc2)cc1,211(2),211.0
7021,10006,OC(c1ccccc1)(c1ccccc1)C(O)(c1ccccc1)c1ccccc1,182,182.0
7022,10007,c1ccc(C(=C(c2ccccc2)c2ccccc2)c2ccccc2)cc1,224.9(3),224.9
7023,10008,c1ccc([Ge](c2ccccc2)(c2ccccc2)c2ccccc2)cc1,233(1),233.0
7024,10009,c1ccc(C(c2ccccc2)(c2ccccc2)c2ccccc2)cc1,281.4(4),281.4
7025,10010,c1ccc(-c2c3ccccc3c(-c3ccccc3)c3c(-c4ccccc4)c4ccccc4c(-c4ccccc4)c23)cc1,332.5,332.5
7026,10011,c1ccc([Pb](c2ccccc2)(c2ccccc2)c2ccccc2)cc1,228.3,228.3
7027,10012,c1ccc([Si](c2ccccc2)(c2ccccc2)c2ccccc2)cc1,237.6(6),237.6
7028,10013,c1ccc([Sn](c2ccccc2)(c2ccccc2)c2ccccc2)cc1,227(2),227.0
7029,10014,CCC[N+](CCC)(CCC)CCC.[Br-],252,252.0
7030,10015,CCC[N+](CCC)(CCC)CCC.[I-],280 dec,280.0
7031,10016,CCC[Sn](CCC)(CCC)CCC,-109.1,-109.1
7032,10019,O=C([O-])CN(CCN(CC(=O)[O-])CC(=O)[O-])CC(=O)[O-].[Na+].[Na+].[Na+].[Na+],300 (dihydrate),300.0
7033,10020,CCCCCCCCCCCCCCCCCCCCCCCCCCCCCCCCCCCCCCCCCCCC,86.0(6),86.0
7034,10021,CCCCCCCCCCCCCCCCCCCCCCCCCCCCCCCCCC,72.8(3),72.8
7035,10023,C=C[Si]1(C)O[Si](C)(C=C)O[Si](C)(C=C)O[Si](C)(C=C)O1,-43.5,-43.5
7036,10024,c1nncnn1,99,99.0
7037,10025,Nc1nn[nH]n1,198.8(9),198.8
7038,10026,c1nn[nH]n1,156.9(8),156.9
7039,10027,NC1=NC(O)C2C3OC4(O)OC(C(O)C2(N1)C4O)C3(O)CO,225 dec,225.0
7040,10028,O=C1CCC(N2C(=O)c3ccccc3C2=O)C(=O)N1,270,270.0
7041,10029,CC[O-].[Tl+],-3,3.0
7042,10030,COC1=CC=C2C3Cc4ccc(OC)c5c4C2(CCN3C)C1O5,193,193.0
7043,10031,COc1ccc2c(c1O)C13CCN(C)C(C2)C1C=CC(=O)C3,151.5,151.5
7044,10032,CN1CCC(N(Cc2cccs2)c2ccccc2)CC1,96,96.0
7045,10034,Cn1cnc2c1c(=O)[nH]c(=O)n2C,357,357.0
7046,10035,Cn1c(=O)c2[nH]cnc2n(C)c1=O,274.7(5),274.7
7047,10037,CC(=O)Nc1ccc(C=NNC(N)=S)cc1,225 dec,225.0
7048,10038,C1CCSCC1,19.09(6),19.09
7049,10039,c1cnsn1,-50.1,-50.1
7050,10040,c1nncs1,42.5,42.5
7051,10041,S=c1[nH][nH]c(=S)s1,168,168.0
7052,10042,Cc1ncc(C[n+]2csc(CCO)c2C)c(N)n1.[Cl-],164,164.0
7053,10043,Cc1ncc(C[n+]2csc(CCO)c2C)c(N)n1.Cl.[Cl-],248 dec,248.0
7054,10044,Cc1ncc(C[n+]2csc(CCOP(=O)(O)O)c2C)c(N)n1.[Cl-],200,200.0
7055,10045,c1ccc2c(c1)Sc1ccccc1S2,156.43(5),156.43
7056,10046,Nc1nccs1,93,93.0
7057,10047,c1cscn1,-33.61(4),-33.61
7058,10049,O=C(O)C1CSCN1,196.5,196.5
7059,10050,O=C1CSC(=O)N1,128,128.0
7060,10051,S=C1NCCS1,107.3,107.3
7061,10052,O=C(Nc1ccccc1)Nc1cnns1,211 dec,211.0
7062,10053,CC(=O)c1cccs1,10.4(2),10.4
7063,10054,C1CCCSCC1,0.5,0.5
7064,10055,C1CSC1,-73.19(5),-73.19
7065,10056,O=S1(=O)CCC1,75.5,75.5
7066,10057,CCSc1ccc2c(c1)N(CCCN1CCN(C)CC1)c1ccccc1S2,63,63.0
7067,10058,C1CS1,-109,109.0
7068,10059,CC1SC(C)SC(C)S1,101,101.0
7069,10060,CC(N)=S,113.3(5),113.3
7070,10061,CC(=O)S,<-17,17.0
7071,10062,CCN(CC)C(=O)SCc1ccc(Cl)cc1,1.7,1.7
7072,10063,Cc1cc(O)c(C(C)(C)C)cc1Sc1cc(C(C)(C)C)c(O)cc1C,163,163.0
7073,10065,CCCCCCCCCCCCOC(=O)CCSCCC(=O)OCCCCCCCCCCCC,39,39.0
7074,10066,O=C(O)CCCCC1CCSS1,61,61.0
7075,10067,N#CS,0 dec,0.0
7076,10068,CSC(C)=NOC(=O)N(C)SN(C)C(=O)ON=C(C)SC,173,173.0
7077,10069,O=C(O)CSCC(=O)O,129,129.0
7078,10070,O=C(O)CCSCCC(=O)O,129,129.0
7079,10071,CNC(=O)ON=C(CSC)C(C)(C)C,58.0(5),58.0
7080,10073,O=C(O)CS,-16(2),16.0
7081,10074,NC(=S)NC(N)=S,181 dec,181.0
7082,10075,CC(S)C(=O)O,18.7(2),18.7
7083,10078,CCOP(=S)(OCC)Oc1cnccn1,-0.9,-0.9
7084,10079,COC(=O)NC(=S)Nc1ccccc1NC(=S)NC(=O)OC,172 dec,172.0
7085,10081,O=C(O)Cc1cccs1,64.2(5),64.2
7086,10088,O=C(O)c1cccs1,127.8(5),127.8
7087,10089,O=C(O)c1ccsc1,139.8(5),139.8
7088,10090,O=C(O)c1ccc(C(=O)O)s1,359,359.0
7089,10092,O=S(=O)(Cl)c1cccs1,28,28.0
7090,10094,S=c1ccscc1,47,47.0
7091,10095,S=c1sc2nc3ccccc3nc2s1,180,180.0
7092,10096,CSc1ccc2c(c1)N(CCC1CCCCN1C)c1ccccc1S2,73,73.0
7093,10097,CN1CCN(CCC=C2c3ccccc3Sc3ccc(S(=O)(=O)N(C)C)cc32)CC1,148,148.0
7094,10098,NC(N)=S,176(3),176.0
7095,10099,c1ccc2c(c1)Cc1ccccc1S2,128.5,128.5
7096,10100,O=c1c2ccccc2sc2ccccc12,214.7(2),214.7
7097,10101,O=C1CNC(=S)N1,230 dec,230.0
7098,10102,O=C1CSC(=S)N1,170,170.0
7099,10103,CN(C)C(=S)SSC(=S)N(C)C,155.6,155.6
7100,10104,CC(O)C(N)C(=O)O,256 dec,256.0
7101,10105,O=CC(O)C(O)CO,129,129.0
7102,10107,CC1(C)C=CC=C(C(=O)O)C=C1,88.5,88.5
7103,10110,Cc1cn(C2CC(O)C(CO)O2)c(=O)[nH]c1=O,187(2),187.0
7104,10111,Cc1c[nH]c(=O)[nH]c1=O,325(4),325.0
7105,10113,Cc1cc(O)c(C(C)C)cc1C1(c2cc(C(C)C)c(O)cc2C)OS(=O)(=O)c2ccccc21,222 dec,222.0
7106,10115,Cc1cc(O)c(C(C)C)cc1C1(c2cc(C(C)C)c(O)cc2C)OC(=O)c2ccccc21,253,253.0
7107,10116,NC(Cc1cc(I)c(Oc2cc(I)c(O)c(I)c2)c(I)c1)C(=O)O,235,235.0
7108,10118,CC(C)CCOc1ccc(NC(=S)Nc2ccc(OCCC(C)C)cc2)cc1,146,146.0
7109,10119,CN1CCCC(=C(c2cccs2)c2cccs2)C1,65,65.0
7110,10120,[C-]1=CC=CC1.[C-]1=CC=CC1.[Cl-].[Cl-].[Ti+4],289,289.0
7111,10123,Cc1c(O)cc2c(c1C)OC(C)(CCCC(C)CCCC(C)CCCC(C)C)CC2,-1.5,-1.5
7112,10125,Cc1ccc(S(=O)(=O)NC(=O)NN2CCCCCC2)cc1,172,172.0
7113,10126,CCCCNC(=O)NS(=O)(=O)c1ccc(C)cc1,127(1),127.0
7114,10127,Cc1cc(-c2ccc(N)c(C)c2)ccc1N,131,131.0
7115,10128,Cc1ccc(C(=O)c2ccc(CC(=O)O)n2C)cc1,156 dec,156.0
7116,10130,Cc1ccc(N=C=O)cc1N=C=O,20.5,20.5
7117,10131,Cc1c(N=C=O)cccc1N=C=O,18.3,18.3
7118,10132,Cc1ccc(S(=O)(=O)O)cc1,104.5,104.5
7119,10133,Cc1ccc(S(=O)(=O)O)cc1.O,105.3,105.3
7120,10134,Cc1ccc(S(=O)(=O)Cl)cc1,71,71.0
7121,10135,Cc1ccccc1C(=O)O,103.4(2),103.4
7122,10136,Cc1cccc(C(=O)O)c1,109.3(7),109.3
7123,10137,Cc1ccc(C(=O)O)cc1,180(1),180.0
7124,10138,Cc1ccccc1N=C(N)N=C(N)N,145.0,145.0
7125,10139,CC1CCC2(NC1)OC1CC3C4CCC5CC(OC6OC(CO)C(OC7OC(CO)C(O)C(OC8OCC(O)C(O)C8O)C7OC7OC(CO)C(O)C(O)C7O)C(O)C6O)CCC5(C)C4CCC3(C)C1C2C,270,270.0
7126,10141,NC1CC1c1ccccc1,44,44.0
7127,10142,OCC1OC(OC2OC(CO)C(O)C(O)C2O)C(O)C(O)C1O,209.4(5),209.4
7128,10143,CC(=O)N(C(C)=O)C(C)=O,79,79.0
7129,10144,CCCCCCCCCCCCCCCCCCCCCCCCCCCCCC,65.9(3),65.9
7130,10145,CCCCCCCCCCCCCCCCCCCCCCCCCCCCCC(=O)O,93.6(5),93.6
7131,10146,CCCCCCCCCCCCCCCCCCCCCCCCCCCCCCO,88,88.0
7132,10147,COCC[Hg]Cl,115,115.0
7133,10148,CC(C)N(C(=O)SCC(Cl)=C(Cl)Cl)C(C)C,34.0(5),34.0
7134,10149,C=CCOP(=O)(OCC=C)OCC=C,-50,50.0
7135,10150,C=CCn1c(=O)n(CC=C)c(=O)n(CC=C)c1=O,20.5,20.5
7136,10151,CC12C=CC(=O)C=C1CCC1C3CC(O)C(O)(C(=O)CO)C3(C)CC(O)C12F,270,270.0
7137,10152,CN(C)P(=O)(N(C)C)n1nc(-c2ccccc2)nc1N,167,167.0
7138,10153,COc1nc(C)nc(NC(=O)NS(=O)(=O)c2ccccc2OCCCl)n1,186,186.0
7139,10154,c1cnncn1,16.5,16.5
7140,10155,c1ncncn1,80.3(5),80.3
7141,10156,O=c1cn[nH]c(=O)[nH]1,276.8,276.8
7142,10157,Nc1nc(N)nc(N)n1,343(4),343.0
7143,10158,S=c1[nH]c(=S)[nH]c(=S)[nH]1,>300,300.0
7144,10159,CCOP(=S)(OCC)Oc1ncn(-c2ccccc2)n1,5,5.0
7145,10160,Cc1nnc2n1-c1ccc(Cl)cc1C(c1ccccc1Cl)=NC2,234,234.0
7146,10161,Nc1ncn[nH]1,155.8(6),155.8
7147,10162,c1cn[nH]n1,23,23.0
7148,10163,c1nc[nH]n1,120(1),120.0
7149,10164,Nc1n[nH]c(N)n1,211.5,211.5
7150,10165,COC(=O)c1ccccc1S(=O)(=O)NC(=O)N(C)c1nc(C)nc(OC)n1,141,141.0
7151,10166,c1ccc(CN(Cc2ccccc2)Cc2ccccc2)cc1,92.2(5),92.2
7152,10168,O=C(O)C(Br)(Br)Br,132,132.0
7153,10169,Nc1c(Br)cc(Br)cc1Br,121(2),121.0
7154,10170,Brc1ccc(Br)c(Br)c1,44.5,44.5
7155,10171,Brc1cc(Br)cc(Br)c1,121.8(2),121.8
7156,10174,CC(Br)C(Br)CBr,-19,19.0
7157,10175,BrCCC(Br)CBr,-17(7),17.0
7158,10176,CC(Br)C(C)(Br)Br,0.9,0.9
7159,10177,ClC(Br)(Br)Br,55,55.0
7160,10178,BrCC(Br)Br,-29.2(2),-29.2
7161,10179,OCC(Br)(Br)Br,81,81.0
7162,10181,FC(Br)(Br)Br,-73.6,-73.6
7163,10182,BrC(Br)Br,8.69(2),8.69
7164,10183,COc1c(Br)cc(Br)cc1Br,88,88.0
7165,10184,Cc1c(Br)cc(Br)c(O)c1Br,84,84.0
7166,10185,CC(C)(O)C(Br)(Br)Br,169,169.0
7167,10186,O=[N+]([O-])C(Br)(Br)Br,10,10.0
7168,10187,Oc1c(Br)cc(Br)cc1Br,95(2),95.0
7169,10190,BrCC(Br)CBr,14(4),14.0
7170,10191,Brc1cc(Br)c(Br)s1,29,29.0
7171,10196,CCCCN(CCCC)CCCC,-70,70.0
7172,10197,CCCCOB(OCCCC)OCCCC,<-70,70.0
7173,10198,CCCC[Sn](F)(CCCC)CCCC,≈260,260.0
7174,10199,CC(C)(C)c1cc(C(C)(C)C)c(O)c(C(C)(C)C)c1,132.5(3),132.5
7175,10203,CCCCSP(=O)(SCCCC)SCCCC,<-25,25.0
7176,10206,CCCC(=O)OCC(COC(=O)CCC)OC(=O)CCC,-75,75.0
7177,10207,COP(=O)(OC)C(O)C(Cl)(Cl)Cl,82.2(5),82.2
7178,10208,O=CC(Cl)(Cl)Cl,-57.5,-57.5
7179,10209,NC(=O)C(Cl)(Cl)Cl,142,142.0
7180,10210,O=C(O)C(Cl)(Cl)Cl,59.1(1),59.1
7181,10212,N#CC(Cl)(Cl)Cl,-42,42.0
7182,10214,Nc1ccc(Cl)c(Cl)c1Cl,73,73.0
7183,10215,Nc1cc(Cl)c(Cl)cc1Cl,96.5,96.5
7184,10216,Nc1c(Cl)cc(Cl)cc1Cl,78.5,78.5
7185,10217,O=Cc1c(Cl)ccc(Cl)c1Cl,87.3,87.3
7186,10218,Clc1cccc(Cl)c1Cl,53(1),53.0
7187,10219,Clc1ccc(Cl)c(Cl)c1,17.0(4),17.0
7188,10220,Clc1cc(Cl)cc(Cl)c1,62.8(7),62.8
7189,10221,O=C(O)Cc1c(Cl)ccc(Cl)c1Cl,160.4(5),160.4
7190,10222,Oc1cc(Cl)c(Cl)c(Cl)c1O,130(1),130.0
7191,10223,O=C(O)c1c(Cl)ccc(Cl)c1Cl,129.5(3),129.5
7192,10224,Clc1cc(Cl)c(-c2ccccc2)cc1Cl,77(2),77.0
7193,10225,Clc1cc(Cl)c(-c2ccccc2)c(Cl)c1,61.1(5),61.1
7194,10226,Clc1ccc(C(c2ccc(Cl)cc2)C(Cl)(Cl)Cl)cc1,109(2),109.0
7195,10229,O=C(Nc1ccc(Cl)cc1)Nc1ccc(Cl)c(Cl)c1,254.4(9),254.4
7196,10236,FC(F)(Cl)C(Cl)Cl,-150.05,-150.05
7197,10237,FC(Cl)C(F)(Cl)Cl,-146.63,-146.63
7198,10238,Cc1c(Cl)c(C)c(Cl)c(O)c1Cl,175,175.0
7199,10239,ClC(Cl)(Cl)C(c1ccccc1)c1ccccc1,65,65.0
7200,10242,CC(Cl)(Cl)Cl,-30.04,-30.04
7201,10243,ClCC(Cl)Cl,-36.17,-36.17
7202,10244,OCC(Cl)(Cl)Cl,19,19.0
7203,10245,ClC=C(Cl)Cl,-85.15,-85.15
7204,10246,CCOC(O)C(Cl)(Cl)Cl,56.5,56.5
7205,10247,CCO[Si](Cl)(Cl)Cl,-135,135.0
7206,10248,O=C(O)C1OC(OCC(Cl)(Cl)Cl)C(O)C(O)C1O,142,142.0
7207,10249,CC[Si](Cl)(Cl)Cl,-105.6,-105.6
7208,10251,FC(Cl)(Cl)CCl,-104.7,-104.7
7209,10253,FC(Cl)(Cl)Cl,-110.47,-110.47
7210,10254,FC(F)(F)C(F)(Cl)C(Cl)(Cl)C(F)(F)F,2.0,2.0
7211,10256,O=CNC(O)C(Cl)(Cl)Cl,120,120.0
7212,10257,N#CC(O)C(Cl)(Cl)Cl,61,61.0
7213,10259,ClC(Cl)Cl,-63.47,-63.47
7214,10261,O=S(=O)(Cl)C(Cl)(Cl)Cl,140.5,140.5
7215,10263,NS(=O)(=O)c1cc2c(cc1Cl)NC(C(Cl)Cl)NS2(=O)=O,270 dec,270.0
7216,10264,COc1cc(Cl)c(Cl)cc1Cl,77.5,77.5
7217,10265,COc1c(Cl)cc(Cl)cc1Cl,61.5,61.5
7218,10266,Cc1cc(Cl)c(Cl)cc1Cl,82.4,82.4
7219,10267,ClC(Cl)(Cl)c1ccccc1,-17.0(6),-17.0
7220,10269,Cc1cc(Cl)c(Cl)c(Cl)c1O,77,77.0
7221,10270,Cc1cc(Cl)c(O)c(Cl)c1Cl,66.5,66.5
7222,10271,Cc1c(Cl)cc(Cl)c(O)c1Cl,46,46.0
7223,10272,CC(C)(O)C(Cl)(Cl)Cl,99(2),99.0
7224,10273,C[Si](Cl)(Cl)Cl,-75.77(5),-75.77
7225,10275,O=[N+]([O-])c1cc(Cl)c(Cl)cc1Cl,57.5,57.5
7226,10276,O=[N+]([O-])C(Cl)(Cl)Cl,-69.4(2),-69.4
7227,10277,O=[N+]([O-])c1c(O)c(Cl)cc(Cl)c1Cl,91(2),91.0
7228,10280,FC(F)(Cl)C(F)(Cl)C(F)(F)Cl,-72,72.0
7229,10282,Oc1ccc(Cl)c(Cl)c1Cl,80(1),80.0
7230,10283,Oc1cc(Cl)cc(Cl)c1Cl,62(1),62.0
7231,10284,Oc1c(Cl)ccc(Cl)c1Cl,58(1),58.0
7232,10285,Oc1cc(Cl)c(Cl)cc1Cl,68.4(5),68.4
7233,10286,Oc1c(Cl)cc(Cl)cc1Cl,69.5(2),69.5
7234,10287,Oc1cc(Cl)c(Cl)c(Cl)c1,101,101.0
7235,10288,O=C(O)COc1cc(Cl)c(Cl)cc1Cl,155.2(8),155.2
7236,10289,CC(Cl)(Cl)C(=O)OCCOc1cc(Cl)c(Cl)cc1Cl,49,49.0
7237,10291,NNc1c(Cl)cc(Cl)cc1Cl,143,143.0
7238,10294,ClCCC(Cl)Cl,-58.9(6),-58.9
7239,10296,ClCC(Cl)CCl,-13.8(6),-13.8
7240,10297,CC(O)C(Cl)(Cl)Cl,47(5),47.0
7241,10300,C=CC(Cl)(Cl)Cl,-30,30.0
7242,10303,Clc1cc(Cl)nc(Cl)n1,22.5,22.5
7243,10305,Clc1nc(Cl)nc(Cl)n1,145.7(2),145.7
7244,10306,ClCCN(CCCl)CCCl,-2.0,-2.0
7245,10309,FC(F)(F)C(Cl)(Cl)Cl,14.37(20),14.37
7246,10310,FC(F)(Cl)C(F)(Cl)Cl,-36.22,-36.22
7247,10311,C=C[Si](Cl)(Cl)Cl,-95,95.0
7248,10312,CC(=O)OC1CC2OC3C=C(C)CCC3(C)C1(C)C21CO1,59,59.0
7249,10313,O=P(O)(O)OCC(Cl)(Cl)Cl,120.5,120.5
7250,10314,O=C(O)COc1nc(Cl)c(Cl)cc1Cl,150.7(5),150.7
7251,10315,O=C(O)C(F)(F)C(F)(F)C(F)(F)C(F)(F)C(F)(F)C(F)(F)C(F)(F)C(F)(F)C(F)(F)C(F)(F)C(F)(F)F,108,108.0
7252,10316,CCCCCCCCCCCCCCCCCCCCCCC,47.4(2),47.4
7253,10317,CCCCCCCCCCCC(=O)CCCCCCCCCCC,69.0(5),69.0
7254,10318,Cc1ccccc1OP(=O)(Oc1ccccc1C)Oc1ccccc1C,11,11.0
7255,10319,Cc1cccc(OP(=O)(Oc2cccc(C)c2)Oc2cccc(C)c2)c1,25.5,25.5
7256,10320,Cc1ccc(OP(=O)(Oc2ccc(C)cc2)Oc2ccc(C)cc2)cc1,77.5,77.5
7257,10322,Cc1cccc2sc3nncn3c12,187.3(5),187.3
7258,10323,CC1(C)C2CC3C(C2)C31C,67.5,67.5
7259,10324,NC12CC3CC(CC(C3)C1)C2,180,180.0
7260,10325,C1C2CC3CC1CC(C2)C3,270.1(8),270.1
7261,10326,O=C(O)C(F)(F)C(F)(F)C(F)(F)C(F)(F)C(F)(F)C(F)(F)F,33.5,33.5
7262,10327,CCCCCCCCCCCCC=O,14(2),14.0
7263,10328,CCCCCCCCCCCCC,-5.35(2),-5.35
7264,10329,O=C(O)CCCCCCCCCCCC(=O)O,114.3(5),114.3
7265,10330,CCCCCCCCCCCCC#N,10(1),10.0
7266,10331,CCCCCCCCCCCCC(=O)O,41.85(4),41.85
7267,10332,CCCCCCCCCCCCCO,31(1),31.0
7268,10333,CCCCCCCCCCCC(C)=O,28(1),28.0
7269,10334,CCCCCCC(=O)CCCCCC,33,33.0
7270,10335,C=CCCCCCCCCCCC,-23.07(9),-23.07
7271,10337,CCCCCCCCCC[Al](CCCCCCCCCC)CCCCCCCCCC,-38,38.0
7272,10339,CCCCCCCCCCCCCN,27(2),27.0
7273,10340,CCCCCCCCCCCCCc1ccccc1,-0.3(4),-0.3
7274,10344,C#CCCCCCCCCCCC,1(3),1.0
7275,10345,Clc1cc(Cl)cc(C2(CC(Cl)(Cl)Cl)CO2)c1,42.1(5),42.1
7276,10346,CCCCCCCCCCCCN(CCCCCCCCCCCC)CCCCCCCCCCCC,15.7(5),15.7
7277,10347,OCCN(CCO)CCO,21.5(4),21.5
7278,10348,CCOc1cc(OCC)cc(OCC)c1,43.5,43.5
7279,10361,CC[Al](CC)CC,-48.14(2),-48.14
7280,10362,CCN(CC)CC,-114.7(2),-114.7
7281,10363,CCN(CC)CC.Cl,260 dec,260.0
7282,10365,CCc1cccc(CC)c1CC,-26,26.0
7283,10367,CCc1cc(CC)cc(CC)c1,-66.4(1),-66.4
7284,10368,CCB(CC)CC,-92.8(2),-92.8
7285,10369,CCOB(OCC)OCC,-84.8(5),-84.8
7286,10371,C1CN2CCN1CC2,159.83(2),159.83
7287,10372,OCCOCCOCCO,-9.4(5),-9.4
7288,10374,CC(=O)OCCOCCOCCOC(C)=O,-50,50.0
7289,10376,COCCOCCOCCOC,-43.8(2),-43.8
7290,10379,O=P(N1CC1)(N1CC1)N1CC1,41,41.0
7291,10380,S=P(N1CC1)(N1CC1)N1CC1,51.5,51.5
7292,10382,CCOP(=O)(OCC)OCC,-56.4,-56.4
7293,10383,CCP(CC)CC,-88,88.0
7294,10384,CCP(=O)(CC)CC,48,48.0
7295,10385,CCP(=S)(CC)CC,94,94.0
7296,10388,CC[SiH](CC)CC,-156.9,-156.9
7297,10390,CC[Sb](CC)CC,-98,98.0
7298,10391,c1ccc(C(c2ccccc2)(c2ccccc2)N2CCOCC2)cc1,176,176.0
7299,10392,CCCOCC(=Nc1ccc(Cl)cc1C(F)(F)F)n1ccnc1,63.5,63.5
7300,10394,CN1CCN(CCCN2c3ccccc3Sc3ccc(C(F)(F)F)cc32)CC1.Cl.Cl,241.5,241.5
7301,10395,NC(=O)C(F)(F)F,73.8,73.8
7302,10396,O=C(O)C(F)(F)F,-15.2,-15.2
7303,10397,O=C(OC(=O)C(F)(F)F)C(F)(F)F,-65,65.0
7304,10400,O=C(Cl)C(F)(F)F,-146(4),146.0
7305,10402,Fc1cc(F)cc(F)c1,-5.5,-5.5
7306,10403,CC(F)(F)F,-111.81,-111.81
7307,10404,FCC(F)F,-83.95,-83.95
7308,10405,OCC(F)(F)F,-44(1),44.0
7309,10406,FC=C(F)F,-167.90,-167.9
7310,10410,FC(F)(F)I,-129.15,-129.15
7311,10412,FC(F)F,-155.13,-155.13
7312,10414,O=S(=O)(O)C(F)(F)F,45,45.0
7313,10417,Nc1ccccc1C(F)(F)F,35.5,35.5
7314,10418,Nc1cccc(C(F)(F)F)c1,5.5,5.5
7315,10419,Nc1ccc(C(F)(F)F)cc1,38,38.0
7316,10421,FC(F)(F)c1ccccc1,-28.99(6),-28.99
7317,10422,N#Cc1cccc(C(F)(F)F)c1,14.5,14.5
7318,10423,N#Cc1ccc(C(F)(F)F)cc1,37.5,37.5
7319,10425,FC(F)OC(F)(F)F,-157.15,-157.15
7320,10426,Oc1ccccc1C(F)(F)F,45.5,45.5
7321,10427,Oc1cccc(C(F)(F)F)c1,-0.9,-0.9
7322,10428,O=C(O)c1ccccc1Nc1cccc(C(F)(F)F)c1,133.5,133.5
7323,10429,C[Si](F)(F)F,-73,73.0
7324,10430,FC(F)(F)[SiH3],-124,124.0
7325,10431,FC(F)C(F)(F)OC(F)(F)F,-141.15,-141.15
7326,10433,O=C(CC(=O)C(F)(F)F)c1ccccc1,39,39.0
7327,10434,O=C(c1ccccc1)C(F)(F)F,-40(6),40.0
7328,10435,F[Si](F)(F)c1ccccc1,-18,18.0
7329,10437,CC(O)C(F)(F)F,-52,52.0
7330,10438,C=CC(F)(F)F,-150.35,-150.35
7331,10440,O=C(CC(=O)C(F)(F)F)c1cccs1,42.8,42.8
7332,10443,CCCN(CCC)c1c([N+](=O)[O-])cc(C(F)(F)F)cc1[N+](=O)[O-],49.6(8),49.6
7333,10444,O=CNC(N1CCN(C(NC=O)C(Cl)(Cl)Cl)CC1)C(Cl)(Cl)Cl,155 dec,155.0
7334,10445,O=c1n(CC2CO2)c(=O)n(CC2CO2)c(=O)n1CC1CO1,108,108.0
7335,10449,Cl.OC(CCN1CCCCC1)(c1ccccc1)C1CCCCC1,258.5,258.5
7336,10450,[BH3-][n+]1ccccc1,10.5,10.5
7337,10451,O=C1c2ccccc2C(=O)c2c1cc(O)c(O)c2O,313,313.0
7338,10452,O=C1c2ccccc2C(=O)c2c(O)c(O)cc(O)c21,259,259.0
7339,10453,O=C(O)c1ccc(O)c(O)c1O,221,221.0
7340,10454,O=C(O)c1c(O)cc(O)cc1O,100 dec,100.0
7341,10455,O=C(O)c1cc(O)c(O)c(O)c1,262(1),262.0
7342,10456,O=C(c1ccccc1)c1ccc(O)c(O)c1O,140.5,140.5
7343,10457,O=C(C=Cc1ccc(O)cc1)c1ccc(O)cc1O,200,200.0
7344,10458,O=C(O)CCCCCCCC(O)C(O)CCCCCCO,102,102.0
7345,10459,Cc1cc(O)c2c(c1)C(=O)c1cc(O)cc(O)c1C2=O,257,257.0
7346,10460,O=C(O)CCCCCCCC(O)C(O)CCCCCCCCO,101.5,101.5
7347,10461,O=c1cc(-c2ccccc2)oc2cc(O)c(O)c(O)c12,264 dec,264.0
7348,10462,CCCC(=O)c1cc(O)c(O)cc1O,153.8,153.8
7349,10463,CC(=O)c1ccc(O)c(O)c1O,173,173.0
7350,10464,CC(=O)c1c(O)cc(O)cc1O,221.0,221.0
7351,10465,CCC(=O)c1c(O)cc(O)cc1O,175.5,175.5
7352,10466,O=c1cc2oc3cc(O)c(O)cc3c(-c3ccccc3)c-2cc1O,>300,300.0
7353,10467,O=C(O)c1cc(I)cc(I)c1I,230.6(3),230.6
7354,10468,IC(I)I,120(3),120.0
7355,10469,Oc1c(I)cc(I)cc1I,159.8,159.8
7356,10470,O=C(O)CCc1cc(I)c(Oc2ccc(O)c(I)c2)c(I)c1,200,200.0
7357,10472,CC(C)C[Al](CC(C)C)CC(C)C,6,6.0
7358,10473,CC(C)CN(CC(C)C)CC(C)C,-21.8(5),-21.8
7359,10477,CC(O)CN(CC(C)O)CC(C)O,45,45.0
7360,10481,CC(C)c1cc(C(C)C)cc(C(C)C)c1,-9(2),9.0
7361,10486,CCN(CC)CC(=O)Nc1c(C)cc(C)cc1C,44,44.0
7362,10487,O=C(O)c1ccc2c(c1)C(=O)OC2=O,162,162.0
7363,10488,CC(CN(C)C)CN1c2ccccc2Sc2ccccc21,68,68.0
7364,10489,CCOP(=S)(OCC)SCC(=O)NC(C)C,28.5,28.5
7365,10490,COc1cc(C(=O)NCc2ccc(OCCN(C)C)cc2)cc(OC)c1OC.Cl,188,188.0
7366,10491,COc1cc(Cc2cnc(N)nc2N)cc(OC)c1OC,199,199.0
7367,10492,COc1cc(N)cc(OC)c1OC,112.8,112.8
7368,10494,COc1cc(OC)c(OC)cc1C=O,114,114.0
7369,10495,COc1cc(C=O)cc(OC)c1OC,72.5,72.5
7370,10496,COc1cccc(OC)c1OC,48.5,48.5
7371,10497,COc1cc(OC)cc(OC)c1,54.5,54.5
7372,10498,COc1cc(CCN)cc(OC)c1OC,35.5,35.5
7373,10499,COc1cc(CO)cc(OC)c1OC,3,3.0
7374,10500,COc1cc(OC)c(C(=O)O)cc1OC,145(1),145.0
7375,10501,COc1cc(C(=O)O)cc(OC)c1OC,171(1),171.0
7376,10502,COc1cc(C(=O)Cl)cc(OC)c1OC,82,82.0
7377,10504,COc1cc2c3cc1Oc1c(OC)c(OC)cc4c1C(Cc1ccc(O)c(c1)Oc1ccc(cc1)CC3N(C)CC2)N(C)CC4,198.5,198.5
7378,10505,COc1cc2c3cc1Oc1c(OC)c(OC)cc4c1C(Cc1ccc(cc1)Oc1cc(ccc1O)CC3N(C)CC2)N(C)CC4,216.5,216.5
7379,10506,CCC1CN2CCc3cc(OC)c(OC)cc3C2CC1CC1NCCc2cc(O)c(OC)cc21,115.5,115.5
7380,10508,COc1ccc2c(OC)c3ccoc3nc2c1OC,177,177.0
7381,10509,COC(OC)OC,15,15.0
7382,10516,C[Al](C)C,15.27(5),15.27
7383,10517,CN(C)C,-117.1(2),-117.1
7384,10518,B[N+](C)(C)C,95.5(2),95.5
7385,10519,CN(C)C.Cl,277.5,277.5
7386,10520,C[N+](C)(C)[O-],256,256.0
7387,10521,Cc1cc(C)c(N)cc1C,68,68.0
7388,10522,Cc1cc(C)c(N)c(C)c1,-4.9(4),-4.9
7389,10523,C[As](C)C,-86.54(2),-86.54
7390,10524,Cc1cc(C)c(C=O)c(C)c1,14,14.0
7391,10525,Cc1cccc(C)c1C,-25.32(4),-25.32
7392,10526,Cc1ccc(C)c(C)c1,-43.8(1),-43.8
7393,10527,Cc1cc(C)cc(C)c1,-44.69(5),-44.69
7394,10528,Cc1cc(O)c(C)c(C)c1O,170.0(5),170.0
7395,10530,COC(=O)c1ccc(C(=O)OC)c(C(=O)OC)c1,-13,13.0
7396,10531,Cc1cc(C)c(C(=O)O)c(C)c1,156.5,156.5
7397,10535,CC12C=CC(CC1)C2(C)C,113,113.0
7398,10536,CC1=CC(O)C2CC1C2(C)C,24,24.0
7399,10539,CB(C)C,-159.93(2),-159.93
7400,10540,COB(OC)OC,-29.3(5),-29.3
7401,10541,CC(C)C(C)(C)C,-24.56(5),-24.56
7402,10542,CC(C)(C)C(C)(C)O,17(2),17.0
7403,10543,C=C(C)C(C)(C)C,-111(1),111.0
7404,10544,CC(C)(C)CC(C)(C)c1ccc(OCCOCCOCCOCCOCCOCCOCCO)cc1,34.7,34.7
7405,10545,C[Si](C)(C)Cl,-55.17(2),-55.17
7406,10546,COC(=O)CC(O)(CC(=O)OC)C(=O)OC,79.3,79.3
7407,10548,CC1CCCCC1(C)C,-29.2(6),-29.2
7408,10549,CC1CCCC(C)(C)C1,-68.5(5),-68.5
7409,10552,CC1CC(O)CC(C)(C)C1,37.3,37.3
7410,10554,CC1CCCC(C)(C)C1=O,-31.8,-31.8
7411,10561,CC1CCCC1(C)C,-21.7(2),-21.7
7412,10562,CC1CCC(C)(C)C1,-142.5(2),-142.5
7413,10563,CC1CC(C)C(C)C1,-131(5),131.0
7414,10565,CC1CC(=O)C(C)(C)C1,-40.6,-40.6
7415,10566,CC1CC(C)(C)CC1=O,-25.6,-25.6
7416,10567,CC1CC1(C)C,-138.2(1),-138.2
7417,10570,CC(C)CCCC(C)(C)C,-105(1),105.0
7418,10575,CCC(C)CC(C)(C)C,-122(4),122.0
7419,10576,CC(C)CCC(C)(C)C,-105.9(1),-105.9
7420,10577,CCCC(C)(C)C(C)C,-116.8(2),-116.8
7421,10579,CC(C)CC(C)C(C)C,-127.9(2),-127.9
7422,10580,CCC(C)(C)CC(C)C,-113.4(1),-113.4
7423,10581,CCC(C)C(C)(C)CC,-101.2(2),-101.2
7424,10588,Cc1ccc([Si](C)(C)C)cc1,38,38.0
7425,10589,Cc1ccc(C)c2c(C)cccc12,64.0(6),64.0
7426,10590,Cc1cc(C)c([N+](=O)[O-])c(C)c1,44(2),44.0
7427,10593,CCC(CO)(CO)CO,60.2(2),60.2
7428,10594,CN1C(=O)OC(C)(C)C1=O,46,46.0
7429,10595,C[O+](C)C.F[B-](F)(F)F,148 dec,148.0
7430,10597,CCC(C)C(C)(C)C,-112.4(3),-112.4
7431,10598,CC(C)CC(C)(C)C,-107.36(4),-107.36
7432,10599,CCC(C)(C)C(C)C,-101.2(3),-101.2
7433,10600,CC(C)C(C)C(C)C,-109.3(2),-109.3
7434,10601,CC(C)C(O)C(C)(C)CO,55.2(5),55.2
7435,10603,CC(C)(C)CC(C)(C)O,-20,20.0
7436,10604,CC(C)C(O)C(C)(C)C,-13,13.0
7437,10606,CC(C)(C)CC(C)(C)c1ccc(OCCO)cc1,5.00,5.0
7438,10607,CC(C)(C)CC(C)(C)c1ccc(OCCOCCO)cc1,86,86.0
7439,10608,C=C(C)C(C)(C)CC,-69(3),69.0
7440,10609,C=C(C)CC(C)(C)C,-93.7(3),-93.7
7441,10610,CC(C)=C(C)C(C)C,-113.4(2),-113.4
7442,10611,CC(C)=CC(C)(C)C,-106.4(1),-106.4
7443,10612,Cc1ccc(O)c(C)c1C,81(1),81.0
7444,10613,Cc1cc(C)c(C)c(O)c1,95(1),95.0
7445,10614,Cc1ccc(C)c(O)c1C,63,63.0
7446,10615,Cc1cc(C)c(O)cc1C,71.6(10),71.6
7447,10616,Cc1cc(C)c(O)c(C)c1,72.1(4),72.1
7448,10617,Cc1cc(O)cc(C)c1C,108(2),108.0
7449,10618,C[Si](C)(C)Oc1ccccc1,-55,55.0
7450,10623,COP(=O)(OC)OC,-46,46.0
7451,10624,CP(C)C,-85,85.0
7452,10630,Cc1cc(C)n(C)n1,37,37.0
7453,10632,Cc1cc(C)nc(C)c1,-44.3(3),-44.3
7454,10634,Cc1ccc2cc(N(C)C)ccc2n1,101,101.0
7455,10635,C[SiH](C)C,-135.9,-135.9
7456,10638,C[Sb](C)C,-62,62.0
7457,10639,C[S+](C)C.[I-],211 dec,211.0
7458,10640,CNC(=S)N(C)C,87.5,87.5
7459,10641,C[Si]1(c2ccccc2)O[Si](C)(c2ccccc2)O[Si](C)(c2ccccc2)O1,100,100.0
7460,10642,CNC(=O)N(C)C,74.0(2),74.0
7461,10643,N#CC([N+](=O)[O-])([N+](=O)[O-])[N+](=O)[O-],45(1),45.0
7462,10644,Nc1c([N+](=O)[O-])cc([N+](=O)[O-])cc1[N+](=O)[O-],190(1),190.0
7463,10645,O=[N+]([O-])c1cc([N+](=O)[O-])cc([N+](=O)[O-])c1,121.3(4),121.3
7464,10646,O=[N+]([O-])c1cc([N+](=O)[O-])c(O)c([N+](=O)[O-])c1O,178(1),178.0
7465,10647,O=C(O)c1c([N+](=O)[O-])cc([N+](=O)[O-])cc1[N+](=O)[O-],229(2),229.0
7466,10648,O=C1c2cc([N+](=O)[O-])ccc2-c2c1cc([N+](=O)[O-])cc2[N+](=O)[O-],175.8(5),175.8
7467,10650,O=[N+]([O-])OCC(CO[N+](=O)[O-])O[N+](=O)[O-],12.8(2),12.8
7468,10651,O=[N+]([O-])C([N+](=O)[O-])[N+](=O)[O-],26(1),26.0
7469,10652,O=[N+]([O-])c1cc([N+](=O)[O-])c(O)c([N+](=O)[O-])c1,121(2),121.0
7470,10653,O=[N+]([O-])c1cc([N+](=O)[O-])c([O-])c([N+](=O)[O-])c1.[Na+],270.4,270.4
7471,10654,Cc1c([N+](=O)[O-])cc([N+](=O)[O-])cc1[N+](=O)[O-],80.9(8),80.9
7472,10655,O=[N+]([O-])c1cc([N+](=O)[O-])c(Nc2c([N+](=O)[O-])cc([N+](=O)[O-])cc2[N+](=O)[O-])c([N+](=O)[O-])c1,251.1(5),251.1
7473,10656,CCCCCCCC[Al](CCCCCCCC)CCCCCCCC,-62,62.0
7474,10657,CCCCCCCCN(CCCCCCCC)CCCCCCCC,-34.5(3),-34.5
7475,10658,CCCCCCCCP(=O)(CCCCCCCC)CCCCCCCC,53.5(5),53.5
7476,10659,C1OCOCO1,60(2),60.0
7477,10662,CC(CCC(=O)O)C1CCC2C3C(=O)CC4CC(=O)CCC4(C)C3CC(=O)C12C,237,237.0
7478,10664,c1ccc(N(c2ccccc2)c2ccccc2)cc1,126.5(10),126.5
7479,10665,c1ccc([As](c2ccccc2)c2ccccc2)cc1,60(2),60.0
7480,10666,O=[As](c1ccccc1)(c1ccccc1)c1ccccc1,192,192.0
7481,10667,c1ccc([Bi](c2ccccc2)c2ccccc2)cc1,78(2),78.0
7482,10668,c1ccc(B(c2ccccc2)c2ccccc2)cc1,142,142.0
7483,10669,c1ccc2c(c1)c1ccccc1c1ccccc21,197.82(4),197.82
7484,10670,c1ccc(CC(c2ccccc2)c2ccccc2)cc1,54.5(8),54.5
7485,10671,C(=C(c1ccccc1)c1ccccc1)c1ccccc1,67.80(4),67.8
7486,10672,c1ccc(N=C(Nc2ccccc2)Nc2ccccc2)cc1,146.5,146.5
7487,10673,c1ccc(-c2nc(-c3ccccc3)c(-c3ccccc3)[nH]2)cc1,275(2),275.0
7488,10674,c1ccc(C(c2ccccc2)c2ccccc2)cc1,92.0(7),92.0
7489,10675,OC(c1ccccc1)(c1ccccc1)c1ccccc1,162.3(4),162.3
7490,10676,O=P(Oc1ccccc1)(Oc1ccccc1)Oc1ccccc1,49.39(4),49.39
7491,10677,c1ccc(P(c2ccccc2)c2ccccc2)cc1,80(2),80.0
7492,10678,O=P(c1ccccc1)(c1ccccc1)c1ccccc1,158(3),158.0
7493,10679,c1ccc(OP(Oc2ccccc2)Oc2ccccc2)cc1,22(2),22.0
7494,10681,O[Si](c1ccccc1)(c1ccccc1)c1ccccc1,154.8,154.8
7495,10682,c1ccc([Sb](c2ccccc2)c2ccccc2)cc1,55(3),55.0
7496,10683,[Cl-].c1ccc(-c2nn(-c3ccccc3)[n+](-c3ccccc3)n2)cc1,243 dec,243.0
7497,10684,O.c1ccc([Sn](c2ccccc2)c2ccccc2)cc1,117.7(5),117.7
7498,10685,c1ccc(-c2nc(-c3ccccc3)nc(-c3ccccc3)n2)cc1,257,257.0
7499,10686,O=C([O-])CC(O)(CC(=O)[O-])C(=O)[O-].[K+].[K+].[K+],275 dec,275.0
7500,10687,Cc1ccc(C(=CCN2CCCC2)c2ccccn2)cc1,60,60.0
7501,10689,CCCN(CCC)CCC,-100.5(5),-100.5
7502,10690,CCCB(CCC)CCC,-56,56.0
7503,10698,Nc1ccc(C(O)(c2ccc(N)cc2)c2ccc(N)cc2)cc1,205,205.0
7504,10699,C1CN1c1nc(N2CC2)nc(N2CC2)n1,139 dec,139.0
7505,10704,CN(C)c1ccc(C(c2ccc(N(C)C)cc2)c2ccc(N(C)C)cc2)cc1,176.5,176.5
7506,10706,Cc1ccc(C)c(OP(=O)(Oc2cc(C)ccc2C)Oc2cc(C)ccc2C)c1,79.8,79.8
7507,10707,Cc1cccc(C)c1OP(=O)(Oc1c(C)cccc1C)Oc1c(C)cccc1C,137.8,137.8
7508,10708,Cc1cc(C)cc(OP(=O)(Oc2cc(C)cc(C)c2)Oc2cc(C)cc(C)c2)c1,46.2,46.2
7509,10711,O=c1n(CCO)c(=O)n(CCO)c(=O)n1CCO,136,136.0
7510,10713,OCNc1nc(NCO)nc(NCO)n1,148,148.0
7511,10714,NC(CO)(CO)CO,170.5(2),170.5
7512,10716,COc1ccc(C(Cl)=C(c2ccc(OC)cc2)c2ccc(OC)cc2)cc1,115,115.0
7513,10717,Cc1ccccc1P(c1ccccc1C)c1ccccc1C,127.0,127.0
7514,10718,Cc1cccc(P(c2cccc(C)c2)c2cccc(C)c2)c1,101.0,101.0
7515,10719,Cc1ccc(P(c2ccc(C)cc2)c2ccc(C)cc2)cc1,147.0,147.0
7516,10721,O=C([O-])CC(O)(CC(=O)[O-])C(=O)[O-].[Na+].[Na+].[Na+],300,300.0
7517,10722,O=C([O-])CN(CCO)CCN(CC(=O)[O-])CC(=O)[O-].[Na+].[Na+].[Na+],288 (hyd),288.0
7518,10725,c1ccc(-c2nc(-c3ccccn3)nc(-c3ccccn3)n2)nc1,210,210.0
7519,10726,Cc1ccccc1OP(Oc1ccccc1C)Oc1ccccc1C,11,11.0
7520,10727,Cc1ccc(OP(Oc2ccc(C)cc2)Oc2ccc(C)cc2)cc1,52,52.0
7521,10728,[C-]#[O+].[Rh].c1ccc(P(c2ccccc2)c2ccccc2)cc1.c1ccc(P(c2ccccc2)c2ccccc2)cc1.c1ccc(P(c2ccccc2)c2ccccc2)cc1,121,121.0
7522,10729,C1SCSCS1,215(8),215.0
7523,10730,S=C(S)S,-26.8(5),-26.8
7524,10731,CCCCCCCCCCCCCCCCCCCCCCCCCCCCCCCCC,71.2(9),71.2
7525,10732,CN1C2CCC1CC(OC(=O)c1ccccc1)C2,49,49.0
7526,10734,Cc1cc(-c2ccc(N=Nc3c(S(=O)(=O)[O-])cc4cc(S(=O)(=O)[O-])cc(N)c4c3O)c(C)c2)ccc1N=Nc1c(S(=O)(=O)[O-])cc2cc(S(=O)(=O)[O-])cc(N)c2c1O.[Na+].[Na+].[Na+].[Na+],300,300.0
7527,10735,NCCc1c[nH]c2ccccc12,118,118.0
7528,10736,NC(Cc1c[nH]c2ccccc12)C(=O)O,289 dec,289.0
7529,10737,COc1cc2c3c(c1OC)-c1cc(O)ccc1CC3NCC2,204,204.0
7530,10738,CC(=O)OCC12CC(OC(=O)CC(C)C)C(C)=CC1OC1C(O)C(OC(C)=O)C2(C)C12CO2,151,151.0
7531,10739,COc1cc2c3cc1Oc1cc(ccc1O)CC1c4c(cc(OC)c(O)c4Oc4ccc(cc4)CC3[NH+](C)CC2)CC[N+]1(C)C.[Cl-].[Cl-],275 dec,275.0
7532,10741,OCC1OC(OC2C(O)C(O)COC2(O)CO)C(O)C(O)C1O,168,168.0
7533,10742,CCCCNC(=O)OCC(C)(CCC)COC(N)=O,50,50.0
7534,10743,NC(Cc1ccc(O)cc1)C(=O)O,343 dec,343.0
7535,10744,NC(=O)C(N)Cc1ccc(O)cc1,153.5,153.5
7536,10745,CCOC(=O)C(N)Cc1ccc(O)cc1,108.5,108.5
7537,10746,COC(=O)C(N)Cc1ccc(O)cc1.Cl,191.0,191.0
7538,10747,C#CCCCCCCCC#C,-17(3),17.0
7539,10750,CCCCCCCCCCC=O,-4(3),4.0
7540,10751,CCCCCCCCCCC,-25.54(5),-25.54
7541,10753,CCCCCCCCCCCS,-1.5,-1.5
7542,10754,CCCCCCCCCCC(=O)O,28.47(4),28.47
7543,10755,CCCCCCCCCCCO,16.6(2),16.6
7544,10756,CCCCCCCCCC(C)O,0,0.0
7545,10757,CCCCCCCCCC(C)=O,16(6),16.0
7546,10758,CCCCCC(=O)CCCCC,14(1),14.0
7547,10761,C=CCCCCCCCCC,-49.12(4),-49.12
7548,10762,CC=CCCCCCCCC,-66.5,-66.5
7549,10764,CCCC=CCCCCCC,-97,97.0
7550,10766,CCCCC=CCCCCC,-106.5,-106.5
7551,10768,C=CCCCCCCCCC(=O)O,24.4(3),24.4
7552,10769,C=CCCCCCCCCCO,-1.0,-1.0
7553,10771,CCCCCCCCCCCN,15.1(7),15.1
7554,10772,CCCCCCCCCCCc1ccccc1,-16.2(4),-16.2
7555,10773,C#CCCCCCCCCC,-25,25.0
7556,10774,CC#CCCCCCCCC,-30.1,-30.1
7557,10775,O=c1cc[nH]c(=O)[nH]1,339(1),339.0
7558,10776,O=c1[nH]cc(N(CCCl)CCCl)c(=O)[nH]1,206 dec,206.0
7559,10778,O=c1[nH][nH]c(=O)[nH]1,249 dec,249.0
7560,10779,NC(N)=O,132.4(5),132.4
7561,10780,Cl.NC(N)=O,145 dec,145.0
7562,10781,NC(N)=O.O=[N+]([O-])O,160(1),160.0
7563,10783,O=c1ccn(C2OC(CO)C(O)C2O)c(=O)[nH]1,165,165.0
7564,10784,O=c1ccn(C2OC(COP(=O)(O)O)C(O)C2O)c(=O)[nH]1,202 dec,202.0
7565,10785,O=C(O)C=Cc1cnc[nH]1,227,227.0
7566,10786,CC1CCC2(C)CCC3(C)C(=CCC4C5(C)CCC(O)C(C)(C)C5CCC43C)C2C1C,186,186.0
7567,10787,CC1CCC2(C(=O)O)CCC3(C)C(=CCC4C5(C)CCC(O)C(C)(C)C5CCC43C)C2C1C,284,284.0
7568,10788,CC12CCC(OC3OC(CO)C(O)C(O)C3OC3OC(CO)C(O)C(O)C3O)CC1CCC1C2CCC2(C)C(C3=CC(=O)OC3)CCC12O,269,269.0
7569,10789,O=CC(O)C(O)C(O)C(O)COC(=O)c1ccccc1,122,122.0
7570,10790,OCC1=CC(NC2CC(CO)C(OC3OC(CO)C(O)C(O)C3O)C(O)C2O)C(O)C(O)C1O,95 dec,95.0
7571,10791,CC(C)C(N)C(=O)O,315,315.0
7572,10792,CC1OC(=O)C(C(C)C)NC(=O)C(C(C)C)OC(=O)C(C(C)C)NC(=O)C(C)OC(=O)C(C(C)C)NC(=O)C(C(C)C)OC(=O)C(C(C)C)NC(=O)C(C)OC(=O)C(C(C)C)NC(=O)C(C(C)C)OC(=O)C(C(C)C)NC1=O,187,187.0
7573,10793,CN1C(=O)CN=C(c2ccccc2)c2cc(Cl)ccc21,132,132.0
7574,10795,[C-]#[O+].[C-]#[O+].[C-]#[O+].[C-]#[O+].[C-]#[O+].[C-]#[O+].[V],60 dec,60.0
7575,10796,CC(=O)C=C(C)O.CC(=O)C=C(C)O.CC(=O)C=C(C)O.[V],≈185,185.0
7576,10797,OC1CCN2Cc3ccccc3N=C12,210.8,210.8
7577,10800,Cc1c(C(C)C2NCC(C)CC2O)ccc2c1CC1C2CC=C2CC(O)CCC21C,206,206.0
7578,10801,Cc1c(C(C)C2NCC(C)CC2O)ccc2c1CC1C2CC=C2CC(OC3OC(CO)C(O)C(O)C3O)CCC21C,242 dec,242.0
7579,10802,COc1ccc(C(=O)OC2CCC3(C)C4CCC5C6(O)CC(O)C7(O)C(CN8CC(C)CCC8C7(C)O)C6(O)CC53OC24O)cc1OC,180,180.0
7580,10803,CC1=CC(=O)C2CC1C2(C)C,9.8,9.8
7581,10805,CCc1cc2c(cc1C(C)=O)C(C)(C)CCC2(C)C,46.5,46.5
7582,10806,CC(C)=C1CCC2=CC(=O)CC(C)C2(C)C1,51.5,51.5
7583,10807,CC1=CC(=O)CC(C)C12CCC(=C(C)C)C2,44.5,44.5
7584,10808,Nc1nc(N)c(OC2OC(CO)C(O)C(O)C2O)c(=O)[nH]1,240 dec,240.0
7585,10810,CCC1(O)CC2CN(CCc3c([nH]c4ccccc34)C(C(=O)OC)(c3cc4c(cc3OC)N(C)C3C(O)(C(=O)OC)C(OC(C)=O)C5(CC)C=CCN6CCC43C65)C2)C1,216,216.0
7586,10811,CCC12CCCN3CCc4c(n(c5ccccc45)C(O)(C(=O)OC)C1)C32,231.5,231.5
7587,10812,C=CC1(C)OC(=O)N(c2cc(Cl)cc(Cl)c2)C1=O,110.5(5),110.5
7588,10813,CCC1(O)CC2CN(CCc3c([nH]c4ccccc34)C(C(=O)OC)(c3cc4c(cc3OC)N(C=O)C3C(O)(C(=O)OC)C(OC(C)=O)C5(CC)C=CCN6CCC43C65)C2)C1,219,219.0
7589,10814,C=COC(C)=O,-100.2(4),-100.2
7590,10815,C=Cc1ccc(N)cc1,23.5,23.5
7591,10819,C=Cn1c2ccccc2c2ccccc21,66,66.0
7592,10822,C=CC1CC=CCC1,-108.9,-108.9
7593,10823,C=CC1CCCC1,-126.4(2),-126.4
7594,10826,C=Cc1ccc(F)cc1,-34.5,-34.5
7595,10827,C=COC=O,-78,78.0
7596,10828,C=Cc1ccco1,-94(4),94.0
7597,10829,C=Cc1ccccc1OC,29,29.0
7598,10831,C=Cc1ccc(OC)cc1,2.0,2.0
7599,10834,C=Cc1ccc2ccccc2c1,65(2),65.0
7600,10835,C=Cc1cccc([N+](=O)[O-])c1,-10,10.0
7601,10836,C=Cc1ccc([N+](=O)[O-])cc1,29,29.0
7602,10837,C=CC1CC2C=CC1C2,-80,80.0
7603,10838,C=COC(=O)CCCCCCCCCCCCCCCCC,29,29.0
7604,10839,C=CC1CCC2OC2C1,<-100,100.0
7605,10846,C=CN1CCCC1=O,13.5,13.5
7606,10847,C=C[SiH3],-171.6,-171.6
7607,10851,CC(C=CC=C(C)C=CC12OC1(C)CC(O)CC2(C)C)=CC=CC=C(C)C=CC=C(C)C=CC12OC1(C)CC(O)CC2(C)C,208,208.0
7608,10852,C=CC1CNCCC1CCC(=O)c1ccnc2ccc(OC)cc12,60,60.0
7609,10853,CCC(C)C(=O)OC1C(OC(C)=O)c2c(ccc3ccc(=O)oc23)OC1(C)C,85.5,85.5
7610,10854,COc1c2ccoc2cc2oc(C)cc(=O)c12,144.5,144.5
7611,10855,CC1=C2N=C(C=C3N=C(C(C)=C4[N-]C(C)(C5N=C1C(C)(CCC(=O)NCC(C)OP(=O)([O-])OC1C(CO)OC(n6cnc7cc(C)c(C)cc76)C1O)C5CC(N)=O)C(C)(CC(N)=O)C4CCC(N)=O)C(C)(CC(N)=O)C3CCC(N)=O)C(C)(C)C2CCC(N)=O.[C-]#N.[Co+3],>300,300.0
7612,10856,C=C1CCC(O)CC1=CC=C1CCCC2(C)C1CCC2C(C)C=CC(C)C(C)C,116.5,116.5
7613,10857,C=C1CCC(O)CC1=CC=C1CCCC2(C)C1CCC2C(C)CCCC(C)C,84.5,84.5
7614,10858,Cc1c(C)c2c(c(C)c1O)CCC(C)(CCCC(C)CCCC(C)CCCC(C)C)O2,3.0,3.0
7615,10859,CC(=CCC1=C(C)C(=O)c2ccccc2C1=O)CCCC(C)CCCC(C)CCCC(C)C,-20,20.0
7616,10860,CC(=O)Oc1c(C)c(C)c2c(c1C)CCC(C)(CCCC(C)CCCC(C)CCCC(C)C)O2,-27.5,-27.5
7617,10861,CN1CCC23C(=O)CC4C(=CCOC5CC(=O)N(c6c(O)cccc62)C3C54)C1,282,282.0
7618,10862,CC(=O)CC(c1ccccc1)c1c(O)c2ccccc2oc1=O,161,161.0
7619,10863,c1ccc2c(c1)Cc1ccccc1O2,101(1),101.0
7620,10864,OC1c2ccccc2Oc2ccccc21,125,125.0
7621,10866,O=c1c2ccccc2oc2ccccc12,176.4(4),176.4
7622,10867,Nc1nc2ncc(=O)[nH]c2c(=O)[nH]1,>410 dec,410.0
7623,10869,COc1c2c(cc3oc(=O)ccc13)OC(C)(C)C=C2,133,133.0
7624,10870,CC1(C)C=Cc2cc3ccc(=O)oc3cc2O1,131.5,131.5
7625,10871,O=C=Nc1ccc(-c2ccccc2)cc1,56,56.0
7626,10872,Cc1cccc(OCC(O)CNC(C)(C)C)c1C,57,57.0
7627,10876,Cc1cccc(O)c1C,72.7(3),72.7
7628,10877,Cc1ccc(O)c(C)c1,25(1),25.0
7629,10878,Cc1ccc(C)c(O)c1,74.9(2),74.9
7630,10879,Cc1cccc(C)c1O,45.4(4),45.4
7631,10880,Cc1ccc(O)cc1C,65.1(2),65.1
7632,10881,Cc1cc(C)cc(O)c1,63.4(3),63.4
7633,10882,Cc1cc(C2(c3cc(C)c(O)c(CN(CC(=O)O)CC(=O)O)c3)OS(=O)(=O)c3ccccc32)cc(CN(CC(=O)O)CC(=O)O)c1O,286 dec,286.0
7634,10884,OC1O[C@H](CO[C@@H]2OC[C@@H](O)[C@H](O)[C@H]2O)[C@@H](O)[C@H](O)[C@H]1O,210,210.0
7635,10888,CNC(=O)Oc1cc(C)cc(C)c1,99,99.0
7636,10889,COC(=O)C1C(O)CCC2CN3CCc4c([nH]c5ccccc45)C3CC21,241,241.0
7637,10890,COC(=O)C1C(O)CCC2CN3CCc4c([nH]c5ccccc45)C3CC21.Cl,302,302.0
7638,10891,CC1CCCC(=O)CCCC=Cc2cc(O)cc(O)c2C(=O)O1,164,164.0
7639,10892,Cc1cn(C2CC(N=[N+]=[N-])C(CO)O2)c(=O)[nH]c1=O,121,121.0
7640,10894,CCCCN(CCCC)C(=S)[S-].CCCCN(CCCC)C(=S)[S-].[Zn+2],138,138.0
7641,10895,[CH2-]C.[CH2-]C.[Zn+2],-33.34(2),-33.34
7642,10896,S=C([S-])NCCNC(=S)[S-].[Zn+2],157 dec,157.0
7643,10898,CC(=O)C=C(C)O.CC(=O)C=C(C)O.[Zn],127.3(2),127.3
7644,10900,CN(C)C(=S)[S-].CN(C)C(=S)[S-].[Zn+2],250,250.0
7645,10901,Cl[Zr](Cl)(C1C=CC=C1)C1C=CC=C1,248,248.0
