{
  "learning_rate": 0.0009421405969075347,
  "weight_decay": 0.00015146313546594785,
  "batch_size": 64,
  "dropout_rate": 0.3032717778154737
}