{
  "learning_rate": 0.0004956214321744061,
  "weight_decay": 6.0126827037546755e-06,
  "batch_size": 32,
  "dropout_rate": 0.23406651920713778
}