{
  "learning_rate": 0.0008958902687576063,
  "weight_decay": 1.0857523690726949e-06,
  "batch_size": 16,
  "dropout_rate": 0.35652760981294657
}