{
  "learning_rate": 0.00019083864094777392,
  "weight_decay": 0.00014493847383236058,
  "batch_size": 32,
  "dropout_rate": 0.23942766111304598
}