{
  "learning_rate": 0.0009628679838622033,
  "weight_decay": 1.137981512568195e-06,
  "batch_size": 32,
  "dropout_rate": 0.20509723092012022
}