{
  "learning_rate": 0.0009623573786290435,
  "weight_decay": 0.00010642267644671771,
  "batch_size": 32,
  "dropout_rate": 0.2043423471912558
}