{
  "learning_rate": 0.0009627537794837015,
  "weight_decay": 0.000805525679287793,
  "batch_size": 16,
  "dropout_rate": 0.32566416033778345
}