{
  "learning_rate": 0.0009198408813460701,
  "weight_decay": 0.00015280171597390247,
  "batch_size": 32,
  "dropout_rate": 0.38096322791611414
}