{
  "learning_rate": 0.00048733791518309767,
  "weight_decay": 0.0007133987119024935,
  "batch_size": 16,
  "dropout_rate": 0.2538567572092167
}