{
  "learning_rate": 0.000763257136709472,
  "weight_decay": 2.7005539447973026e-05,
  "batch_size": 16,
  "dropout_rate": 0.21583898890835226
}