{
  "learning_rate": 0.0007941579115630913,
  "weight_decay": 0.00038653646415890097,
  "batch_size": 16,
  "dropout_rate": 0.3341242935329101
}