{
  "learning_rate": 0.0008703233634148942,
  "weight_decay": 0.0007870632967901192,
  "batch_size": 32,
  "dropout_rate": 0.20215296315071646
}