{
  "learning_rate": 0.0009625903440736329,
  "weight_decay": 0.0001249458522195325,
  "batch_size": 32,
  "dropout_rate": 0.20164353197608195
}