{
  "learning_rate": 0.0005379254821112719,
  "weight_decay": 1.0500448112267149e-06,
  "batch_size": 32,
  "dropout_rate": 0.36897159729501955
}