{
  "learning_rate": 0.0009859171106465327,
  "weight_decay": 0.000535875380938952,
  "batch_size": 32,
  "dropout_rate": 0.20097191897348396
}