{
  "learning_rate": 0.0004671174423763348,
  "weight_decay": 0.00011392942039660975,
  "batch_size": 16,
  "dropout_rate": 0.29935291011723447
}