{
  "learning_rate": 0.00014059915993851907,
  "weight_decay": 4.401803727580555e-06,
  "batch_size": 64,
  "dropout_rate": 0.35878643752307193
}