{
  "learning_rate": 0.0007696620262036246,
  "weight_decay": 7.562562951472516e-06,
  "batch_size": 16,
  "dropout_rate": 0.4744293543241538
}