{
  "learning_rate": 0.0009685192624378239,
  "weight_decay": 0.00011013733265565741,
  "batch_size": 16,
  "dropout_rate": 0.3271816853538033
}