{
  "learning_rate": 0.00010340378913630968,
  "weight_decay": 5.362624054810425e-05,
  "batch_size": 64,
  "dropout_rate": 0.20159285917872918
}