{
  "learning_rate": 0.0005926078828465644,
  "weight_decay": 7.768451355609599e-05,
  "batch_size": 16,
  "dropout_rate": 0.25337976695847986
}